loan_id,stage,loan_ecl,gross_exposure,current_pd_12m,origination_pd_12m,current_lifetime_pd,origination_lifetime_pd,current_ltv,current_dpd,remaining_months_to_legal_maturity,property_state,origination_date,primary_stage_reason,coverage_ratio,Base_scenario_ecl,Downside_scenario_ecl,Upside_scenario_ecl,average_lgd
RM000480,1,27.882941886124282,318139.61,0.0020160460512343606,0.0010243360311079474,0.037617731885651096,0.019283997621195814,57.21935431654676,0.0,228,WA,2015-03-01,No SICR trigger,8.764372938699549e-05,27.30742529002292,32.90795822430336,25.820909565209544,0.04419222358849202
RM000803,1,25.69724089051021,531117.89,0.0024636772861793025,0.0013826627730624125,0.0459824250136841,0.02605853312821127,57.04314058055152,0.0,229,CA,2015-04-01,No SICR trigger,4.8383308817765875e-05,25.167015189498866,30.327023677044984,23.797336939086176,0.02
RM002587,1,24.73560085278043,328969.28,0.0022918876478369233,0.0013442056780731634,0.044122508869688826,0.026106991278134317,52.855975443645086,0.0,236,CA,2015-11-01,No SICR trigger,7.519121801519104e-05,24.22516069211451,29.192552989774832,22.906638889171095,0.03336310150612135
RM003202,1,23.549870517630307,263935.29,0.0014760610618818604,0.0008420254006021171,0.02887184639600382,0.016568414036112533,59.98529318181818,0.0,238,WA,2016-01-01,No SICR trigger,8.922592548207672e-05,23.063617390784685,27.795288687277953,21.807804712779046,0.061478396842764425
RM003093,1,23.353445540982516,249510.43,0.0015629827370745504,0.0008683612220016235,0.030547120593530375,0.01708239233521147,59.8195352681388,0.0,238,WA,2016-01-01,No SICR trigger,9.359707143698368e-05,22.871270769676435,27.563283600700224,21.625972398847555,0.06082716909680576
RM003157,1,22.43806942184999,260255.53,0.0020486903658096913,0.0011864121108883202,0.039693849030139505,0.023172838524621042,52.20694763473054,0.0,237,TN,2015-12-01,No SICR trigger,8.621553371738149e-05,21.974948735590832,26.481735450852984,20.77873386333348,0.042718783800203795
RM003163,1,21.71675028173801,178980.23,0.002101824066300019,0.0011830180109783201,0.0408713350019152,0.023203637605689553,54.95007061403509,0.0,238,NJ,2016-01-01,No SICR trigger,0.000121336028463803,21.268544606607826,25.63022109974759,20.110832177470833,0.05873429281931381
RM002660,1,20.82692314877174,479826.69,0.002206438791103301,0.0014115394759938618,0.04251118464413195,0.02739757449617064,18.0,0.0,236,CA,2015-11-01,No SICR trigger,4.340509517878578e-05,20.39711300046707,24.57981226228143,19.28689090862361,0.02
RM001655,1,19.397702244975733,238498.09,0.002197900623860184,0.0012061326074501318,0.0414716614216839,0.02296427929724043,49.88195346405229,0.0,231,CA,2015-06-01,No SICR trigger,8.133273622851962e-05,18.99737398681705,22.893153939393383,17.96331607608869,0.03763382800188944
RM002065,1,18.871170159881082,357575.96,0.002687885306256411,0.0017469448675366435,0.05113081127149066,0.03352052291871488,33.79289292307692,0.0,234,DC,2015-09-01,No SICR trigger,5.277527650315497e-05,18.48185160914653,22.27066527732915,17.476114393301614,0.02
RM002476,1,18.83444124462975,249663.06,0.00212261165077078,0.0012622446520591443,0.04058822614133917,0.0243284912256736,43.965821886792455,0.0,234,TN,2015-09-01,No SICR trigger,7.543943923714527e-05,18.445718993775344,22.228532948612873,17.44165491855196,0.036098566012495704
RM002890,1,18.48395996107699,315830.84,0.0015320491729873661,0.000783718735936252,0.029703325797413638,0.015300911192324351,70.01176256157636,0.0,236,WA,2015-11-01,No SICR trigger,5.852487350848001e-05,18.10231662889779,21.8160544736523,17.11666440320173,0.038776133334008124
RM003112,1,17.96608102391933,319549.05,0.001497218692575737,0.0008245338421924702,0.029279878330896847,0.016226902164648727,62.81062407862407,0.0,238,TN,2016-01-01,No SICR trigger,5.622323403533614e-05,17.595140262283053,21.204744230984502,16.637121026695166,0.03812828077206107
RM000676,1,17.481718966542463,269963.49,0.0024566065139617257,0.0014144651390700902,0.04565777889854539,0.026535442713057633,40.108861371428574,0.0,228,ME,2015-03-01,No SICR trigger,6.475586371528411e-05,17.120998205964973,20.631419066719207,16.189193556972278,0.026777588629952807
RM003162,1,15.747778525882119,108891.31,0.0018426408471265425,0.001154167556015701,0.03562208362740793,0.022455767688356443,36.562045693430655,0.0,236,LA,2015-11-01,No SICR trigger,0.00014461924028540127,15.422702661656716,18.586076025726467,14.583084757266654,0.07984741129340234
RM001133,1,15.130024554191815,230312.45,0.001657342240044649,0.0008533515435986029,0.03142591565481534,0.016299728253902357,51.93319950980392,0.0,231,GU,2015-06-01,No SICR trigger,6.569347229900864e-05,14.817658722185742,17.857297224811997,14.01090331163005,0.040213109337181495
RM001065,1,14.995016704506664,317956.36,0.0016572424619933903,0.000907593287663569,0.031424052197865926,0.017327230566808294,48.79905764988009,0.0,231,CA,2015-06-01,No SICR trigger,4.716061255861234e-05,14.685440212992738,17.69793807396572,13.885887224520422,0.02889709257108493
RM001619,1,14.859981716640768,263937.11,0.0013224656967426095,0.0006811953439865254,0.02515258028436962,0.0130318194918001,57.8809451754386,0.0,231,CA,2015-06-01,No SICR trigger,5.630122159267702e-05,14.553128831202416,17.539045002262437,13.760662976783253,0.0432591803576091
RM001798,1,14.037725197505276,307738.65,0.0010558760678940984,0.000552300365717062,0.0203034761811014,0.010669467680115008,64.3035985074627,0.0,233,WA,2015-08-01,No SICR trigger,4.561573659176472e-05,13.7477907947891,16.569003018363823,12.999067892321083,0.043887659820663935
RM003438,1,14.012568237444878,140687.94,0.0010942631630677963,0.0006016833891301916,0.022105451861500258,0.012212876336202938,60.29483142857143,0.0,245,PA,2016-08-01,No SICR trigger,9.960035122729693e-05,13.723160622820094,16.539255686220322,12.975792176633187,0.09238354716793003
RM001809,1,13.797415455378385,405348.83,0.0016140070932939008,0.001033854022110885,0.03087720855821885,0.01988403518984183,39.9964689943074,0.0,233,NY,2015-08-01,No SICR trigger,3.4038374935924655e-05,13.512554211303664,16.28453561886632,12.776841945041285,0.021414963434376703
RM001001,1,13.062821221622855,482183.83,0.0013804230590771134,0.0007540323993449492,0.026128960562525116,0.014353727889893975,50.08731257364341,0.0,230,CA,2015-05-01,No SICR trigger,2.7090956620471605e-05,12.793090036974862,15.417796745908877,12.096484119889674,0.02
RM001225,1,12.895997485788062,144297.68,0.0016585529725349393,0.000883867528355894,0.031314540486868436,0.016805471184641152,45.8087873015873,0.0,230,AL,2015-05-01,No SICR trigger,8.937078881509435e-05,12.629780805980323,15.220373429341143,11.942194082557121,0.054736303674830664
RM001980,1,12.667575324795859,357720.36,0.0015506316712971962,0.0009464116554977578,0.029807511408192155,0.018294354756152376,41.99325965217391,0.0,234,CA,2015-09-01,No SICR trigger,3.541194950378519e-05,12.406034149669543,14.9510802107725,11.730556139234526,0.023251571572778396
RM002254,1,12.533780832116232,157436.18,0.0016387409611062131,0.0009284935055625426,0.03160801887940912,0.01802697891681948,51.953939399999996,0.0,235,CA,2015-10-01,No SICR trigger,7.96118200537909e-05,12.275017284771467,14.793052917418816,11.606700484833953,0.049380544002751575
RM001400,1,12.53104648524244,243570.59,0.0015149901612990615,0.0008003085019206481,0.02876388576080713,0.015293947992110368,50.99759228125,0.0,231,MA,2015-06-01,No SICR trigger,5.1447288793127444e-05,12.272312401828785,14.790028469125211,11.60409387611764,0.03446602177276979
RM002273,1,12.22147566644084,136095.29,0.0011132879008908553,0.0005757257363335432,0.021577827594049248,0.011214518955771746,62.21498971428572,0.0,235,WA,2015-10-01,No SICR trigger,8.980087162781929e-05,11.969067437659229,14.425146889380132,11.31724059177627,0.08188334114055888
RM001950,1,12.051198483413609,349819.0,0.0017533018930097827,0.0008935762234044511,0.033499204657952086,0.017208245512098208,39.0,0.0,233,CA,2015-08-01,No SICR trigger,3.4449811140657336e-05,11.802450625459878,14.223087345960899,11.159958422473576,0.02
RM003159,1,11.844541566890786,145522.9,0.0014696478952384551,0.0008366615595212156,0.028748134185823337,0.016463700322536967,53.78020217391304,0.0,238,CA,2016-01-01,No SICR trigger,8.139297366181396e-05,11.599973368848126,13.979832016415994,10.968347447653267,0.056275090757101326
RM001825,1,11.523206141300571,212251.84,0.0018396517511834348,0.001108871672171842,0.035121219195154874,0.021312154642417758,45.426593062730625,0.0,233,IL,2015-08-01,No SICR trigger,5.429025322607602e-05,11.285335457453005,13.600097639230345,10.670955275199335,0.03000652727910641
RM003094,1,10.876738471840227,226857.25,0.0012891402199317482,0.000767486417849783,0.02525993371249846,0.015112303693544438,36.12376592356688,0.0,238,NY,2016-01-01,No SICR trigger,4.794529807550884e-05,10.652132280875087,12.83771744373709,10.0720781310349,0.03784827088006995
RM002635,1,10.731737928626972,165236.84,0.0016687224300887228,0.0008288507155579565,0.03231206079248472,0.01617524264653314,70.14771509433962,0.0,236,MD,2015-11-01,No SICR trigger,6.49476105245475e-05,10.510176729835015,12.666193580933745,9.937944720785763,0.039516283101869686
RM002989,1,10.671687374997958,464716.54,0.0011662586380063499,0.0008912793681792907,0.02278349546716607,0.01745645604871149,23.0,0.0,237,CA,2015-12-01,No SICR trigger,2.296386389646893e-05,10.45131405386021,12.595708459359717,9.882192660696768,0.02
RM000519,1,10.31776926289622,57903.67,0.0018942101459645858,0.000957618280044501,0.035535373433620676,0.01811717882692654,54.09421802631579,0.0,229,AL,2015-04-01,No SICR trigger,0.00017818852005229064,10.104788245483856,12.177352095565054,9.554688868091326,0.09563591020685627
RM001855,1,10.022942622949117,215366.25,0.0014123937287593706,0.0007561436187245176,0.027070215392725472,0.014580009277839423,59.22571875,0.0,233,MI,2015-08-01,No SICR trigger,4.6539059035243995e-05,9.815993484442135,11.82979410453403,9.28151795357864,0.033444171722364475
RM003113,1,10.01652005855719,153482.28,0.001860514490255945,0.0009544237029534157,0.036260812511458296,0.01876023697845164,41.24413691629956,0.0,238,IL,2016-01-01,No SICR trigger,6.52617361336904e-05,9.809752672127207,11.821844503886007,9.275706157406646,0.03564662745802574
RM001987,1,9.931647953575082,53889.46,0.0019915256031871656,0.0010407827370170358,0.038127593683286776,0.02010105715985122,60.22939647058823,0.0,234,NY,2015-09-01,No SICR trigger,0.00018429666865422444,9.726649898779629,11.721545152899058,9.197159024232768,0.09425874335990306
RM002691,1,9.890185795120935,82064.69,0.002210634401129219,0.001221620795880893,0.0425903621541468,0.023753239160140716,54.44676548076924,0.0,236,VA,2015-11-01,No SICR trigger,0.0001205169457792497,9.686075005566545,11.672374308138412,9.158850010880338,0.055402335218960375
RM000501,1,9.511447703727963,219015.08,0.0012187812960733147,0.0006656939909725256,0.02300387651160285,0.012627486288890433,45.5969961774744,0.0,229,CA,2015-04-01,No SICR trigger,4.342827764977628e-05,9.315039700340133,11.226241304525365,8.807804566888201,0.036217985691522715
RM000824,1,9.34886706648217,421446.69,0.0008384444012398864,0.0004487139861303011,0.015810801736753644,0.008491223259537661,52.30183742805755,0.0,228,NY,2015-03-01,No SICR trigger,2.2182798651193985e-05,9.15574804096732,11.034862259928833,8.657062976436592,0.026877643981176372
RM001395,1,8.70963946321119,115759.99,0.0010175845424424106,0.0005391566101163251,0.019490865842359706,0.010372337889358874,53.31052171052632,0.0,232,WA,2015-07-01,No SICR trigger,7.523877173115848e-05,8.529747407971247,10.28018604189412,8.065199452419202,0.07507406515547224
RM002919,1,8.669387543525854,195638.9,0.0009981466335022998,0.0005244272151338116,0.019530010339165238,0.010306672762873226,64.69334143426295,0.0,237,NC,2015-12-01,No SICR trigger,4.431320940531691e-05,8.490323607470925,10.232700266037348,8.027916840083465,0.045038403501004104
RM002167,1,8.313361902924495,211390.95,0.0021994823569478914,0.0016598378463270889,0.009859643311091792,0.007447604189117607,9.0,0.0,54,NY,2015-09-01,No SICR trigger,3.9326952752350534e-05,8.141792073375543,9.811418483910266,7.6986223524386155,0.02
RM000932,1,8.298956500928579,189592.41,0.0019367500341535401,0.0011885908578335666,0.036475184511283065,0.022537034063190187,31.598735,0.0,230,FL,2015-05-01,No SICR trigger,4.377261991093725e-05,8.127656208235079,9.79462583552142,7.685205521890744,0.023029293225608316
RM000895,1,8.274453820926121,357883.8,0.0010459251896282314,0.0005813983265836579,0.019943049850240313,0.01113273978446272,49.15142317596566,0.0,231,IL,2015-06-01,No SICR trigger,2.3120503976223908e-05,8.103556956578025,9.766476100951511,7.662232405643716,0.02246585293250786
RM000851,1,8.048546466028082,220315.0,0.0011423735976682956,0.0005779098890819319,0.02166977239772727,0.011018653077921159,57.977631578947374,0.0,230,MN,2015-05-01,No SICR trigger,3.653199494373094e-05,7.882325457804915,9.499758240473131,7.45306757910476,0.0325090211531012
RM001984,1,7.929948825359526,85237.63,0.0013197510406874776,0.000765054714103863,0.025316124049033495,0.014750625368013415,48.93271351851852,0.0,233,VT,2015-08-01,No SICR trigger,9.303342696599525e-05,7.766193516222684,9.359653473470175,7.3432897240870565,0.0717271715724927
RM002039,1,7.73597550904331,76992.52,0.001367315467099127,0.0007188371355784506,0.026217080507676127,0.01386541722843282,62.85103673469388,0.0,233,OH,2015-08-01,No SICR trigger,0.00010047697502359073,7.576230005215404,9.130676724590232,7.163678214767115,0.07472879300613154
RM002176,1,7.7033647360590765,159313.03,0.0009866099728467847,0.0004933076253715091,0.019064323967442842,0.009575730059149024,61.274242307692305,0.0,234,GA,2015-09-01,No SICR trigger,4.835363897139535e-05,7.544252064733609,9.092491445907141,7.1333679423775385,0.04977598854849298
RM002454,1,7.688827464668802,78110.41,0.0019071586735343105,0.0010583543956370596,0.036694022639915724,0.02052354772450371,55.79315,0.0,235,OR,2015-10-01,No SICR trigger,9.843537455082878e-05,7.530118853804189,9.074552845460556,7.1201928911084815,0.05252181538942441
RM000738,1,7.502254830076779,218845.19,0.0017425985396933943,0.0008934810758149509,0.03273579273563609,0.016913551272343508,17.0,0.0,229,VA,2015-04-01,No SICR trigger,3.428110451080409e-05,7.347380348126769,8.85448275728415,6.947371467468187,0.02
RM001925,1,7.468438564824034,83576.29,0.0014020860209931808,0.0007513269385446228,0.026875197984587484,0.014487775150193727,58.58151168224298,0.0,233,MD,2015-08-01,No SICR trigger,8.936073334702982e-05,7.314228525046795,8.814824193607965,6.915963421424947,0.06476174236607603
RM002793,1,7.4669264043039,198937.05,0.001110751442077347,0.0006564481469438103,0.021800994501596782,0.012939387029675342,46.80871764705882,0.0,238,GA,2016-01-01,No SICR trigger,3.753411646701256e-05,7.312710901046889,8.813315073505787,6.914461836405684,0.034283666511971914
RM002496,1,7.439973793749998,139929.25,0.0009350111515200211,0.0005126642490048318,0.018075882140350052,0.009949687335802038,54.5486906779661,0.0,234,MT,2015-09-01,No SICR trigger,5.316953956195719e-05,7.286298371178841,8.78162707449716,6.889457643009981,0.05787732102072972
RM000553,1,7.428664340763457,370399.86,0.0010196218695460021,0.0005236497154026724,0.01919606199478774,0.009902593696693107,24.0,0.0,228,CA,2015-03-01,No SICR trigger,2.0055796837405548e-05,7.275233966743653,8.768192175233924,6.87901662834614,0.02
RM000007,1,7.427251823626459,118338.65,0.0012734181359251096,0.0006775903235314678,0.023815991472637132,0.012740241998315693,47.180768954248364,0.0,227,OH,2015-02-01,No SICR trigger,6.27626884676009e-05,7.273874985742573,8.766341912013099,6.877775881007832,0.050163225401790246
RM002124,1,7.156814546785293,287672.22,0.0012655857924532765,0.0006543928950172981,0.02428917322491375,0.012629853359597987,17.0,0.0,233,CA,2015-08-01,No SICR trigger,2.4878365199063344e-05,7.009021332785116,8.447154301185133,6.6273429269018145,0.02
RM002917,1,7.064251565665364,273825.03,0.0010865857150728622,0.0006871446982438023,0.02124285876905696,0.013484037378754476,33.0,0.0,237,CA,2015-12-01,No SICR trigger,2.5798414285448496e-05,6.918358319905327,8.337989218167559,6.541596084098573,0.02413605015995944
RM002280,1,7.030950755179643,87050.76,0.0012803201133704568,0.0007170208310012705,0.024672764613411502,0.013889558740327601,42.761776842105256,0.0,234,VT,2015-09-01,No SICR trigger,8.076840173686759e-05,6.88575582073683,8.298604592615906,6.510788250738891,0.06413245326429726
RM002049,1,6.999686159125526,219810.51,0.0012458141318903207,0.0006367851240495064,0.02401544810146028,0.012344439681904906,47.97167482084691,0.0,234,MN,2015-09-01,No SICR trigger,3.184418324276453e-05,6.855134603773025,8.261720092582852,6.481830425584022,0.025965238591939124
RM002078,1,6.960208834366711,324542.96,0.001090867098362445,0.0007738088559760317,0.0210586235290654,0.014981753692353883,18.678731510791366,0.0,234,MI,2015-09-01,No SICR trigger,2.1446186459773183e-05,6.81645840199947,8.215231217190748,6.445234733382814,0.02
RM000664,1,6.957787019454641,169427.68,0.0014239532512464609,0.0008149114194097816,0.02682673533453106,0.015437172355509787,39.15661937777778,0.0,229,MI,2015-04-01,No SICR trigger,4.106641263962678e-05,6.814118777593238,8.212130990320464,6.443080925015367,0.02926673572200136
RM000878,1,6.73297220039616,317008.26,0.0009259394289028754,0.0005049350792116606,0.017750361518806268,0.009717025270528201,55.49545079136691,0.0,232,VA,2015-07-01,No SICR trigger,2.1239106515382785e-05,6.5939078845174155,7.947073566059104,6.234791515854587,0.023278432361554455
RM000633,1,6.712768233416032,262064.18,0.0013031120110215634,0.0008084546146728489,0.024576884670988508,0.015315751089994278,10.0,0.0,229,CA,2015-04-01,No SICR trigger,2.5614978107332455e-05,6.5741535408812535,7.922983508170724,6.216171706821571,0.02
RM001850,1,6.632192252843672,142955.29,0.0008057665912422798,0.00045773088962266535,0.015529758060189303,0.008850246744999235,50.50051005434783,0.0,233,IN,2015-08-01,No SICR trigger,4.63934720627944e-05,6.495193529706348,7.828240555101954,6.141424395292244,0.05850040173471286
RM000692,1,6.621860239923425,245482.45,0.0013706428221895246,0.0007245360084842536,0.025834796056611875,0.013736356795440274,14.0,0.0,229,CA,2015-04-01,No SICR trigger,2.697488248110374e-05,6.485125451722517,7.815665769679538,6.13199637141955,0.02
RM002541,1,6.524777790763685,151199.21,0.0021970651993102864,0.001159132261330843,0.04180753131984394,0.02226786673102843,12.0,0.0,233,TX,2015-08-01,No SICR trigger,4.3153517738377634e-05,6.390123381959964,7.700512080434128,6.0423048427216255,0.02
RM000815,1,6.296828334104058,126059.54,0.0012216961924917558,0.0007248651735883226,0.022958761349047063,0.01368295784125706,30.74622926829268,0.0,228,NY,2015-03-01,No SICR trigger,4.995122411286015e-05,6.166789200992744,7.432155976933301,5.830965302867496,0.04158320001554684
RM001625,1,6.2193663053107935,167226.84,0.0007593116945683807,0.0004227806499213412,0.014578294752609189,0.008142159161245943,47.887685999999995,0.0,232,TN,2015-07-01,No SICR trigger,3.719119673200064e-05,6.090886106864264,7.341033776752233,5.759121642628771,0.04970439433248916
RM000063,1,6.042456681271698,83224.01,0.0008490471303342093,0.0004250239141509458,0.015939562648879968,0.008009496469843391,42.69753556521739,0.0,227,LA,2015-02-01,No SICR trigger,7.260472886696637e-05,5.917638534909042,7.132162484276841,5.595324192319836,0.08689822026963831
RM000624,1,6.005761136579464,266278.74,0.0008556434612568381,0.00044437495836930393,0.01620281804370327,0.008446169186759112,32.0,0.0,229,NY,2015-04-01,No SICR trigger,2.2554414733145665e-05,5.881704878480847,7.088820104524952,5.561354755744295,0.02675574079550551
RM003459,1,5.940124692704615,114545.91,0.001044548057670163,0.000553435782133995,0.02042904683022584,0.01087383024627564,60.779462448979594,0.0,237,TX,2015-12-01,No SICR trigger,5.185802524686054e-05,5.817437066168201,7.011250598144907,5.500610613024529,0.05042480221642276
RM000672,1,5.872492983120031,301058.52,0.0008527318015135902,0.0005268510565237625,0.016148105912030974,0.010006324006357148,36.37467979434447,0.0,229,CA,2015-04-01,No SICR trigger,1.9506151106834747e-05,5.751188195710948,6.931528915149306,5.437944292240756,0.02327428229906386
RM000437,1,5.601458959035735,231155.04,0.00047445855773013733,0.0002460503937591659,0.00901551375653209,0.004685030282464364,54.389421176470584,0.0,229,WA,2015-04-01,No SICR trigger,2.423247599981266e-05,5.485723714234598,6.611835341388426,5.186885851609583,0.05184727324761094
RM001689,1,5.551404091342919,161364.74,0.0017483526102803364,0.0008847956999837912,0.03312421250183917,0.016895499479371412,11.0,0.0,231,NC,2015-06-01,No SICR trigger,3.440283231233118e-05,5.436802095744187,6.552007633009575,5.140809028793726,0.02
RM003456,1,5.465405609278773,175027.84,0.0008428347681275084,0.0004492492678736685,0.016515110741567307,0.008835403040754808,62.50994285714285,0.0,237,FL,2015-12-01,No SICR trigger,3.122592159783708e-05,5.352529307612295,6.4508814638443175,5.061034156411263,0.037600064879010804
RM002549,1,5.203354117716938,308949.0,0.0008563943329690909,0.00048761130523328834,0.016497842605927238,0.009425395091373301,18.0,0.0,233,MA,2015-08-01,No SICR trigger,1.6842113480596918e-05,5.095872038651076,6.141713493857677,4.818321788541374,0.02
RM001092,1,5.127441043039127,303790.21,0.0006741897823153318,0.0003819417706938751,0.012843142546180908,0.00729520880786505,41.771153875,0.0,230,UT,2015-05-01,No SICR trigger,1.6878230022748682e-05,5.021513556674829,6.052211811562846,4.747988807455824,0.025416175903388932
RM003083,1,5.1258736861490934,57246.65,0.0007536460320008021,0.00040173736776058635,0.014779811115655406,0.007904501017505061,63.60738888888889,0.0,237,PA,2015-12-01,No SICR trigger,8.95401510158078e-05,5.019983704200399,6.050323270138647,4.746551587727182,0.12082800331037885
RM001920,1,5.055176503431634,320740.82,0.0008011160759972435,0.0005927322250666126,0.015440787354644159,0.01144628330904962,16.92157803357314,0.0,233,NY,2015-08-01,No SICR trigger,1.5760939014346953e-05,4.950750487976173,5.966849515509445,4.681095784153462,0.02
RM003471,1,5.048598364767338,183836.84,0.001050433011395839,0.0005644071231193557,0.020543012997734644,0.01108825466027219,12.0,0.0,237,CA,2018-12-01,No SICR trigger,2.746238656390818e-05,4.944325355405502,5.95895642116009,4.675051685872964,0.026540713100821997
RM002836,1,5.047566195483016,84519.05,0.0009252763377577252,0.0004830898994462603,0.018192294737625958,0.009537821736596896,62.60670370370371,0.0,238,IL,2016-01-01,No SICR trigger,5.9721047450048434e-05,4.943304552693568,5.957812901517478,4.674068414073966,0.06552073605736705
RM001589,1,5.026182054674078,445366.2,0.0005741709891684735,0.0003574443980250459,0.011042407230150486,0.006887995327558016,18.0,0.0,232,CO,2015-07-01,No SICR trigger,1.1285504051888262e-05,4.922350608306191,5.932658955521375,4.654234832273453,0.02
RM001271,1,4.639866100641197,160121.69,0.0008811166053663163,0.00044990210568529576,0.01675358408851102,0.00858797489879648,51.848928190476194,0.0,230,IA,2015-05-01,No SICR trigger,2.8977124214971734e-05,4.544023308922861,5.476609719389078,4.296529353809257,0.03339122903401524
RM001817,1,4.579183236035028,74051.41,0.0008869462476110328,0.000530804561259754,0.017226960865562635,0.01034381343649271,38.97442631578947,0.0,235,PA,2015-10-01,No SICR trigger,6.183789391768541e-05,4.484594044760311,5.404982588758834,4.240337157773031,0.07081512893720684
RM002764,1,4.463367569802275,59498.02,0.001101032972376106,0.0005825484887659099,0.021432565091072497,0.01139470820773858,41.57692963855421,0.0,236,VT,2015-11-01,No SICR trigger,7.501707737168858e-05,4.3711841900540795,5.268179690590721,4.133128731655998,0.06922118133493521
RM000576,1,4.344736746059694,136439.14,0.0009395651473426012,0.0005144649939235991,0.017701582670953897,0.009729707264610088,40.17374677777778,0.0,228,MD,2015-03-01,No SICR trigger,3.184377112066005e-05,4.254995131589872,5.1282207275183875,4.023252183679805,0.034423591207186605
RM003182,1,4.3141315221783625,63740.5,0.0007818974628245746,0.00042509688452035054,0.015393981324854034,0.008397423731830722,60.553475000000006,0.0,238,TN,2016-01-01,No SICR trigger,6.768273738327065e-05,4.225011116722889,5.092178745757137,3.994881336523235,0.08798475060263053
RM002404,1,4.261396258070704,80247.68,0.0012937256856992547,0.0007363520817466379,0.02503320411045984,0.014321990472386248,44.753513846153844,0.0,235,OK,2015-10-01,No SICR trigger,5.3103046194864506e-05,4.173395889644175,5.0297025246294425,3.9461331314320343,0.04165303889724384
RM003299,1,4.212939799174056,255479.55,0.0008378177197065673,0.00044196997674423043,0.01641757366798502,0.008692833493056384,20.0,0.0,237,MA,2015-12-01,No SICR trigger,1.6490321042032744e-05,4.125914480817348,4.972702008030394,3.9011908527919257,0.02
RM002195,1,4.054027274352995,72389.05,0.0008688123666664567,0.0004393828131899832,0.016877587961805385,0.008569541346927778,53.732078350515465,0.0,235,OH,2015-10-01,No SICR trigger,5.6003321971389246e-05,3.970285385228273,4.785124973964795,3.754039808644364,0.06527746009858473
RM000062,1,3.9786912242128585,62725.97,0.0010915916396448948,0.0005698135822232671,0.020448586735278718,0.01072412785622523,43.83260554216868,0.0,227,RI,2015-02-01,No SICR trigger,6.342972813673281e-05,3.8965175950147746,4.696112141137551,3.68431178696693,0.05901983781904859
RM001103,1,3.8511095801152706,186311.12,0.0006904018199110848,0.0003882562522433832,0.013150044221198143,0.007415392459245607,38.62547609756098,0.0,230,AR,2015-05-01,No SICR trigger,2.0670315223886104e-05,3.771549382267076,4.545687549741117,3.566110244143066,0.030392350190822443
RM001626,1,3.835642608010009,257739.25,0.0005157385984319365,0.0002927535098043863,0.009923947722435988,0.00564473808735555,43.44747357142857,0.0,232,SC,2015-07-01,No SICR trigger,1.4881872310911159e-05,3.75639252293176,4.527501758626849,3.551761894054767,0.029274477877963247
RM002998,1,3.7055328660227587,54995.24,0.0015235353333757124,0.0008443636202965388,0.02966389509127243,0.016544831524657133,29.81669638554217,0.0,237,CA,2015-12-01,No SICR trigger,6.737915619647735e-05,3.6290243522479546,4.3735227639040914,3.4314289081177622,0.04489286450978939
RM002880,1,3.6743998257580794,78352.94,0.0007121682551547101,0.00042267587678020927,0.01403034661589564,0.008349788959151838,43.094117000000004,0.0,238,NY,2016-01-01,No SICR trigger,4.6895493975823744e-05,3.5984911647249165,4.337100154790937,3.4024802430569725,0.06683156986245109
RM000282,1,3.5930383783374964,113291.21,0.0016131794072027444,0.0008361933111065704,0.030078964496324523,0.01570005603222424,13.0,0.0,227,TX,2015-02-01,No SICR trigger,3.1715067553232916e-05,3.5188577116644746,4.24071030802806,3.3272700617683184,0.02
RM000882,1,3.5886517078480606,215581.1,0.0006095843349939159,0.000350171788927873,0.011619231541058483,0.00669032081951737,39.40729784946237,0.0,230,IL,2015-05-01,No SICR trigger,1.6646411526094173e-05,3.514511873782984,4.235906568158154,3.323070565075269,0.027777546275710635
RM000345,1,3.5592835321918854,266771.71,0.0006782814356293379,0.000356163827907346,0.012808977602868254,0.006745464640713683,12.0,0.0,228,CA,2015-03-01,No SICR trigger,1.3342057642438493e-05,3.485752476273899,4.201226133835054,3.2958814521811344,0.02
RM002295,1,3.533798200734867,142337.91,0.0005818695584073543,0.00029912310214400234,0.011333547912499964,0.005841574960038787,61.88604782608696,0.0,235,MN,2015-10-01,No SICR trigger,2.4826823723454046e-05,3.460787786755202,4.1711883506585945,3.2722659719925065,0.04329290118408443
RM002636,1,3.4856059996995876,74476.57,0.0005910118971173165,0.0003041374004543047,0.011656728874793076,0.0060148140581658405,62.06380833333334,0.0,238,NY,2016-01-01,No SICR trigger,4.680137658997437e-05,3.413595963642295,4.114268440848871,3.2276533875605256,0.0803233356104933
RM000406,1,3.301420819979321,151682.57,0.0012327602127428553,0.0008944607038707603,0.005024212347510937,0.0036473478466362286,5.305768909465021,0.0,49,CA,2015-04-01,No SICR trigger,2.1765327552001004e-05,3.233240588004681,3.8966783133032674,3.057166966867876,0.02
RM002500,1,3.2732213563621597,86221.25,0.0016290513767630447,0.0008486892634449932,0.03142394405565385,0.01648975213234294,10.0,0.0,235,CA,2015-10-01,No SICR trigger,3.796304688649445e-05,3.205643556746269,3.8632436452321186,3.0311092161402153,0.023686844424754463
RM003341,1,3.1867988258279025,111419.4,0.0010288178358354237,0.0005710473458201055,0.020208407589000887,0.01126507581730607,16.0,0.0,238,OH,2016-01-01,No SICR trigger,2.8601830792733605e-05,3.120977963384948,3.7614480285282172,2.9510037435021426,0.028247360920395197
RM002491,1,3.12851475503693,142821.15,0.0009749475008971032,0.0005389580726737734,0.01892074743030958,0.010501906680514317,12.0,0.0,235,CA,2015-10-01,No SICR trigger,2.1905122280817163e-05,3.0638954508907603,3.692671006232325,2.8970259586725513,0.022829002547738425
RM002339,1,3.1191394311344323,65500.79,0.001073845332407263,0.0005387715626341586,0.020733282838881206,0.01045385134331478,62.381704761904764,0.0,234,CO,2015-09-01,No SICR trigger,4.7619874983712904e-05,3.0547174947207414,3.681577100381763,2.88835461704877,0.04504055370776023
RM002594,1,3.01650466835876,116421.26,0.0009474033326861518,0.00047903258354401064,0.018468426591354947,0.0093789718278936,61.27434736842105,0.0,236,CO,2015-11-01,No SICR trigger,2.591025615389114e-05,2.9542011415052283,3.5604458132829366,2.7933099715835317,0.027790660323841962
RM000767,1,2.9845473373903566,247000.3,0.00044636747044928703,0.00027840500859157294,0.008483887885451735,0.005299542897961862,29.9394303030303,0.0,229,CT,2015-04-01,No SICR trigger,1.2083172924852142e-05,2.9228797618274176,3.5229069654784024,2.7636506656320656,0.027466066395838713
RM003044,1,2.9402976245899817,109875.79,0.001134397076984394,0.0006644222526530496,0.022167664364055595,0.013040921415652384,9.0,0.0,237,CA,2015-12-01,No SICR trigger,2.6760195531608755e-05,2.8795728183418894,3.470461495653263,2.722754616858808,0.023925052285514184
RM001527,1,2.9293734470015727,124459.58,0.0011989555691062327,0.0008435602495133105,0.022926807869847354,0.016183333776775832,16.335319875,0.0,232,TX,2015-07-01,No SICR trigger,2.353674539960341e-05,2.868876859334979,3.457548005661523,2.712645877246157,0.02
RM000812,1,2.84913008620472,195161.43,0.0007439086159875212,0.0004744531349364406,0.014101172891104685,0.009015411155838593,10.912251999999999,0.0,229,NY,2015-04-01,No SICR trigger,1.4598837927169934e-05,2.7902729228790437,3.3629698080870165,2.6382902935519628,0.02
RM003332,1,2.776546005767395,146844.64,0.0008314387800379354,0.0004932073662698207,0.016361730261249985,0.009736648047371621,12.0,0.0,238,HI,2016-01-01,No SICR trigger,1.8908051432911647e-05,2.7191910116068874,3.27727468975089,2.5710850814531154,0.023089998643225865
RM002657,1,2.723269077154452,74818.87,0.0010716329718349763,0.0005995349803104014,0.02086597810312829,0.011725109360824937,28.470897433628316,0.0,236,GA,2015-11-01,No SICR trigger,3.639815834099676e-05,2.667023698555536,3.2143214854979263,2.521775634859744,0.034491174054250014
RM001965,1,2.618613402157965,231711.77,0.0005416852473665829,0.0002757869750077098,0.01046542391424543,0.005341286631104336,27.0,0.0,233,MD,2015-08-01,No SICR trigger,1.1301166972044471e-05,2.5645098239372355,3.090942734805372,2.4248089515055917,0.02119174752749572
RM003126,1,2.6146247561825082,115630.09,0.0007412562064312189,0.00040506645247728366,0.014538518791450739,0.007969754902592885,15.0,0.0,237,TN,2015-12-01,No SICR trigger,2.2611975448453843e-05,2.560611199575038,3.0861774558004753,2.4211365180268305,0.030973747434111337
RM000131,1,2.507842684938238,90013.2,0.000837816051980828,0.00046987524065363284,0.01586778328115135,0.008928792591267998,41.1924813559322,0.0,229,OR,2015-04-01,No SICR trigger,2.7860832466107615e-05,2.4560391458237625,2.96010631949126,2.322267848915824,0.033769290268329206
RM001155,1,2.4572020459667976,104620.8,0.0007848536037658088,0.0004690039979351047,0.014936264471679395,0.008951050621937684,23.81025103448276,0.0,230,NC,2015-05-01,No SICR trigger,2.3486744949061732e-05,2.4064418249215063,2.9003537939950466,2.2753669248448465,0.03039958023645475
RM002862,1,2.455912024178912,179450.44,0.0006499365324883148,0.00034614179802773347,0.012704844024431727,0.006785507574208927,14.0,0.0,236,CA,2015-11-01,No SICR trigger,1.3685739774050773e-05,2.405174094600735,2.8988638568852365,2.274160337099566,0.021384737175772602
RM002949,1,2.4385024085691276,39568.98,0.0019066079807255644,0.0011512177196491878,0.03698996864080184,0.022492825370980962,9.0,0.0,237,CA,2015-12-01,No SICR trigger,6.162661783470605e-05,2.388167153456795,2.877991137670458,2.2581578474422237,0.03285930613784898
RM000499,1,2.410812323684648,103157.82,0.001225840212596277,0.0007649649038371936,0.011079708386128151,0.006926987270953311,11.698309484536082,0.0,109,GA,2015-04-01,No SICR trigger,2.33701363957153e-05,2.3610255002181897,2.8454843898110296,2.2324517439529394,0.02
RM003037,1,2.4062849358293663,43302.54,0.001964675936949883,0.0011800195760122987,0.03809589551716397,0.023049357691894645,6.0,0.0,237,CA,2015-12-01,No SICR trigger,5.556914065154991e-05,2.3566168346266663,2.8399511769223316,2.228328952672558,0.028731282499011794
RM003200,1,2.3936947164152884,126085.16,0.0009666296521375821,0.0006142452168447791,0.01883984619992507,0.012011150807384463,7.0,0.0,236,CA,2015-11-01,No SICR trigger,1.8984745836982625e-05,2.3442530131618726,2.825343447803246,2.216577414579081,0.02
RM002554,1,2.358529499223517,109900.88,0.000606481212783612,0.0003790737105609509,0.011860189068581883,0.007428798735082398,27.108883733333336,0.0,236,ME,2015-11-01,No SICR trigger,2.1460515140766088e-05,2.3098019327581576,2.7839286371779646,2.1839805087973825,0.035927384737986796
RM002975,1,2.33775808821332,136144.79,0.0008321569929810824,0.0005011517311339391,0.016307511736634916,0.009851381729617303,9.0,0.0,237,CA,2015-12-01,No SICR trigger,1.717111678098971e-05,2.2894669370478637,2.759356108073661,2.164766421292355,0.02094511110370609
RM000463,1,2.3362434150042195,43746.39,0.0020476463264511024,0.0014157425405523947,0.03819655352723883,0.026559102503299292,6.0,0.0,228,NY,2015-03-01,No SICR trigger,5.340425609985692e-05,2.288024224531819,2.757262682853784,2.16347612157302,0.02658526213069191
RM002527,1,2.3056874684545186,104970.37,0.0007263024700785724,0.0004079238078723203,0.01412784312585491,0.007958301397036127,20.0,0.0,235,CA,2015-10-01,No SICR trigger,2.1965126620536048e-05,2.2580557888610358,2.721524412357492,2.135060678459173,0.03072387569177568
RM002550,1,2.2702632008925194,85637.16,0.0010484317133112324,0.0005796527476616465,0.020247355937539235,0.01124282750177552,14.0,0.0,234,IL,2016-01-01,No SICR trigger,2.6510257940507595e-05,2.2233731703841966,2.6796373349661446,2.102285068386302,0.025682044338467814
RM002896,1,2.2511443222702665,30149.39,0.0023182683209317977,0.001481947862875456,0.04461945371109577,0.028745351938183394,8.0,0.0,236,CA,2015-11-01,No SICR trigger,7.466633063787581e-05,2.204689624136397,2.656767001367866,2.084692490069569,0.03273263339410779
RM002755,1,2.186676710370859,58813.08,0.00134637660304268,0.0007972481004533302,0.026257958333606224,0.015628517114977702,10.0,0.0,237,MA,2015-12-01,No SICR trigger,3.71801087508231e-05,2.141522428499392,2.580908247830465,2.0249090126286853,0.028050514458116595
RM003078,1,2.0963483580680076,196619.25,0.0005412489759556249,0.0003467656406896576,0.010635598977376204,0.00682640264283596,11.0,0.0,237,CA,2015-12-01,No SICR trigger,1.0661969049663284e-05,2.0530356656480935,2.4744725903889564,1.9411977085445098,0.02
RM002626,1,2.0744256059978707,59107.09,0.0007769189105576352,0.0004902264258495028,0.015169115827822766,0.009597134367546611,25.12051325,0.0,236,TN,2015-11-01,No SICR trigger,3.509605372211474e-05,2.031572649416997,2.4485445608841623,1.9209162004996774,0.04586431537542124
RM001210,1,2.05490376861217,94287.49,0.0006206748174708354,0.00034822031361638096,0.011829436210897604,0.006653154109093284,35.45209624,0.0,230,GA,2015-05-01,No SICR trigger,2.17940234554146e-05,2.0124493450645202,2.425537637673058,1.9028259009571467,0.03564189970113533
RM003354,1,2.0511406858149837,47213.29,0.0015642988127112251,0.0008575426473036383,0.03057246471261632,0.016871284454910263,13.0,0.0,238,NC,2016-01-01,No SICR trigger,4.3444137991971825e-05,2.008791367871094,2.4208902598937465,1.8994168459522003,0.02820582409742182
RM003091,1,2.0430865836356755,54412.78,0.0006429782018302703,0.0003457480304861568,0.012675483214426131,0.006835055684727198,59.14432608695652,0.0,238,FL,2016-01-01,No SICR trigger,3.7547917669997295e-05,2.0008773516573632,2.4115811666601488,1.8918861665835751,0.05928002727716575
RM001486,1,1.857231214482273,72127.38,0.0009791479244371764,0.0004881285058022144,0.01876124221895592,0.009395043327546038,17.0,0.0,232,NC,2015-07-01,No SICR trigger,2.574932313474124e-05,1.8188703087309075,2.1921396963936317,1.7198090369800398,0.026692692785755513
RM001899,1,1.8516438919084213,98670.1,0.000662094248876228,0.00038205699732139683,0.012886554690615504,0.007455448394376063,43.16816875,0.0,235,CO,2015-10-01,No SICR trigger,1.8766008060277848e-05,1.8133899267483908,2.185608428062114,1.7146117695159695,0.02876276604370517
RM003441,1,1.7267296532901837,81591.92,0.0006384392036557244,0.00033312315666850613,0.012481433459955005,0.006531092634371127,10.0,0.0,236,UT,2015-11-01,No SICR trigger,2.1162998165629437e-05,1.691055754370492,2.0381689869253754,1.5989402497164993,0.03367563992917219
RM001990,1,1.4787477883772764,90092.16,0.0008053537967253882,0.000547810405885707,0.01558795654728451,0.010628345640376513,7.0,0.0,234,CA,2015-09-01,No SICR trigger,1.6413723329280553e-05,1.4482006675350698,1.7454337444678887,1.3693204009164732,0.020701390836901392
RM001943,1,1.477242980705461,165675.86,0.0004131049885322558,0.00022990761624942812,0.008024839300446618,0.0044736771175621914,17.0,0.0,234,CA,2015-09-01,No SICR trigger,8.916464841078604e-06,1.4467196477763817,1.743712377072402,1.3679068046614309,0.021923483627608372
RM001952,1,1.4672886114230543,119678.77,0.0006236833536551122,0.0004154038091673993,0.012040555062503233,0.008034978627264877,16.622051388888888,0.0,233,TX,2015-08-01,No SICR trigger,1.2260224695015284e-05,1.4369746974188642,1.7319343256219244,1.3586995134497968,0.02
RM000558,1,1.3698830739583108,135439.11,0.00048650412680665086,0.00026209284760810627,0.009243394273711902,0.004989770261533244,10.0,0.0,229,CA,2015-04-01,No SICR trigger,1.0114383311868418e-05,1.3415788594740976,1.6169805000977684,1.2684952315944087,0.021113180066923084
RM000899,1,1.362453554565128,77242.91,0.0009966292786527833,0.0005616179100336414,0.004146073887274393,0.002337994608310412,4.0,0.0,50,TX,2015-05-01,No SICR trigger,1.76385580833908e-05,1.3343119946791984,1.6081421293328761,1.2616408379500137,0.02
RM001489,1,1.3089888121795992,117665.13,0.0006246774758452509,0.0003899990244279094,0.0027041188280325645,0.001688897611182627,5.0,0.0,52,NY,2015-07-01,No SICR trigger,1.1124696094582985e-05,1.2819449784099255,1.5450857162678182,1.2121139437292905,0.02
RM000604,1,1.2753560670015773,68597.9,0.0007306965292563391,0.00037031870132516164,0.006617592847628195,0.0033586980952320378,9.0,0.0,109,CA,2015-04-01,No SICR trigger,1.8591765447653316e-05,1.2490089914080138,1.5053724787166112,1.1809755224679188,0.02667132904059586
RM001425,1,1.1775034493286056,90978.24,0.000568174515906012,0.0003587220808169565,0.010927683403003208,0.006912535532861974,8.0,0.0,232,CA,2015-07-01,No SICR trigger,1.2942693212449544e-05,1.153175288616261,1.3898910956350334,1.0903571885606558,0.023162272748562
RM001781,1,1.1670740306671403,52853.79,0.0012374605282090524,0.0007160015030898936,0.005453908242913363,0.0031584741254777615,5.0,0.0,53,VA,2015-08-01,No SICR trigger,2.2081179621501887e-05,1.1429721253996354,1.377499553889297,1.0807293905990931,0.02
RM000618,1,1.1592964865406281,36955.6,0.00135736485383255,0.0008302157684107077,0.005530985670381128,0.0033857112457971184,4.0,0.0,49,NY,2015-04-01,No SICR trigger,3.136998145181321e-05,1.135356854626162,1.3683072706827308,1.0735318280433144,0.02615268907235665
RM001490,1,1.1278818558521921,55505.21,0.0007282445716227179,0.00046602376974831476,0.013985801284491783,0.008971407524038022,7.0,0.0,232,CA,2015-07-01,No SICR trigger,2.0320288056782276e-05,1.1045818312646734,1.3312973024414652,1.044416101987908,0.028430144730125013
RM002604,1,1.0075745187157532,51594.6,0.0006560884258522305,0.0003944810860793835,0.012824364954883039,0.007729630215330796,10.0,0.0,236,DE,2015-11-01,No SICR trigger,1.9528681658850988e-05,0.9867585220205284,1.189302146776874,0.9330081666247542,0.03023044361364051
RM003429,1,0.9877803936016293,58104.62,0.0008165546722059807,0.0004220749682817225,0.003940508872618653,0.002038379334505014,8.0,0.0,58,IL,2016-01-01,No SICR trigger,1.7000031901105784e-05,0.9673752628128872,1.1659234316000486,0.9146842463879262,0.02305438828699737
RM000201,1,0.9310397416449833,87425.31,0.0006069901311455605,0.0003718885064605361,0.002375274389026516,0.0014557735558726748,4.0,0.0,47,CA,2015-02-01,No SICR trigger,1.0649544641534395e-05,0.9118041029951637,1.0989695523892842,0.8621351622312942,0.02
RM002563,1,0.8678952974345215,43318.43,0.0002901860235188847,0.0001502224713599946,0.005691561344681517,0.0029502366723690443,58.01575446428572,0.0,236,IL,2015-11-01,No SICR trigger,2.0035243600345662e-05,0.8499611179798062,1.0244593784599034,0.8036552870047645,0.070017583319107
RM003117,1,0.8585670480975716,30734.61,0.0011084506120863085,0.000689509013394551,0.005254208743052269,0.0032709362558241972,5.6181545161290325,0.0,57,CA,2015-12-01,No SICR trigger,2.793486067002547e-05,0.8408344857572619,1.013381806082659,0.7950419506187515,0.027962370981318516
RM000236,1,0.8352380570151162,39079.11,0.0011085494952987186,0.0005586849137965459,0.00993281994743933,0.005016942221975795,9.0,0.0,108,MN,2015-03-01,No SICR trigger,2.13730061154186e-05,0.8179876829348347,0.985843490415755,0.7734400548681385,0.02021897379976769
RM001774,1,0.8311586946343329,41160.09,0.0006943964802043172,0.00046065587330204903,0.013396998958855932,0.008906561802534463,9.0,0.0,233,CA,2015-08-01,No SICR trigger,2.019331577346728e-05,0.8139878984212221,0.9810636782795137,0.7696496148659498,0.029563750709243258
RM002703,1,0.7250881350169743,61028.97,0.00047570522312536084,0.00024662842492564825,0.002218022443053025,0.001150412367096565,7.0,0.0,56,NJ,2015-11-01,No SICR trigger,1.1881048213937976e-05,0.7101062432015661,0.8558805688345303,0.6714220964709982,0.027708543280936786
RM002401,1,0.7058293942496896,45086.91,0.0007441699258198353,0.0004238602091118626,0.0034062341333922497,0.0019412178512144829,4.0,0.0,55,TN,2015-10-01,No SICR trigger,1.565486289146206e-05,0.691248010714216,0.8331285181794553,0.6535958799043126,0.02342411281861134
RM002068,1,0.6996480437701107,110068.88,0.0003563651862694137,0.00021119146989939333,0.0015729883108351883,0.0009324258555820641,6.0,0.0,53,CA,2015-08-01,No SICR trigger,6.356456464080589e-06,0.685190629781642,0.8258603444062301,0.6478616774187836,0.02
RM000773,1,0.6948264763843626,47190.78,0.0005189486102491408,0.00030975251417370903,0.009856938616460531,0.005894584520660273,5.0,0.0,229,WA,2015-04-01,No SICR trigger,1.472377605083795e-05,0.680470349927867,0.8201565581868344,0.6434015611673967,0.02884699235263726
RM001554,1,0.672966607921493,72167.05,0.0004695794313610838,0.0002780512417774555,0.002033252249140083,0.0012043304671063293,4.0,0.0,52,PA,2015-07-01,No SICR trigger,9.325122863155594e-06,0.6590615590947725,0.7943580426550566,0.62315796852238,0.022281454991286177
RM000464,1,0.6726910507184491,23242.76,0.0007657753255211071,0.00038343467998398854,0.014512803149034137,0.00729189915605255,18.594208,0.0,229,OH,2015-04-01,No SICR trigger,2.894196088237581e-05,0.6587946257914632,0.7940107649072932,0.6229108950691495,0.038372395954790424
RM003380,1,0.6520518894023357,78608.32,0.00040241815896090947,0.00022723224585043393,0.007951121099275205,0.004497142430858414,15.0,0.0,238,FL,2016-01-01,No SICR trigger,8.294947524668326e-06,0.6385784678613863,0.7696745747950119,0.6037897890131794,0.020943175127535546
RM000863,1,0.6334671986797892,78377.4,0.0002816458266901125,0.0001432173445704315,0.005407770881638352,0.0027533339264183,8.0,0.0,231,WA,2015-06-01,No SICR trigger,8.082268596301859e-06,0.6203767957915207,0.7477449234487321,0.5865779005649099,0.029123227888195522
RM001080,1,0.6243570445303823,40438.07,0.0006564540530610997,0.0003647510346624239,0.012615363200131013,0.00702832472049475,7.0,0.0,232,IL,2015-07-01,No SICR trigger,1.5439832923044605e-05,0.6114581319751189,0.7369670137587753,0.5781510018885111,0.02388506269126126
RM001829,1,0.5945316602503905,99533.52,0.0003015612296941489,0.000217845645569537,0.005839082824864561,0.0042213619745784525,13.015921846153848,0.0,233,VA,2015-08-01,No SICR trigger,5.973180293939072e-06,0.5822460288430121,0.7017840416534753,0.5505248728471275,0.02011920072501565
RM001012,1,0.5585997337700254,53620.89,0.0005284926268695452,0.0002834065786933077,0.010080962624160805,0.005417998710961935,12.0,0.0,230,NV,2015-05-01,No SICR trigger,1.0417576690167308e-05,0.5470583822172366,0.6593567761995025,0.5172574827703935,0.020049523943624817
RM001885,1,0.545806584031744,84387.93,0.0003623453551548572,0.00025050440477794594,0.001599368308406679,0.0011059210739702285,4.0,0.0,53,CA,2015-08-01,No SICR trigger,6.467827615059927e-06,0.53452817310241,0.6442664494739527,0.5054073472682381,0.02
RM001402,1,0.5382875348844851,34964.02,0.0006427386926714986,0.0003383772678619933,0.0027822188986948992,0.0014654747731907003,4.0,0.0,52,CA,2015-07-01,No SICR trigger,1.5395470397410972e-05,0.5271665487579922,0.6353755897195887,0.4984505065374439,0.02684060282829966
RM000880,1,0.5371169398367606,39685.98,0.000764938038455278,0.0004006641899959035,0.0031833837250515584,0.0016683753674940904,3.0,0.0,50,CA,2015-05-01,No SICR trigger,1.3534173525178426e-05,0.5260226579862184,0.6339749282824814,0.49737350015840953,0.02
RM001679,1,0.5272542928312531,77393.08,0.0003327524180412967,0.00022458331020930628,0.006413628306659147,0.0043330169107482774,5.0,0.0,232,CA,2015-07-01,No SICR trigger,6.812680059137756e-06,0.5163590837628873,0.6223686361490228,0.4882278139377012,0.0208097731738793
RM003229,1,0.49609705265317294,35277.17,0.0004606101659962733,0.0002962964787471275,0.009057874560073897,0.005835628752605793,21.598267346938773,0.0,237,AZ,2015-12-01,No SICR trigger,1.4062835897924153e-05,0.48584654999148286,0.5855842191472342,0.45937918646785836,0.0310197120894124
RM002338,1,0.49457257734332916,35418.36,0.0006283940442290397,0.00033609691704615915,0.00287689845343031,0.0015395168566622042,8.60633046728972,0.0,55,GA,2015-10-01,No SICR trigger,1.3963734553020782e-05,0.4843546860981135,0.5837763990131422,0.4579706131873244,0.02472059423440162
RM001948,1,0.4805989679448167,37571.74,0.0003794945865751359,0.0001940386848882591,0.007342827145556674,0.00376086022450306,15.0,0.0,233,OH,2015-08-01,No SICR trigger,1.279150148342389e-05,0.4706682522620584,0.5672938510826117,0.445026957089441,0.03423635682535835
RM001286,1,0.45225034959834587,38054.86,0.00040426209043662766,0.00021825444896602555,0.007753404740226233,0.004193041247795071,9.0,0.0,231,NC,2015-06-01,No SICR trigger,1.188416800372793e-05,0.44290545555792227,0.5338310842077776,0.41877672322605175,0.029856064313636577
RM002805,1,0.44065820170957787,56640.45,0.00032890230080684233,0.00017889269088965505,0.0015613227703210608,0.0008494553053512988,6.0,0.0,57,HI,2015-12-01,No SICR trigger,7.779920564006428e-06,0.4315523550405878,0.5201514705309207,0.40804124488372795,0.026193558202787928
RM001537,1,0.4294485157230249,89666.13,0.0002691116011278633,0.00017831086682130404,0.001165627340076858,0.000772450825876736,4.0,0.0,52,CA,2015-07-01,No SICR trigger,4.789417316471948e-06,0.4205739949205208,0.50692194806048,0.3976604208302008,0.02
RM003266,1,0.40390926513647557,31424.57,0.0005431732637155255,0.00028527858247766444,0.002622605651274812,0.0013780927539546184,6.0,0.0,58,AZ,2016-01-01,No SICR trigger,1.2853294894296901e-05,0.39556396457987864,0.47676444146812796,0.3740156167364176,0.026207219090252327
RM001403,1,0.40007282831921637,68496.03,0.0002385822557955821,0.00013283229301232425,0.0045827235113938825,0.0025539246541398386,13.0,0.0,231,DE,2015-06-01,No SICR trigger,5.840817757163683e-06,0.39180564181088656,0.4722446603292138,0.37045993828079893,0.02487303881722449
RM000842,1,0.3612799464880949,138204.41,0.00013277044324699387,9.747911741052174e-05,0.0025306632996151546,0.001858587845647408,6.0,0.0,229,CA,2015-04-01,No SICR trigger,2.6140985406188913e-06,0.3538134214898997,0.4264609003639427,0.3345358001962512,0.02
RM001313,1,0.3437205468304668,43127.96,0.00042624776250446776,0.00026081591142314357,0.0018102986148103017,0.001107997918199266,3.0,0.0,51,CA,2015-06-01,No SICR trigger,7.969784493179525e-06,0.3366182564829462,0.4057234474682939,0.3182799445552135,0.0210415536492638
RM000656,1,0.34019675117843845,28715.65,0.0006440567828814222,0.0003268594849254963,0.0026272884166751442,0.001334003828232233,4.0,0.0,49,FL,2015-04-01,No SICR trigger,1.184708516709315e-05,0.33316826160365776,0.40155657533830336,0.31501969302270266,0.02083263887803951
RM001031,1,0.2868704456713719,15994.28,0.0006820113296919579,0.0003698172536006271,0.0028386467565695295,0.001540003196512152,4.0,0.0,50,CA,2015-05-01,No SICR trigger,1.7935814908290455e-05,0.28094381733774487,0.3386110125701843,0.2656403009162407,0.029729812837295273
RM002742,1,0.27676162452527064,9453.59,0.001364891775630986,0.0006953332764809498,0.00635357588166563,0.0032407546679370514,4.0,0.0,56,TX,2015-11-01,No SICR trigger,2.9275822679560953e-05,0.2710464360096425,0.3266594412941187,0.25628675911462406,0.023871016153051317
RM002400,1,0.27530253015975603,35255.32,0.0004354376888573278,0.0002825069616846009,0.0019941996501976478,0.0012941683480982569,3.0,0.0,55,VA,2015-10-01,No SICR trigger,7.808822332622595e-06,0.26961402570100296,0.3249631788898676,0.25492609428104696,0.02
RM001569,1,0.27317521601590716,62401.86,0.00024680293625610656,0.00017141812788614206,0.001048491885595193,0.0007283241351490055,3.0,0.0,51,CA,2015-06-01,No SICR trigger,4.377677460510106e-06,0.2675299400411399,0.3224575943190707,0.25295422411374285,0.02
RM001262,1,0.23008377892041154,46216.65,0.00020504075634780129,0.00011329636767321546,0.0008711329085534514,0.000481420921056408,7.531602222222222,0.0,51,CA,2015-06-01,No SICR trigger,4.978374220554963e-06,0.22532896503280553,0.271592513667802,0.21305239396404047,0.027330026267844178
RM001959,1,0.1839667907508017,35036.28,0.00024210754365039825,0.00013378266510890056,0.0010890224380556424,0.0006018810635158856,4.0,0.0,54,MA,2015-09-01,No SICR trigger,5.250751242734722e-06,0.18016503381724713,0.21715552451221987,0.17034916521706106,0.024187523142380516
RM002211,1,0.1729960314472194,12371.73,0.0005656437641827233,0.00028931611571374893,0.002542878497412304,0.0013012635120759342,2.0,0.0,54,CA,2015-09-01,No SICR trigger,1.3983172235994433e-05,0.16942177734727537,0.20419965959108666,0.16019265834541044,0.027575088539949298
RM001017,1,0.12698960425216105,36062.96,0.00019896861735010216,0.00011141862584803909,0.0008287747689514902,0.0004641623823135044,5.0,0.0,50,VA,2015-05-01,No SICR trigger,3.5213305910596648e-06,0.1243652453335383,0.149899765856142,0.1175893858493553,0.02
RM002614,1,0.11467864479057216,13675.75,0.00038947057295205326,0.0002003907359487696,0.0037585345117414626,0.0019354291996928064,4.0,0.0,116,IL,2015-11-01,No SICR trigger,8.38554702963802e-06,0.11230900069220544,0.13536555561955055,0.10619054774832089,0.022485661067335287
RM001639,1,0.09723741866404761,18588.92,0.00029351401003286075,0.00014748298127580705,0.0012712719876341039,0.0006389358446656779,3.0,0.0,52,VA,2015-07-01,No SICR trigger,5.2309342696642744e-06,0.09522805947034925,0.11477892193966359,0.0900399566647794,0.02
RM002109,1,0.013303739406230338,3865.02,0.00015202769527568167,8.717605354340276e-05,0.0006839426414895211,0.0003922323979362874,2.0,0.0,54,NC,2015-09-01,No SICR trigger,3.4420881149981986e-06,0.013028795747398889,0.015703934533966686,0.012318923625523106,0.02525198690436637
RM001506,2,12953.952927838474,230184.1,0.31478936789141254,0.0016212029171611192,0.99999538381691,0.051365646154584055,39.0,0.0,390,CA,2015-07-01,Prior default history,0.056276488809776495,12897.85649874206,13346.861286293255,12818.369584533166,0.030636301913465495
RM000445,2,12903.032656652395,98699.41,0.5,0.0004512973535828101,0.999999999998181,0.0174505144513053,36.0,0.0,468,LA,2015-04-01,Prior default history,0.1307305956200994,12838.583305805,13224.556948040463,12834.945262145357,0.049463412014821614
RM000148,2,11584.097849449963,157628.52,0.5,0.0004126129476919303,0.9999999987568335,0.01213475806071751,28.0,0.0,355,UT,2015-03-01,Prior default history,0.07348985988988518,11538.444146608,11831.480127777686,11522.61841992164,0.03612885364216003
RM001957,2,8886.260799867772,65321.4,0.5,0.0018785041828235525,0.9999999996084271,0.05706550384970566,61.2388125,0.0,375,KY,2015-09-01,Prior default history,0.13603904386415128,8835.92797481743,9142.088352533174,8829.895276531053,0.05356366621858119
RM000917,2,7761.032933317296,100834.85,0.5,0.0009728115044985922,0.9999999996304044,0.030035943285694033,44.0,0.0,376,PA,2015-05-01,Prior default history,0.07696776395578805,7727.6894136363635,7941.230383327112,7716.455030497538,0.034519717129789754
RM000218,2,7530.215474913468,99738.72,0.5,0.001201123909003703,0.9999999992608087,0.03579947293170316,43.32911606557377,0.0,364,GA,2015-03-01,Prior default history,0.07549941963275113,7505.466847190006,7678.143592662602,7487.555930695827,0.033872783066499816
RM001580,2,7343.6994231086865,436887.95,0.16118354467177784,0.0017275721136448766,0.9963913718699571,0.05382724922729809,49.0,0.0,384,CA,2015-07-01,Prior default history,0.01680911415182929,7304.825837929805,7642.152283803736,7232.072422563117,0.02072764490075031
RM000789,2,7161.155971746234,221210.31,0.5,0.001182435285535993,0.9999999999913474,0.042548496291624605,43.0,60.0,441,MD,2015-03-01,30 DPD backstop,0.03237261396969352,7075.937660204612,7963.208009444382,6816.681692566578,0.025545916116199368
RM003291,2,6671.8531820881135,193444.66,0.3716419362117952,0.003979134567734639,0.999999689413934,0.12065950018792648,51.0,0.0,387,FL,2016-01-01,Prior default history,0.0344897252893314,6651.82197970438,6838.114049275007,6605.914085791661,0.02293804523412563
RM002935,2,6396.748544135797,245138.11,0.5,0.002440487887276875,0.9999999999691656,0.08177962114045367,56.0,60.0,419,IL,2015-12-01,30 DPD backstop,0.026094467906829327,6317.790449249406,7136.423260327889,6079.913954072333,0.02319671551579519
RM001507,2,6276.7978718260565,156563.02,0.11345891651730407,0.0019530227702981562,0.9689555496524855,0.05480801907903321,34.0,0.0,346,MA,2015-07-01,Modification qualitative indicator,0.04009119057505442,6238.539352541052,6590.638679015669,6153.361256551756,0.03377461291220392
RM003211,2,5853.868908735514,179736.72,0.22353504838384514,0.0032719287885216424,0.9999273464868624,0.11612949311387044,30.0,0.0,452,FL,2016-01-01,Prior default history,0.03256913172074974,5829.193100069024,6088.9269993122225,5752.221984400749,0.023806498667026672
RM003225,2,5802.416564886883,118878.84,0.4780695328365427,0.0010550771706823404,0.9999999995453417,0.03432109516287396,36.0,0.0,397,CA,2016-01-01,Prior default history,0.04880949851871774,5786.2714059603195,5920.296201284736,5760.156319289495,0.02609838528465455
RM002622,2,5590.183927364058,218992.08,0.35363613775789415,0.0021077793660880823,0.9999998791037144,0.07412416506329544,57.0,0.0,438,FL,2015-11-01,Prior default history,0.025526877170005683,5572.130653276233,5748.451572165015,5525.069156626736,0.021091917374620923
RM001637,2,5356.303003621772,158027.29,0.34464554982071177,0.002036431235577653,0.9999985102238136,0.06267257276492977,45.0,0.0,381,PA,2015-07-01,Prior default history,0.03389479756073633,5338.835379918916,5510.2055368058855,5292.7813587990395,0.023169023636236043
RM001631,2,4190.338307764467,111986.4,0.5,0.0006803745196010329,0.9999984861363869,0.013072191132014854,27.0,0.0,232,CT,2015-07-01,Prior default history,0.03741827853886246,4176.610576259312,4271.555812997393,4167.240151154055,0.025707546590507654
RM002125,2,3887.493135293843,426713.43,0.18587731063123863,0.0018551290917984777,0.9993801631092694,0.0645166519044642,43.0,30.0,431,NJ,2015-08-01,30 DPD backstop,0.009110313531247055,3826.5230569056143,4432.377273839879,3660.5797855083015,0.02208195497851819
RM001328,2,3357.6752088115063,153106.01,0.34434610555216055,0.0006435387816033531,0.9997042076623971,0.012315643372046492,43.0,0.0,231,IL,2015-06-01,Prior default history,0.021930394560027437,3347.030961987132,3436.854323681154,3328.826107194832,0.02112111810929528
RM002785,2,3140.8774768006015,382322.77,0.028029741295557936,0.0020983181392380964,0.6423573496950145,0.07315497278092586,40.0,0.0,434,WA,2015-11-01,Prior default history,0.008215250890760709,3114.8134402448763,3376.102431843995,3042.326584853067,0.024302924691935335
RM002663,2,2986.717640899487,118565.02,0.058565223095714464,0.0020134336217210507,0.8814444974007801,0.06873652234546901,55.0,0.0,424,IN,2015-11-01,Prior default history,0.025190546426757967,2962.305844117443,3208.8478974610316,2893.187721563672,0.03196702508510825
RM002008,2,2952.524785350376,154647.32,0.3027534808418533,0.002070413101340324,0.9999899673770294,0.06400878341892624,29.0,30.0,383,WA,2015-09-01,30 DPD backstop,0.019091988049649847,2910.4202907485164,3334.814983629607,2791.769239893427,0.025152105891234313
RM001597,2,2680.641983358983,215804.04,0.11458725017091904,0.0008656368552967516,0.9049063358858173,0.01660351028288809,38.0,0.0,232,CA,2015-07-01,Prior default history,0.012421648748369042,2672.40397140113,2758.8147600118496,2646.9105866035684,0.02
RM000415,2,2644.07389594731,145669.05,0.4210574251078599,0.0008916875806653555,0.9999704679290825,0.016879873651070687,23.0,60.0,229,PA,2015-04-01,30 DPD backstop,0.018151240060584665,2610.9893289823767,2952.6179013595697,2512.2542017770897,0.024517796844580813
RM001743,2,2629.409772665521,204103.43,0.5,0.0009456213360257291,0.9999985711030227,0.01820181002694865,40.0,60.0,233,KS,2015-08-01,30 DPD backstop,0.01288273192011286,2598.269514131203,2922.6192610696544,2503.448019181527,0.02036822220884662
RM003308,2,2497.0701030709797,234091.87,0.06059490520500957,0.002641664072473446,0.8878364122208683,0.08842424662545922,39.0,0.0,420,OR,2016-01-01,Prior default history,0.010667051799240101,2477.3055701262456,2676.7228052869436,2421.4741780127733,0.022012056452403825
RM000412,2,2377.2219938288695,167664.15,0.25055249915526423,0.0012553696018987484,0.9959295271107097,0.023686647671023575,29.0,30.0,229,PA,2015-04-01,30 DPD backstop,0.014178475206708587,2344.0583033813355,2677.0047927990554,2251.4996332597366,0.025302676196701384
RM000427,2,2206.7882318657385,156117.3,0.025631158641594966,0.0017063564821750128,0.6039036672405735,0.05909399375215185,63.866168181818175,0.0,428,WV,2015-03-01,Prior default history,0.014135449638609805,2186.793049906158,2386.968131385106,2131.369520463411,0.03368018515519515
RM000922,2,2180.398423426337,175629.51,0.034135049593979123,0.001339732395601141,0.6765678313568511,0.04263493848544664,59.0,0.0,390,LA,2015-04-01,Prior default history,0.0124147611835069,2160.980411613861,2355.7125658068067,2106.930410867968,0.02821726321985525
RM000472,2,2127.9780210899394,81863.09,0.5,0.0005041969540969865,0.9999980926513672,0.009536395387327978,30.0,0.0,228,MI,2015-03-01,Prior default history,0.02599435253531157,2121.964044239123,2164.4680273153112,2117.2450070284813,0.021680311127356588
RM001912,2,1972.660624311865,107600.16,0.5,0.0016624603237313013,0.9999986513008476,0.031924261984821456,27.0,0.0,234,OR,2015-09-01,Prior default history,0.018333249916281397,1964.7298239426405,2013.833725504683,1963.1966270758426,0.020233427638868953
RM003004,2,1864.3856121814279,84268.3,0.5,0.0016597844648953304,0.9999988658837176,0.03227563369478159,33.0,30.0,237,NV,2015-12-01,30 DPD backstop,0.02212440042318912,1848.1172798685946,2018.9043186526005,1797.67602556411,0.022203878572135897
RM001203,2,1838.6226075714264,89947.65,0.5,0.0005173189951521639,0.9999983961173721,0.009911521255409617,30.0,60.0,231,NC,2015-06-01,30 DPD backstop,0.020441029949881142,1816.662654252544,2045.2365227302337,1749.9002834282321,0.023359866774311254
RM002898,2,1808.1286554470414,280315.95,0.04598738403099064,0.00271331744817245,0.603815343554087,0.05203190744254593,26.0,0.0,236,AZ,2015-11-01,Absolute lifetime-PD deterioration,0.006450323841533246,1797.3314242388083,1907.109151909153,1766.2657809868952,0.02
RM001879,2,1613.93054370337,281259.66,0.03577541041263002,0.0016570878182300788,0.5070607108093866,0.031688852311858806,54.0,0.0,233,MD,2015-08-01,Absolute lifetime-PD deterioration,0.005738222622125654,1604.226697757433,1702.7184298090715,1576.421228630237,0.020001679499161384
RM002602,2,1593.594781099909,133160.5,0.022672670450737183,0.004381158043185087,0.5620328260738752,0.14620845187837483,77.45937581699346,0.0,432,OH,2015-11-01,Prior default history,0.011967473696027794,1576.7201819593704,1744.5715188195818,1530.6775747943905,0.0385777718326744
RM002591,2,1567.5142189168464,82062.82,0.24585059581318042,0.003010841538908478,0.9961095899243855,0.057578391448116495,35.0,30.0,236,PA,2015-11-01,30 DPD backstop,0.019101393528967763,1543.168989813203,1786.6393609192867,1475.8591094311846,0.03196894563563346
RM000936,2,1369.980148699018,54753.7,0.5,0.0007481223706044502,0.999998300745548,0.014241988011593376,34.0,60.0,230,OH,2015-05-01,30 DPD backstop,0.025020777567525448,1353.0769816665904,1528.4772249901794,1302.0521971370651,0.02557117896062218
RM002572,2,1366.6659251028968,194342.42,0.04991792903632731,0.001357235761815136,0.6362674469282326,0.026467055453041732,25.0,0.0,237,CO,2015-12-01,Absolute lifetime-PD deterioration,0.007032257420191108,1358.8421893284044,1438.5705093518,1336.2084776861934,0.02
RM003309,2,1321.752634111527,126052.84,0.1297036461062331,0.0023131890127659443,0.936408546214298,0.04489251324123,72.7227923076923,30.0,238,VA,2016-01-01,30 DPD backstop,0.010485702933083674,1298.672158201759,1526.4109055163246,1236.9404296452199,0.029631036308065135
RM001707,2,1259.9092350794263,238680.4,0.13848422935453414,0.0019954229567109793,0.9439697598650341,0.037880598786079744,30.0,30.0,232,NY,2015-07-01,30 DPD backstop,0.005278645565699682,1238.5604216769602,1449.4833414901984,1181.2774642512777,0.021896292829457743
RM001283,2,1231.5118109615266,314131.75,0.04637685718510851,0.0030119859724587208,0.6022906028358257,0.05688870350944353,32.0,0.0,233,FL,2015-05-01,Prior default history,0.003920367205675729,1221.0547384687457,1325.891307078335,1191.9687211972182,0.02
RM000669,2,1203.1046798372931,310490.57,0.16149448494621677,0.0015172651844497387,0.9653073049686135,0.028560673292632788,41.0,30.0,229,CA,2015-04-01,30 DPD backstop,0.003874850949055532,1184.0560056165264,1372.8870239655837,1132.517365729434,0.02
RM002255,2,1156.8829476227834,44105.25,0.5,0.0017341083177135773,0.9582862545571864,0.007923339324961032,15.0,30.0,55,NY,2015-10-01,30 DPD backstop,0.026230050790388523,1145.1137114155886,1268.534996162655,1108.7124957294711,0.037832314080885006
RM001236,2,1155.8026043202717,79050.21,0.32157061032798423,0.0016249447501242697,0.9994292254803088,0.03082068081348277,53.0,30.0,231,AK,2015-06-01,30 DPD backstop,0.014621119973245758,1140.9022280422591,1291.8771460803248,1098.3823478755646,0.02220413077744347
RM002769,2,1143.8920679226753,174420.59,0.03945126178148542,0.0012906179456888397,0.546878174139982,0.025078716747850227,42.0,0.0,236,MA,2015-11-01,Prior default history,0.006558239872498283,1136.574705854033,1210.6228061688616,1115.756936972364,0.020380172790206298
RM000461,2,1128.1318330039371,167974.93,0.0425080986988864,0.0013368320777664353,0.561906230784222,0.02509651464507401,36.0,0.0,228,OK,2015-03-01,Prior default history,0.0067160726484835395,1121.2267706693233,1191.334953900273,1101.4251321305476,0.020193571784384842
RM003223,2,1084.2570695376062,268706.59,0.03248459045742232,0.0028794864816887545,0.47911321225080994,0.05536048844945218,47.0,0.0,237,FL,2015-12-01,Prior default history,0.004035096681244796,1076.400727440071,1155.4681294891357,1054.343166038248,0.02
RM003050,2,1073.5557600722998,154376.77,0.02984855196799764,0.001798884405371485,0.4517430631178181,0.03507992292966988,69.31201918367347,0.0,238,MI,2016-01-01,Prior default history,0.0069541276195395196,1065.1623607078368,1149.6513971991594,1041.5857380017092,0.02223139463501775
RM002955,2,1046.473579657195,324039.49,0.020791630340748008,0.0021552135624235413,0.5412047444537007,0.07689173261529048,52.0,0.0,445,CA,2015-11-01,Prior default history,0.0032294631116015983,1036.689769094302,1134.0256787871265,1009.983336763831,0.021260774032832483
RM001020,2,1043.0354904421256,72480.23,0.011771311374108537,0.002672898926058392,0.20304352903944978,0.050005564769028066,131.9140186,0.0,230,IL,2015-05-01,Absolute lifetime-PD deterioration,0.014390620593258682,978.3688939715853,1521.9060186989373,869.2300701924225,0.10945912454527396
RM001119,2,1025.8765417856432,194446.04,0.13465525419475177,0.0007945923268938271,0.9382138192317451,0.015185502066715095,26.0,30.0,231,NJ,2015-06-01,30 DPD backstop,0.005275893208139611,1009.7875283026677,1168.995405229976,966.4482102363461,0.021407568442306783
RM000320,2,1009.305988982079,95355.84,0.008461611257549514,0.0024899853096907645,0.1484921246550852,0.04606616144285813,134.11837658536587,0.0,227,FL,2015-02-01,Absolute lifetime-PD deterioration,0.01058462689838482,946.5527910844538,1484.5122786796567,833.5516659564013,0.11120809124605747
RM000595,2,971.2446199502276,60843.93,0.03277406906499593,0.0024687631431444296,0.4705503221864231,0.04607524169053068,87.02992518987342,0.0,229,PA,2015-04-01,Prior default history,0.0159628843822256,900.497514534311,1353.3362671007858,876.8261580582202,0.03601115084966018
RM003243,2,946.8788016068252,254231.86,0.028906866315147446,0.0024448807376789613,0.44109132127500306,0.0473898234212754,29.0,0.0,238,FL,2016-01-01,Absolute lifetime-PD deterioration,0.0037244694728930717,939.7991927673157,1010.9734310197005,919.9737053829546,0.020042320245333724
RM000306,2,940.9887009794909,53682.61,0.12072465693737985,0.006054851619815619,0.9898346755633024,0.19475831552347278,16.0,0.0,428,TX,2015-03-01,Prior default history,0.017528743497745188,932.7423921374328,996.5067870780722,922.5700453500165,0.023148254930965673
RM002771,2,866.0242548919613,53995.52,0.13256503185325133,0.0006001025917515337,0.939000510355119,0.011736148057750917,62.603501449275356,60.0,236,PA,2015-11-01,30 DPD backstop,0.01603881682946958,850.4287677512239,1004.7462857422285,808.4233939652797,0.044033349901422006
RM001973,2,809.7472524893969,97340.5,0.03578545467386391,0.0018928050392100011,0.7138263572148715,0.06297740915049022,31.0,0.0,412,WA,2015-09-01,Prior default history,0.008318708579567569,801.6339678211428,882.567559940491,779.3408736130517,0.02629534442903923
RM000733,2,782.4767087080675,438806.18,0.01623070410830831,0.0024215998761469852,0.4140688086711166,0.07614628032680149,27.0,0.0,392,CA,2015-04-01,Prior default history,0.0017831943677458404,776.1107429747208,839.5870190361909,758.6370582271662,0.02
RM003012,2,769.9078336773925,128735.47,0.029151980482121715,0.0035417932514865517,0.44250988914607614,0.06767572004336753,25.0,0.0,237,CT,2015-12-01,Absolute lifetime-PD deterioration,0.005980541599587065,762.7767778162009,834.1715050654653,743.0075338045709,0.024721068670262046
RM003290,2,750.4468174204062,43427.53,0.5,0.0011945642170733397,0.9649230609903321,0.005760522537011981,36.18960833333333,0.0,58,FL,2016-01-01,Prior default history,0.017280439790621438,745.8542854906294,777.022842918638,743.1210073737413,0.021367085127439935
RM000569,2,743.9157052032461,269513.44,0.01493527426789091,0.0031257058959947427,0.24961182283936256,0.057992746819801044,68.72978842406877,0.0,229,FL,2015-04-01,Absolute lifetime-PD deterioration,0.002760217468944206,736.7640411443809,808.0246115947434,717.1675156821923,0.022509717439617098
RM000189,2,743.7821903577822,101929.66,0.00888791242607702,0.0020376824876400627,0.15601897339505044,0.03801408169125475,113.02404476190478,0.0,228,OH,2015-03-01,Absolute lifetime-PD deterioration,0.007297014336727721,683.2635484092406,1153.247093498062,607.2432487261038,0.07708272495740945
RM000330,2,715.8985645411766,110525.9,0.08486966786674778,0.008246176432890677,0.8145716829925291,0.14557531553726777,42.0,0.0,228,MI,2015-03-01,Absolute lifetime-PD deterioration,0.006477201855322387,709.9453406386483,769.9346991738599,693.1802161952767,0.020173770389102876
RM002492,2,712.1088457040171,450147.01,0.010876159818339115,0.0015353409571596604,0.19277932345590854,0.029641995737371585,32.0,0.0,235,CA,2015-10-01,Prior default history,0.0015819472969597578,706.5636171947801,762.0482706806906,691.213054970503,0.02
RM000254,2,711.8721439437062,215452.43,0.13777014509836963,0.0011841393005867936,0.9401811485504368,0.022260474242944195,38.0,30.0,228,NJ,2015-03-01,30 DPD backstop,0.0033040803668062885,700.2964140966685,814.7503153557196,669.1774367882546,0.02
RM001601,2,708.6644173950826,300905.17,0.025158347354661107,0.002265556725164603,0.40938528431704246,0.04579297552186923,28.0,0.0,248,FL,2015-07-01,Prior default history,0.0023551088118395663,702.4198553289189,764.7533641291785,685.2336554908513,0.02
RM002819,2,704.202382845771,159652.34,0.025517534885099485,0.001337409202520236,0.39851809498640645,0.025976633327510767,51.0,0.0,236,TX,2015-11-01,Absolute lifetime-PD deterioration,0.004410849116560214,699.7379121951357,744.8653018208507,687.0709007447123,0.02
RM002694,2,702.1984529232359,129983.13,0.025788568815228494,0.003025448487707156,0.4017996218179197,0.05784990135311907,35.0,0.0,236,NJ,2015-11-01,Prior default history,0.005402227603868563,695.4203974278591,763.1613636348482,676.710499858445,0.02513670377463394
RM000180,2,687.5630863939907,224395.33,0.12653702447617945,0.0014606070696304458,0.9235028043092516,0.02738972939731743,47.0,30.0,228,MI,2015-03-01,30 DPD backstop,0.0030640703903864253,676.2639979485988,787.8370547471309,645.9869911384947,0.02000168533383086
RM003014,2,675.7598176453862,209606.07,0.015234369715196339,0.0006881313872124494,0.26154432354476365,0.013503274761919593,45.0,0.0,237,PA,2015-12-01,Absolute lifetime-PD deterioration,0.0032239515661229953,670.6117156031139,722.2520037025738,656.2732664047771,0.020865678135448745
RM000496,2,655.3695712551182,366880.82,0.016694458185441824,0.003055125481853257,0.2747763527322712,0.056719154792792326,36.0,0.0,229,NY,2015-04-01,Prior default history,0.001786328244837433,648.7777377387376,714.2698890067019,630.8435946444804,0.02073349708373768
RM003303,2,647.6819283424383,220337.16,0.014400797044223012,0.001771939909427284,0.2491005498476221,0.03442051484864406,36.0,0.0,237,NY,2015-12-01,Absolute lifetime-PD deterioration,0.002939503841941315,641.4416375973692,703.663137329243,624.3140247446529,0.023776120222260912
RM001526,2,639.4683117628751,121420.54,0.011284628930319012,0.0009041592153242611,0.19624765145518308,0.01726220905574738,31.0,0.0,231,MO,2015-06-01,Absolute lifetime-PD deterioration,0.0052665579626221,633.1209480639413,696.4011291507023,615.7054861495203,0.042399681870487774
RM000261,2,634.907463313197,167127.64,0.02807676680421962,0.0027458519373019913,0.328806885034143,0.03776329342748064,25.0,0.0,168,CA,2015-03-01,Prior default history,0.003798937526510857,628.864851556073,689.3373863548982,612.129885602433,0.021661678867868708
RM002640,2,631.4739529927831,167948.14,0.01553787711182931,0.001333533928858958,0.2650678891089686,0.025902297281556796,31.0,0.0,236,WA,2015-11-01,Absolute lifetime-PD deterioration,0.0037599341855931423,625.429987717558,685.7600266351727,608.7966125424996,0.02560459046591825
RM003161,2,625.6186285488927,230907.57,0.0056753039772226765,0.002552316862475615,0.10674288415129873,0.04942257342894718,99.07452830449827,0.0,238,IL,2016-01-01,Absolute lifetime-PD deterioration,0.0027093898591063633,548.2503127428945,1117.6091384637543,472.3143624625203,0.04681679799443369
RM000679,2,621.8975443174633,239113.23,0.010565673264338538,0.0016726205610158066,0.31776963975422023,0.05848476961449378,48.0,0.0,432,PA,2015-04-01,Prior default history,0.0026008495820890516,615.6303072712358,677.8580885935346,598.6058731875062,0.024524734328031164
RM001633,2,614.0309036271215,364947.38,0.0151357063485493,0.001803188049322178,0.3814762804078272,0.05526583328110002,24.0,0.0,378,WA,2015-07-01,Prior default history,0.0016825190076090461,608.7744157521633,661.1040233287068,594.4026973164733,0.020088549824960642
RM001447,2,605.5459675526849,146857.65,0.1143079730670128,0.0013943861974922,0.9043247631311911,0.026616318021706165,32.0,30.0,232,OH,2015-07-01,30 DPD backstop,0.004123353244129162,595.0707382091216,698.2986849772215,567.1430385500016,0.021352215189131694
RM002936,2,605.4797942448774,112773.32,0.023228855080735147,0.0013148239594096742,0.37011854363062113,0.025543324244297616,36.0,0.0,236,ME,2015-11-01,Prior default history,0.005368998573819388,599.6536476391946,657.8709368438825,583.5782153044651,0.025886935725784304
RM001473,2,589.9920276536591,223089.19,0.019452500059244638,0.0016439892559482012,0.4888930874952664,0.0546649411628628,43.0,0.0,410,CA,2015-07-01,Prior default history,0.0026446464199079258,584.5609746197272,638.574657978026,569.7482727303808,0.02078911090490398
RM000761,2,547.8905371088732,201339.69,0.013561777957017913,0.0007934640779127549,0.22939154877332535,0.01503379688686135,43.0,0.0,229,TX,2015-04-01,Prior default history,0.0027212246979662737,544.0490936452077,582.6502273557891,533.3041310584962,0.02022691584711326
RM002243,2,541.5683594176953,193683.66,0.02193853473527084,0.0023058900082418093,0.35235491573587063,0.04420245023733549,30.0,0.0,235,FL,2015-10-01,Absolute lifetime-PD deterioration,0.0027961489338733858,537.3036222780892,580.0526942578075,525.4459263963214,0.020048785973029982
RM003069,2,539.0916701681871,138054.48,0.010972477111545335,0.001977555830783555,0.3296468086960813,0.06924330616348784,46.0,0.0,435,NC,2015-12-01,Prior default history,0.0039049197836114194,533.5260191180538,588.7925307660774,518.40413134795,0.02970445589717292
RM001768,2,537.5985626595611,306079.33,0.016571425108180302,0.001883270315460736,0.2910377511858754,0.03805742945820967,39.0,0.0,247,FL,2015-08-01,Prior default history,0.0017564027033761512,532.4141531786338,583.9539604103309,518.2882726096232,0.02042367148633712
RM000442,2,526.0340212279782,97740.24,0.018139760343404875,0.008685695857499027,0.2937738415720197,0.15274120759355259,61.568655118110236,0.0,228,NC,2015-03-01,Absolute lifetime-PD deterioration,0.00538195958213299,519.8217313135245,581.4465236592862,502.9853162560601,0.03710304074064904
RM000391,2,515.9165892761906,260555.65,0.010915686404500772,0.0052111282905325795,0.18823005101583223,0.0945020973867402,67.06609926035503,0.0,228,NJ,2015-03-01,Absolute lifetime-PD deterioration,0.0019800629511437986,509.90123642297544,569.4954070216548,493.650564735326,0.026112526468968604
RM002064,2,498.9954031627948,147636.63,0.017657445974558313,0.002737678203212765,0.29242508605222683,0.05183759774039698,49.0,0.0,233,NJ,2015-08-01,Absolute lifetime-PD deterioration,0.0033798888742095695,493.2655405445785,550.1193636057594,477.72671853709727,0.027504042715888098
RM002592,2,498.1007403182293,274704.89,0.01155211856031531,0.0008637185996623205,0.31914590571473167,0.028182294307931843,28.0,0.0,397,HI,2015-11-01,Prior default history,0.0018132212364993913,493.1848538777224,541.9943675746846,479.83167418557673,0.021690933263398927
RM000883,2,491.35062129824036,128631.92,0.11195502830119373,0.0012977578146724405,0.897276440938642,0.02458264721913861,22.0,30.0,230,MA,2015-05-01,30 DPD backstop,0.0038198187611460698,482.86804312915586,566.4496618602379,460.25949767629834,0.02111682932030641
RM001529,2,469.52585572224984,107286.78,0.009037125557458352,0.0037864800909781357,0.16033771148035048,0.07042528104635604,72.26956708333334,0.0,231,WA,2015-06-01,Absolute lifetime-PD deterioration,0.004376362639667719,463.83552771114785,520.1784047514005,448.4840298504431,0.05443333341548029
RM000206,2,467.97248091544066,65696.95,0.1068345015843909,0.0017176813593959765,0.8820234101322278,0.03199763047845361,57.96789705882353,30.0,227,MI,2015-02-01,30 DPD backstop,0.007123199492753327,459.6516909532681,541.5633194039618,437.52555452537894,0.027135099932919043
RM003240,2,463.3033668071017,76533.91,0.025736506236881864,0.0006890064026859974,0.4037672143473775,0.013576993354599276,26.0,0.0,238,TX,2016-01-01,Prior default history,0.006053569807254088,460.4482381693912,489.36581595566935,452.3085141749591,0.020560038658910405
RM001408,2,460.80319778365345,211948.8,0.010468892153954964,0.0008819065347751565,0.32312444174591715,0.032189004577735325,35.0,0.0,445,OR,2015-06-01,Prior default history,0.002174125061258443,456.26373462127486,501.3469426519326,443.92550068144766,0.02297762448492163
RM001494,2,453.96354384066933,229778.66,0.011592872734350355,0.0018401479647958715,0.20183357473116859,0.034982426499299835,57.0,0.0,232,CA,2015-07-01,Absolute lifetime-PD deterioration,0.001975655806508182,448.7624893539584,500.30993911308013,434.69780352275865,0.02519195505534607
RM001013,2,451.7289138886247,118957.33,0.019885512108189642,0.001312493217057183,0.3195354509983328,0.024858453936250302,61.0,0.0,230,MD,2015-05-01,Absolute lifetime-PD deterioration,0.003797402933376402,446.50117371195574,498.376299610409,432.32166304346464,0.02717173001045287
RM002186,2,449.2719113344537,362321.18,0.007400674112608916,0.0009096291875558653,0.2360646146665889,0.032450859576329316,48.0,0.0,435,NJ,2015-10-01,Prior default history,0.0012399824689642866,445.04918329162615,486.9582763126463,433.59106836766034,0.021276384221050784
RM003106,2,445.264044787718,110762.44,0.009707116780649495,0.0024858599823786628,0.17590132339215936,0.0481656595225568,32.0,0.0,238,MO,2016-01-01,Absolute lifetime-PD deterioration,0.004019991296577775,440.1467077337388,490.8715309626867,426.3036217245308,0.05241263167755082
RM002285,2,441.4903447879756,117817.09,0.018765306383630113,0.001697348428944818,0.49197977392294,0.05892436221438202,52.0,0.0,429,IL,2015-10-01,Prior default history,0.0037472521583072167,436.99865693739116,481.64167552941336,424.7671303863285,0.023216782558858836
RM003022,2,440.58829407744594,294050.41,0.00969588554091222,0.0008196903418596172,0.1750463985446168,0.01606508047939814,39.0,0.0,237,CT,2015-12-01,Absolute lifetime-PD deterioration,0.001498342730001451,437.0332477700803,472.56055953625855,427.2216389766881,0.020181352261833676
RM002929,2,439.69196465182404,160567.42,0.00577621253548074,0.000740944374512993,0.10810864003360543,0.01453244512926155,34.0,0.0,237,MO,2015-12-01,Absolute lifetime-PD deterioration,0.0027383635151628145,435.3114476358986,478.9283377751141,423.32945869172727,0.04050154120975931
RM000374,2,436.33092343716027,193406.0,0.009821597134278971,0.0016624091956696993,0.17099807045989157,0.031117620740497176,57.56130952380952,0.0,228,MA,2015-03-01,Absolute lifetime-PD deterioration,0.002256036128337075,432.0090392654008,475.0494359165923,420.18249016423874,0.024228137123170516
RM001969,2,435.9978784490195,300847.26,0.015232697536278575,0.003505832658098903,0.25868021199512914,0.06619146233948803,42.0,0.0,234,MA,2015-09-01,Absolute lifetime-PD deterioration,0.001449233336707203,431.9829445053913,471.96589771977165,420.99675931732435,0.02
RM002469,2,428.9698415682394,241247.46,0.012898389702031663,0.0012755889823137247,0.37198984847010785,0.04470757645900947,49.0,0.0,430,MN,2015-11-01,Prior default history,0.0017781320539840687,425.07702692011054,463.75318404795235,414.4862052351752,0.020603398209420094
RM002223,2,419.690646893833,84532.97,0.009588334091977683,0.0020277459067959435,0.1712814306993109,0.038808087441119854,65.74786555555556,0.0,234,AL,2015-09-01,Absolute lifetime-PD deterioration,0.004964816058087548,415.23068574846474,459.59983572069075,403.05756443594703,0.04353452023008284
RM001064,2,418.98774614489304,209621.93,0.011470207838577677,0.001007998599823819,0.19837648418042753,0.019144095910504033,34.0,0.0,230,KS,2015-05-01,Absolute lifetime-PD deterioration,0.0019987782105855673,415.1829997073365,453.13260041905176,404.7315794968647,0.021433727715493768
RM002490,2,418.3690923859731,177721.96,0.011588325398537326,0.0042315748445703565,0.2040852545188946,0.07968950259031637,42.0,0.0,235,PA,2015-10-01,Absolute lifetime-PD deterioration,0.002354065262311833,413.55027363033304,461.3201879225209,400.51194650939976,0.028537907060875913
RM003010,2,415.6214107219372,159039.27,0.061950583215055297,0.000743974543711832,0.7187170536584436,0.014652577397984423,39.0,30.0,238,IL,2016-01-01,30 DPD backstop,0.0026133256944774535,408.08543098820405,481.96003084877844,388.256289574706,0.022281755022791318
RM000804,2,406.70426964080514,78684.04,0.1263865524456941,0.001609716387578262,0.9241113473342076,0.03027572958947744,19.0,30.0,229,CA,2015-04-01,30 DPD backstop,0.0051688280068080536,399.70063206607574,468.80297224494404,380.97097315981534,0.02255229532661249
RM001254,2,406.5249783939617,458639.83,0.0037210087894132566,0.0013759368124151034,0.12531853622177558,0.048250199962603046,68.42610366935484,0.0,431,CA,2015-06-01,Prior default history,0.0008863708553048297,402.4249495020163,443.0720135022411,391.3296655075827,0.02360805349377106
RM000258,2,404.22480219336325,122632.72,0.020639493570708812,0.0013776685710403514,0.32599373669070353,0.025741748570576983,39.0,0.0,227,NY,2015-02-01,Prior default history,0.003296223081355149,400.6281159677147,436.55693802423804,390.71145276313194,0.021355015737610967
RM001532,2,401.0728381554512,454572.49,0.0060038266164067254,0.0008297921066642012,0.10945531640757078,0.015853124218522252,33.0,0.0,231,NY,2015-06-01,Absolute lifetime-PD deterioration,0.0008823077660406842,397.82198912548694,430.2995508529922,388.85652506225665,0.02
RM000590,2,392.5079873058965,161020.0,0.013038879767608529,0.002040035408140152,0.22155873030127404,0.03822086086422072,42.0,0.0,229,CT,2015-04-01,Absolute lifetime-PD deterioration,0.002437634997552456,388.020847051377,432.5166391888748,375.8705804348654,0.02707219442458142
RM001474,2,386.4232880420779,222443.62,0.011437743971709087,0.0031437729615028187,0.19940818470440436,0.05905947924611277,33.0,0.0,232,PA,2015-07-01,Absolute lifetime-PD deterioration,0.0017371740670381012,382.0682235489133,425.2494937515164,370.27884528110985,0.02434744893708815
RM001610,2,385.771335837532,234191.46,0.01324156666024834,0.0033963837786728235,0.2271835261976196,0.06365865292223605,30.0,0.0,232,NY,2015-07-01,Absolute lifetime-PD deterioration,0.001647247665809556,381.57859170635834,423.1751753209507,370.2119148716029,0.022077775083829538
RM002034,2,384.56029336758684,172965.81,0.009555859822561004,0.0018401489377486827,0.17075140485262552,0.03527863453530067,59.322984421487604,0.0,234,GA,2015-09-01,Absolute lifetime-PD deterioration,0.0022233312662634703,380.6364521030179,419.6767313002758,369.9235066870011,0.025027610843867266
RM000605,2,381.05571618470094,59937.27,0.007842499855664037,0.002549588708270817,0.1389432507524041,0.04734651365883458,113.72712769230769,0.0,228,AZ,2015-03-01,Absolute lifetime-PD deterioration,0.006357575448209452,348.676063295316,605.1761929596853,304.5987433428146,0.07418835839203972
RM002042,2,379.45312684904576,411544.05,0.009490660584284364,0.0028595905424924515,0.16902620644918198,0.05408565230978868,36.0,0.0,233,CA,2015-08-01,Absolute lifetime-PD deterioration,0.0009220231147772536,375.897846764807,411.2580346621248,366.1999906733307,0.02
RM001327,2,374.9556006503195,313571.41,0.008253109096313155,0.000644295438257858,0.14745695218834476,0.01233003879202721,28.0,0.0,231,FL,2015-06-01,Absolute lifetime-PD deterioration,0.001195758250569845,371.94332137136894,402.05712459887417,363.6225267934282,0.02
RM000792,2,368.90441282258934,649917.12,0.0038928488494183898,0.001903663322974371,0.13072087984097835,0.06614901975710907,58.409099229671895,0.0,431,CA,2015-04-01,Prior default history,0.0005676176261099098,365.8718425707238,395.9961478334541,357.6248467145715,0.0202694609745705
RM002980,2,365.0799437584472,259092.73,0.004191103363991587,0.0010220608804034166,0.14362481759412649,0.03704671258128511,87.33462808988764,0.0,443,CO,2015-12-01,Prior default history,0.001409070581634796,287.5377397914036,793.5091036437789,255.08612879557037,0.028524362270180226
RM000217,2,365.0080484185939,99089.76,0.01978343002790826,0.0018532469755266911,0.31590131628546914,0.03463051110892523,29.0,0.0,228,NC,2015-03-01,Absolute lifetime-PD deterioration,0.0036836101774652993,361.57422661171535,395.875254931306,352.10719646218644,0.022855934292012492
RM003372,2,364.9167101983785,272796.86,0.013941793707582676,0.003948360377481808,0.24304985410996338,0.07546479792265448,38.0,0.0,238,NC,2016-01-01,Absolute lifetime-PD deterioration,0.0013376866221934465,361.5536841331722,395.0353959261884,352.3575306123754,0.020000275269786
RM002394,2,364.7585522652292,163342.59,0.015617490043464516,0.004309553487983977,0.26527273753018155,0.08109983777454899,36.0,0.0,235,CA,2015-10-01,Absolute lifetime-PD deterioration,0.002233089069208644,360.73049057543767,400.7015205132854,349.8046871887268,0.02334446052869732
RM000080,2,361.27519393436637,59213.31,0.013194199335258495,0.0020356234422321275,0.37801050477493103,0.07025758888171707,31.0,0.0,429,IN,2015-02-01,Prior default history,0.006101249768580179,357.594687455131,394.1679783439136,347.57710372192497,0.03652054631765614
RM001780,2,358.9062408513917,343694.13,0.01092626530349269,0.0024951219850581404,0.1921017658032227,0.04734979905279568,30.0,0.0,233,WA,2015-08-01,Absolute lifetime-PD deterioration,0.001044260607102576,355.53172527508355,389.1006359560423,346.32250818941833,0.02
RM003393,2,355.6061949457063,436171.72,0.008252691943482243,0.00217728466771426,0.1509752533354488,0.04213483126382478,30.0,0.0,237,NJ,2015-12-01,Absolute lifetime-PD deterioration,0.0008152894345046175,352.2888477747995,385.27661414549084,343.2440480448536,0.02
RM003371,2,354.44820030193864,272683.92,0.011220084514959327,0.0030232684871038615,0.2005165967272362,0.058284733167518366,32.0,0.0,238,NJ,2016-01-01,Absolute lifetime-PD deterioration,0.001299850025267125,350.7491990082416,387.44771988339085,340.7208040402406,0.021142219947662664
RM002061,2,353.3754402544725,106687.52,0.008513878533367129,0.001966634445735097,0.15357307597300496,0.03765968281115417,29.0,0.0,234,MO,2015-09-01,Absolute lifetime-PD deterioration,0.0033122472080565043,349.299907401007,389.687971892183,338.2818153950755,0.0504137456809933
RM000113,2,352.19224364418307,191071.99,0.012121216361404438,0.0010970910477174315,0.20682410339395585,0.020640186744731892,35.0,0.0,228,VA,2015-03-01,Absolute lifetime-PD deterioration,0.0018432437095786938,349.1086073450319,379.8760684564347,340.63100526547305,0.02064535072158439
RM002729,2,351.5403041578438,331959.93,0.00949738288471029,0.002374375763815595,0.17111552571966215,0.045675560093451306,25.0,0.0,236,WA,2015-11-01,Prior default history,0.001058984149556375,347.88388647620144,384.1568998204173,337.9729838418424,0.020937708691687998
RM002214,2,350.96014513652545,59724.33,0.10656092592383624,0.001293491606434043,0.8899250615864549,0.025028729012414708,34.0,30.0,235,AR,2015-10-01,30 DPD backstop,0.005876334571464015,344.7677972623648,405.73870550004455,328.29330417737464,0.025321761256929153
RM002791,2,347.46940112034355,278177.73,0.012342231486488543,0.002722487507592804,0.21751132565117737,0.05241861786750268,39.0,0.0,237,CA,2015-12-01,Absolute lifetime-PD deterioration,0.0012490913673080285,344.1197616451514,377.407047556432,335.0014951551303,0.02021597727492647
RM003215,2,343.1451998902592,92818.77,0.0670324803086453,0.0006272198728228736,0.7474468813518366,0.012366660229935711,44.0,30.0,238,AL,2016-01-01,30 DPD backstop,0.003696937590212187,336.8914506671707,398.2212523604948,320.4194500157062,0.024828390151275553
RM001373,2,340.5221765971774,383249.17,0.0068308524217065725,0.002333959891512668,0.2182210340869627,0.08050073803121549,31.0,0.0,431,TX,2015-07-01,Prior default history,0.0008885138005574217,337.88781237630496,364.12179270459126,330.6796519876516,0.020015147354641154
RM000059,2,339.8905808385364,138612.21,0.009253777707855718,0.0010131455739517546,0.1612692985914307,0.018992380436683165,35.0,0.0,227,PA,2015-02-01,Absolute lifetime-PD deterioration,0.0024520969749961883,336.43634933557973,370.8227966310337,326.9930168035873,0.027878317376314063
RM003104,2,338.85192264448756,135683.56,0.07450565717220611,0.0018308447567808009,0.7846822958057446,0.0356924843106079,31.0,30.0,238,TX,2016-01-01,30 DPD backstop,0.0024973690448900927,332.7722534518366,392.4409532066508,316.7276611651681,0.020921755528622223
RM002093,2,333.3814335130673,68432.08,0.00720031206395733,0.0010081547710664729,0.22999119745023466,0.03582261251189445,91.56405070422535,0.0,434,IA,2015-09-01,Prior default history,0.004871712704232683,284.465195388587,599.3784906215182,266.8765292484258,0.03455848194782058
RM000351,2,329.5622027843097,135953.84,0.015182132847833799,0.0015630339802818203,0.25128568159481257,0.02915701123836789,41.0,0.0,227,NY,2015-02-01,Absolute lifetime-PD deterioration,0.0024240742503802005,325.800743507363,363.1083541464205,315.61015245349967,0.025013192750341653
RM002547,2,328.4922944907206,205903.69,0.004664426903859444,0.0016287372397030698,0.08678095064410829,0.031154798077286272,37.0,0.0,233,MO,2015-08-01,Absolute lifetime-PD deterioration,0.0015953686623621005,324.7112217613456,362.15839024264267,314.5046064895206,0.04332477262956464
RM003317,2,326.70027397853755,451713.23,0.007418094942378783,0.002856332676952519,0.13568027164405472,0.05447651645370477,30.0,0.0,235,NY,2015-10-01,Absolute lifetime-PD deterioration,0.0007232470786355706,323.61343888352684,354.2986381811822,315.2041212592067,0.02
RM003419,2,323.8945822132208,222907.43,0.01112947362434629,0.004884019588295017,0.19906227418228617,0.09253811180879323,30.0,0.0,238,NY,2016-01-01,Absolute lifetime-PD deterioration,0.0014530452493809686,320.35826662754425,355.42834666190515,310.7806539730489,0.0223400711198053
RM003036,2,319.06505176261555,101171.27,0.015223039834383738,0.0011831078765108924,0.26137650852216876,0.02310901442458324,27.0,0.0,237,CA,2015-12-01,Absolute lifetime-PD deterioration,0.003153712034677587,316.0040709634301,346.5393480235536,307.5928956489842,0.023819853388624922
RM002979,2,318.7274899278324,502157.12,0.006428244567669506,0.0025216570137320564,0.11959006557939167,0.04864274496135823,40.0,0.0,237,CA,2015-12-01,Absolute lifetime-PD deterioration,0.0006347166598530603,315.7291270430797,345.5312531855774,307.56326056505355,0.02
RM003334,2,316.3615292759562,311846.8,0.008255823182673008,0.0024709848709942982,0.15161449598388532,0.04788410712355273,31.0,0.0,238,WA,2016-01-01,Absolute lifetime-PD deterioration,0.0010144773949130026,312.9869181790644,346.4466246110627,303.8518026907562,0.021584244089985036
RM002772,2,312.89027951951175,43340.2,0.05766258497880236,0.0014372715948793,0.6890242291595672,0.027890351762747345,52.875043999999995,30.0,236,MS,2015-11-01,30 DPD backstop,0.007219400914613033,307.1244314894844,363.620257058788,291.9707368310722,0.043119877048792415
RM001995,2,312.64884000658833,92168.19,0.024329851523494414,0.0015032095488673974,0.3801305147955175,0.028786810432502086,32.0,0.0,233,OH,2015-08-01,Absolute lifetime-PD deterioration,0.003392155579995531,310.11167107954657,335.52916520618294,303.06723691660073,0.020376153648775996
RM000614,2,311.3762672790891,138183.89,0.01577006608623296,0.0020100488705596963,0.2616546716066407,0.03766921446558524,40.0,0.0,229,TX,2015-04-01,Absolute lifetime-PD deterioration,0.002253347096243195,308.6396903919849,335.9530858701787,301.1103089692645,0.02061407690226039
RM001857,2,309.91948173575594,217236.22,0.006963114907619816,0.001391208795457605,0.12687223824332405,0.02666936533873354,47.32646221428572,0.0,233,AK,2015-08-01,Absolute lifetime-PD deterioration,0.0014266473690978233,306.89589145293826,336.9874372348241,298.63521269269387,0.02298297713183395
RM002449,2,306.51359460038196,471426.47,0.006602805771733566,0.0026102573174552886,0.12215547616266242,0.050103432141709425,34.0,0.0,236,VA,2015-11-01,Absolute lifetime-PD deterioration,0.0006501832504237236,303.62493578736365,332.3369343408003,295.7576581232639,0.02
RM003048,2,300.9538415254388,264206.47,0.007403673160022482,0.000925389416755459,0.13703900985258632,0.01819449870754708,26.0,0.0,238,MA,2016-01-01,Absolute lifetime-PD deterioration,0.0011390858124157173,298.52980103538715,322.75133871310356,291.8417469038853,0.020088323043904028
RM001563,2,300.06220348136156,20047.9,0.28826272762292465,0.0019526942944384775,0.7643004431850735,0.008272655659090189,14.0,0.0,51,MI,2015-06-01,Prior default history,0.014967263577799247,297.9671173081385,318.52139890693053,292.44337742374233,0.025027388989937806
RM002899,2,295.95915142548574,312680.98,0.0070010716423522645,0.0023709222822837373,0.12905111096752064,0.0456105874738707,43.0,0.0,236,PA,2015-11-01,Prior default history,0.0009465211201061406,292.74637767395933,324.58356035853836,284.0614319613567,0.02224972898702958
RM000955,2,292.3807850217364,267436.8,0.011091111448703712,0.002317832259134089,0.19246372164920922,0.04350209748613698,41.0,0.0,230,MD,2015-05-01,Prior default history,0.0010932705784010893,289.6981791068572,316.39227624474245,282.37171810024745,0.02
RM000446,2,289.64318835377196,325747.35,0.008347802305958125,0.004667325802305314,0.14783280781233987,0.08540747254998293,53.90064064748201,0.0,229,VA,2015-04-01,Absolute lifetime-PD deterioration,0.0008891651408791875,286.72024649166167,315.71853863247406,278.79636649483103,0.020471965061079865
RM003410,2,284.83867879879296,286776.77,0.0032675955455192785,0.0005233932206648036,0.10799216009247958,0.018113866321385008,43.0,0.0,419,LA,2016-01-01,Prior default history,0.0009932418124340857,281.82793058266844,311.6703462853172,273.68423886513995,0.02784500115683676
RM003342,2,277.82196024261475,314664.02,0.008903689078933349,0.002386047532911973,0.16253908220873803,0.04627491872737399,42.0,0.0,238,MD,2016-01-01,Absolute lifetime-PD deterioration,0.0008829161981805697,275.2486172044417,300.84366327543904,268.228527797533,0.02
RM000020,2,277.8190168949883,239101.09,0.012160058047145964,0.0022581791711892454,0.20660794313686515,0.041863979203175306,35.0,0.0,227,ME,2015-02-01,Absolute lifetime-PD deterioration,0.0011619312019656134,275.21888571989183,301.09348101956175,268.1168690381035,0.02
RM000105,2,276.72540125399723,32400.91,0.19622229200237848,0.002021029034906599,0.5749410490678193,0.007892396960560877,18.0,0.0,47,MI,2015-02-01,Absolute lifetime-PD deterioration,0.008540667569336701,273.02344408605063,310.45728972748594,262.5104347687098,0.025435000465662005
RM002964,2,274.1756603259994,77285.87,0.07467111013047584,0.0009313993911116465,0.7840523904232543,0.018235395754976125,41.0,30.0,237,TX,2015-12-01,30 DPD backstop,0.003547552228188664,269.2269487623866,317.79568059160584,256.1671691050753,0.023269787395343775
RM002309,2,268.1244010212106,489789.89,0.005455890048122999,0.001844653181902859,0.1015974560310744,0.0355119318410122,39.0,0.0,235,CA,2015-10-01,Absolute lifetime-PD deterioration,0.000547427389775666,265.61172332899673,290.584203913952,258.770073307532,0.02
RM001614,2,267.80583862489993,164355.36,0.014543831516754625,0.0035985125080799556,0.24666518572349738,0.06732336027746477,30.0,0.0,232,AZ,2015-07-01,Absolute lifetime-PD deterioration,0.0016294317302757875,264.9781977639007,293.0419222452196,257.3053090148306,0.021150986527315053
RM003322,2,267.2249713702613,99673.51,0.008021988984619527,0.0014902285366152083,0.1476383543192804,0.02914508886270817,35.0,0.0,238,MO,2016-01-01,Prior default history,0.0026810029201365672,264.15266393343364,294.5967263277287,255.8482178994202,0.04129586010308794
RM002662,2,261.73365991858446,335874.11,0.007548003500456536,0.002289511525772714,0.13843702991339613,0.04407773672597426,36.0,0.0,236,CA,2015-11-01,Absolute lifetime-PD deterioration,0.000779261193780564,259.110053123285,285.1425888960392,251.99499883700352,0.0203399147302284
RM001520,2,261.2078783624986,177876.51,0.010552934749239186,0.0010162074655552756,0.18399875106211117,0.01929856462300461,34.0,0.0,230,IL,2015-05-01,Prior default history,0.0014684787685709517,259.11072128641956,280.0823753235558,253.3134801349529,0.02000708928948409
RM000399,2,261.13801372925,102760.28,0.01166878829612166,0.0021941903704134707,0.19989367588333584,0.04087648956452661,37.0,0.0,228,PA,2015-03-01,Prior default history,0.0025412349375580723,258.0905082726539,288.296623991846,249.8478224201344,0.03058262426231005
RM001085,2,258.2782967907385,165738.16,0.015336432421314543,0.0015728885915237954,0.2573375165305529,0.029847440899899214,55.0,0.0,231,IL,2015-06-01,Absolute lifetime-PD deterioration,0.0015583514188328054,255.78930756363934,280.53213836587184,249.00825565774582,0.020273422054106763
RM003437,2,254.52411602192706,108708.13,0.009113323108245598,0.0019334104407528001,0.16604532015573037,0.0376557949877141,55.0885793918919,0.0,238,IL,2016-01-01,Absolute lifetime-PD deterioration,0.0023413530894324745,251.90972148033427,277.9201325965095,244.77287902552177,0.02625252761975299
RM001660,2,250.317749223941,154192.46,0.016606949167662158,0.002377174344627552,0.14469713497499126,0.021968473276942735,18.0,0.0,112,CA,2015-07-01,Prior default history,0.00162341108783102,247.67565181725055,274.04711958869814,240.4055051369113,0.02019632998649085
RM001503,2,248.5890243861052,268894.24,0.009540834163919348,0.002883912688735146,0.16917965351458686,0.05430596968292545,29.0,0.0,232,GA,2015-07-01,Absolute lifetime-PD deterioration,0.0009244862381064958,246.24375259750613,269.5658136535967,239.84890541622875,0.020011156396947644
RM002651,2,243.26808390182822,252373.47,0.009603039044447191,0.0025142530917071472,0.17285265298808028,0.048303638402832805,42.0,0.0,236,OH,2015-11-01,Absolute lifetime-PD deterioration,0.0009639209854420443,240.99809171945844,263.57049261146915,234.80922348347426,0.02004852287785761
RM002349,2,242.76115100425974,218111.91,0.01079231547696596,0.002923021867085979,0.19143827621764065,0.055714134925591186,34.0,0.0,235,FL,2015-10-01,Absolute lifetime-PD deterioration,0.001113011898361074,240.32758674285046,264.4853470865498,233.72055271295463,0.02039808371333987
RM002871,2,241.40400915897095,200430.36,0.049783325442944025,0.0010303848682097906,0.6336928503938362,0.02007053353187549,36.0,30.0,236,NC,2015-11-01,30 DPD backstop,0.0012044283568565708,237.13942782968314,278.92371849009254,225.93240839585968,0.02
RM002767,2,239.28607048481317,148294.19,0.009851707853639827,0.0016087478244152908,0.1769274711653448,0.031168123192868658,52.0,0.0,236,VA,2015-11-01,Absolute lifetime-PD deterioration,0.001613590326666292,236.54559846858277,263.6961934185913,229.1416468696507,0.024510471318684477
RM002745,2,239.22806712231602,156259.86,0.013654811244966019,0.0030393810414194437,0.2369219408945522,0.05810880660683815,26.0,0.0,236,AZ,2015-11-01,Absolute lifetime-PD deterioration,0.001530963019692428,236.70941147569664,261.7046195382346,229.876249396239,0.021110702673036132
RM002094,2,239.16316167632954,307539.88,0.007984303900119982,0.001882623056167423,0.1447135254843146,0.03607881851212724,38.0,0.0,234,CA,2015-09-01,Absolute lifetime-PD deterioration,0.000777665523171595,236.90933899034502,259.3172504281195,230.76705468259064,0.02
RM002889,2,236.79244048114174,99715.78,0.016241711085697132,0.003467463676774934,0.27632096424701724,0.06630123382011477,34.0,0.0,237,PA,2015-12-01,Absolute lifetime-PD deterioration,0.0023746737024084026,234.16206133438544,260.2639037918359,227.02721743795746,0.02360414340836909
RM002860,2,236.53021394880062,243062.44,0.009471099990090024,0.00203755522518573,0.17134026669208346,0.0394822037466237,38.0,0.0,237,NY,2015-12-01,Absolute lifetime-PD deterioration,0.0009731253168889468,234.2453597788227,256.940159559576,228.03310952780905,0.02020592105311852
RM001148,2,235.61065533199172,159328.57,0.05183298950068039,0.0008247677733228174,0.641050637146874,0.015757855669980336,14.0,30.0,231,CA,2015-06-01,30 DPD backstop,0.001478772170816519,231.38628558085983,272.7684810677596,220.29040936191686,0.020309296418885816
RM003203,2,235.56211493428285,300270.82,0.00634890943735514,0.0017419182621669748,0.11820061382256564,0.03384681817837232,33.0,0.0,237,NY,2015-12-01,Absolute lifetime-PD deterioration,0.0007844988565132064,233.06146344827656,257.8482071028638,226.29725784584502,0.021464162798346707
RM001710,2,234.12201543374943,108428.69,0.013764421728073508,0.0010079948601576865,0.23329300860268265,0.019144025534818976,35.0,0.0,230,MN,2015-05-01,Absolute lifetime-PD deterioration,0.0021592257126204274,232.01094788451448,253.0641807855104,226.2140880671163,0.021054888285954976
RM002150,2,233.42997613834945,120332.54,0.013424947402977722,0.0012076942669047468,0.2316881675791862,0.023288800858035974,38.0,0.0,234,SC,2015-09-01,Prior default history,0.0019398740867461906,231.44488968015986,251.2619914805368,225.98029461720816,0.020405072354726703
RM002108,2,232.17643943928144,118209.84,0.01263068149464275,0.0018790150531332993,0.21953623835245917,0.03601087062853292,37.0,0.0,234,NC,2015-09-01,Absolute lifetime-PD deterioration,0.0019641041679718156,229.56315442223075,255.47621450549016,222.4876079645486,0.024216428260089736
RM002413,2,231.53213860796268,194971.38,0.009627824405792096,0.0033768626150309346,0.17259286475639557,0.0640957779024025,27.0,0.0,235,RI,2015-10-01,Absolute lifetime-PD deterioration,0.0011875185917438892,229.04368843097916,253.71931781342602,222.3058534913276,0.021707053679651752
RM001354,2,230.30896083409857,335826.41,0.006887849323460629,0.0019641307568401935,0.12508261504792562,0.03729720190544661,45.0,0.0,232,CA,2015-07-01,Absolute lifetime-PD deterioration,0.0006857976441879558,228.15539571572657,249.56550981549398,222.28702832782238,0.02
RM003130,2,230.20555466658078,276213.46,0.007221736174253687,0.0020738115618200836,0.13389643973267562,0.040337197467534835,35.0,0.0,238,CA,2016-01-01,Absolute lifetime-PD deterioration,0.0008334335143065829,227.7986210891286,251.6612635929125,221.28465195304216,0.020980195250274624
RM001585,2,230.16212922846387,225045.38,0.01054527581971059,0.002116974625610205,0.18531839499010627,0.04014357144062375,36.0,0.0,232,FL,2015-07-01,Prior default history,0.0010227365219782065,228.01358259647492,249.38819753308798,222.14917392682582,0.02
RM002296,2,226.73382940386807,130641.43,0.0074696631024636735,0.00035330009078235003,0.13655922674114407,0.006896127761270354,35.0,0.0,235,MD,2015-10-01,Absolute lifetime-PD deterioration,0.0017355430769845988,224.91766723957818,243.08933350960066,219.89045751241596,0.021079805317387734
RM002584,2,226.72251417079906,140432.89,0.010551637357098815,0.0010196964995030874,0.18829484298042964,0.019864314809589723,37.0,0.0,236,MT,2015-11-01,Absolute lifetime-PD deterioration,0.0016144545210940188,224.73617568351128,244.54193730436043,219.28422718170887,0.02063682862848689
RM001416,2,226.39209521534244,299756.41,0.007693418875945815,0.001704961490105144,0.1387018409335007,0.03245246234820631,34.0,0.0,232,DC,2015-07-01,Absolute lifetime-PD deterioration,0.0007552535580985322,224.26316947067406,245.4294206075372,218.46120440697882,0.02
RM001737,2,226.30268495423962,445591.94,0.005024894569445497,0.0016458017397286938,0.09318122724891797,0.03147628418555859,39.0,0.0,233,HI,2015-08-01,Absolute lifetime-PD deterioration,0.0005078697899119082,224.18472785605186,245.23341873858655,218.4183988738089,0.02
RM001796,2,226.23976417412035,281143.74,0.006756142461287546,0.001980959367903833,0.1233319930092831,0.037770003755417725,36.0,0.0,233,NJ,2015-08-01,Absolute lifetime-PD deterioration,0.0008047120813507011,223.84423582275747,247.5891398874217,217.36428266572062,0.021230865756720556
RM002879,2,226.09137001813963,305720.64,0.007430084823425517,0.0016259293341721198,0.13642157750040085,0.03149596925985587,34.0,0.0,236,WA,2015-11-01,Absolute lifetime-PD deterioration,0.0007395358390527366,223.9826201740402,244.94934073863053,218.23492312873836,0.02
RM003234,2,225.91074741209215,222185.38,0.0068743270869896225,0.0005828067573483693,0.12786548360385142,0.011495783007592908,34.0,0.0,238,IL,2016-01-01,Absolute lifetime-PD deterioration,0.0010167669331442605,224.1033481402616,242.1663444050077,219.11456599376328,0.02
RM001269,2,223.690880244616,303029.07,0.007311979514492479,0.0017364997067090841,0.13121635847039226,0.03276311294269085,30.0,0.0,230,CA,2015-05-01,Absolute lifetime-PD deterioration,0.0007381829084734874,221.4880946908497,243.3561494999645,215.50679738613152,0.02019922664355427
RM002907,2,223.517210593803,180312.02,0.009167964199013175,0.0025097098106362705,0.16631730470682038,0.0484176725454567,50.0,0.0,237,MD,2015-12-01,Absolute lifetime-PD deterioration,0.0012396134799765595,221.038719717429,245.59605214357484,214.34104186417932,0.02236411412146065
RM001618,2,221.80165694921084,371482.55,0.0058481241259983,0.0018926008206543129,0.10720262995970631,0.03596237175303851,40.0,0.0,232,CA,2015-07-01,Absolute lifetime-PD deterioration,0.0005970715366016812,219.6324925833232,241.163989891861,213.7443678665976,0.020174822368291
RM003368,2,221.76780641230286,249653.79,0.008998219223322577,0.0028102493621617367,0.16412187733132066,0.054285995323027025,38.0,0.0,238,TX,2016-01-01,Absolute lifetime-PD deterioration,0.0008883013809335835,219.70402348870346,240.2291134050963,214.07520218335335,0.020004798623048676
RM001383,2,218.63436870776206,252600.09,0.008640267489174866,0.0016546506439265296,0.15384088851830602,0.03137564615918209,36.0,0.0,231,WA,2015-06-01,Absolute lifetime-PD deterioration,0.0008655355930703037,216.49722517677893,237.72083377353917,210.68929921072214,0.020175890462947755
RM001424,2,218.10481878666917,203920.7,0.008789542948000715,0.002219317290519406,0.15691068484342163,0.04204500808456768,31.0,0.0,232,CA,2015-07-01,Absolute lifetime-PD deterioration,0.0010695570326439109,215.75248720449758,239.0722974717628,209.38730277841478,0.021600969810996823
RM003366,2,217.59899777790832,196597.96,0.0063848582090328225,0.0020045570340774094,0.11930069046092728,0.039015451599762274,40.0,0.0,238,NY,2016-01-01,Absolute lifetime-PD deterioration,0.0011068222568428906,215.12131815799805,239.66306627629342,208.4309268364632,0.02532137619769792
RM002858,2,217.00044350417437,229272.61,0.006000691744847476,0.0006512480659750608,0.11207737417120422,0.012783921852258295,40.0,0.0,237,GA,2015-12-01,Absolute lifetime-PD deterioration,0.0009464734732342184,215.16708685464735,233.44956131023395,210.133617997681,0.020344583151054082
RM003365,2,216.84775455757404,201899.02,0.007506842645195735,0.002306610665433879,0.13881622685583495,0.044767603158803126,29.0,0.0,238,NY,2016-01-01,Absolute lifetime-PD deterioration,0.0010740406494175853,214.44883469584317,238.22315685692203,207.9625421716946,0.023096942732132517
RM000985,2,215.6265849933227,217380.14,0.010389800882270619,0.002045911328201423,0.18141625595631394,0.038493033684379396,37.0,0.0,230,FL,2015-05-01,Prior default history,0.0009919332326923825,213.591724963339,233.83150259682125,208.04021137490955,0.02
RM002315,2,212.91746859812883,436471.3,0.004928617394429568,0.0014411857064767504,0.09184994947500646,0.02773161041375738,33.0,0.0,234,CA,2015-09-01,Absolute lifetime-PD deterioration,0.00048781550722379417,210.8982680010012,230.96067073057085,205.4040702846229,0.02
RM002826,2,212.8891581117884,139883.45,0.010236539743857864,0.0014681937328043532,0.18389605239227236,0.028601150612658,45.0,0.0,237,IL,2015-12-01,Absolute lifetime-PD deterioration,0.001521903828592935,210.49218460248076,234.2459261556954,204.01202650569795,0.02342334617718573
RM002618,2,212.66673644450472,100686.9,0.009307834918889613,0.0007730985915255735,0.16863854447508075,0.015158537292839558,45.0,0.0,237,PA,2015-12-01,Absolute lifetime-PD deterioration,0.0021121589446542175,210.5489669066072,231.63179815067534,204.75884300252122,0.02431862946716298
RM001435,2,211.043027314632,285879.63,0.00754679985332237,0.002425517479654172,0.13623811139404374,0.04586518344346813,29.0,0.0,232,NV,2015-07-01,Absolute lifetime-PD deterioration,0.0007382233820389092,209.05153132227653,228.84980948395906,203.62519468604953,0.02
RM001873,2,209.94928177214427,242366.97,0.006412000709812227,0.0015501140900407646,0.11741532073133065,0.029672271797208327,28.0,0.0,233,WA,2015-08-01,Absolute lifetime-PD deterioration,0.0008662454367117115,207.64112294351523,230.51370820454926,201.40175673981554,0.022562043600334394
RM002954,2,207.2341315297922,212866.82,0.008948449465757026,0.0036275539546746136,0.162034462138533,0.06897728780035861,25.0,0.0,236,CA,2015-11-01,Absolute lifetime-PD deterioration,0.0009735389081764466,205.09649780683847,226.30100715460617,199.30341933476618,0.02070776058405835
RM002646,2,206.52906622221596,128841.95,0.015216040690971338,0.001673233927987854,0.2603283095904373,0.032398059881240004,42.0,0.0,236,FL,2015-11-01,Absolute lifetime-PD deterioration,0.0016029644554604768,204.45510790843755,225.05257641240368,198.8179891798913,0.02055142202504754
RM003096,2,205.349911739232,86822.91,0.023616524543336233,0.005442103200884473,0.37626041220061424,0.10217047430188131,43.0,0.0,237,IL,2015-12-01,Absolute lifetime-PD deterioration,0.0023651581332534465,203.3953627297423,222.8522384025106,198.05221138226983,0.020334504211874584
RM003210,2,204.9282194211072,216775.2,0.005174134382320027,0.0007053346892301654,0.16386989216798686,0.02404874029181492,54.0,0.0,414,ND,2016-01-01,Prior default history,0.0009453490040424698,202.88204752382347,223.16709463883285,197.34506760703346,0.022014852476927214
RM001152,2,203.95070025823662,318887.51,0.005994290162161551,0.0019201002562636194,0.10929083126061356,0.03632141761174279,29.0,0.0,231,NY,2015-06-01,Absolute lifetime-PD deterioration,0.0006395694213869857,201.88996867125317,222.33058192459154,196.30601134649893,0.020451443639342638
RM003357,2,203.64580762698176,213667.01,0.006078996841566274,0.002155006442384305,0.11390820278926894,0.04188463058851799,37.0,0.0,238,NY,2016-01-01,Absolute lifetime-PD deterioration,0.0009530989722137346,201.35160872657738,224.07684230390657,195.15606547812038,0.024037284973647953
RM002528,2,203.44070796290987,183816.52,0.005456148819886916,0.0018047837410804597,0.10078245776163619,0.03446656194079101,42.0,0.0,233,PA,2015-08-01,Absolute lifetime-PD deterioration,0.0011067596533919251,201.0803259607146,224.4527369204582,194.71172460381933,0.02808430097975085
RM001700,2,201.12663025293108,116630.89,0.011760005043804462,0.0020524244862575518,0.20443883857918665,0.03894244671518354,38.0,0.0,232,PA,2015-07-01,Absolute lifetime-PD deterioration,0.0017244713664873095,198.86958895788212,221.24553937264724,192.7617113962669,0.02349576521459438
RM001419,2,200.99984379077682,444765.71,0.004569825177639119,0.0012572168362748833,0.08404593171494523,0.02382344859685781,35.0,0.0,230,HI,2015-05-01,Absolute lifetime-PD deterioration,0.0004519229771350332,199.08731603694082,218.0883192090277,193.88439737592577,0.02
RM001479,2,200.4189384082895,169598.42,0.007843919727038962,0.0019175041896555807,0.14122386750203697,0.036427296032699674,34.0,0.0,232,PA,2015-07-01,Absolute lifetime-PD deterioration,0.0011817264477363026,198.1553937273327,220.58246033253047,192.0389342525653,0.023848952772818337
RM003404,2,199.16225309491057,166244.68,0.008359194919359842,0.0023223322071824703,0.15277416974223523,0.04488106005036252,35.0,0.0,237,CA,2015-12-01,Absolute lifetime-PD deterioration,0.0011980067758854635,196.91735036163595,219.15976250630993,190.85123142959478,0.02327104368475027
RM002681,2,198.61461129894593,116387.18,0.014930629959111883,0.0012264462399077503,0.262600211876729,0.02454453995027739,47.0,0.0,243,TX,2015-11-01,Prior default history,0.0017064990430986123,196.60022307535104,216.5988965494197,191.12986309574205,0.020869460509071146
RM002677,2,197.79815852993698,184179.02,0.006500076523349183,0.0007783367084745671,0.12036841766991746,0.015196597208100626,30.0,0.0,236,MD,2015-11-01,Absolute lifetime-PD deterioration,0.0010739451134550342,196.0107297856898,213.81552320405711,191.1166424138879,0.020927195274820256
RM002403,2,197.09540871506692,112819.67,0.01240296041507356,0.0008314788817129851,0.21683365961251455,0.016157938475869327,31.0,0.0,235,OH,2015-10-01,Absolute lifetime-PD deterioration,0.0017469950826399946,195.50642610109355,211.39800828694771,191.11280567633702,0.020073989477501764
RM002666,2,194.92799072634443,250878.59,0.007795133946895685,0.0017233047691968032,0.1426464812394007,0.033352033521072855,40.0,0.0,236,KY,2015-11-01,Absolute lifetime-PD deterioration,0.0007769813706556006,193.10346114866087,211.24251439325718,188.1316236181472,0.020018492321047014
RM001472,2,194.62167190004382,235274.17,0.00840170828153588,0.0018123981520179178,0.15051010269051168,0.03446361140731857,39.0,0.0,232,CA,2015-07-01,Absolute lifetime-PD deterioration,0.0008272122345604016,192.80218483831408,210.8959325524357,187.8408302453757,0.02
RM001027,2,193.7061284198442,282921.73,0.006951789365877308,0.00235227646440059,0.1256628856520512,0.04432240133418275,50.0,0.0,231,TX,2015-06-01,Absolute lifetime-PD deterioration,0.0006846633110148316,191.8839935252385,209.9977728264703,186.919671530255,0.02
RM000825,2,193.51819849781958,455095.68,0.004275803395161212,0.0013854590234198144,0.07818842783124225,0.02599805022961843,28.0,0.0,228,NY,2015-03-01,Absolute lifetime-PD deterioration,0.0004252253031666211,191.6775004171005,209.96437615668773,186.67032640837368,0.02
RM001343,2,192.89126626683768,62994.28,0.017157067334402972,0.0018151966277016821,0.28436269788616353,0.03451594416131765,36.0,0.0,232,IA,2015-07-01,Prior default history,0.0030620441453864966,191.0895517271562,209.0721030062502,186.13241406259888,0.02209542479024543
RM001398,2,192.7017474584656,234118.41,0.008358960455006047,0.0021795653942648114,0.14980180658013587,0.04130687747488515,45.0,0.0,232,IL,2015-07-01,Absolute lifetime-PD deterioration,0.0008230952339820931,190.90118574075098,208.80672729984389,185.9914396056185,0.02
RM000486,2,192.4739247282904,173475.07,0.00964265449162715,0.0026509921514190574,0.16881835865258632,0.049395273007945106,25.0,0.0,229,CA,2015-04-01,Absolute lifetime-PD deterioration,0.0011095192221469655,190.4119917864034,210.85803498705462,184.8291579585685,0.021288421993612187
RM000561,2,192.37084160674152,69714.54,0.008639144375195015,0.0017968722987750146,0.15198494018518083,0.033594039027407874,61.098136179775274,0.0,228,NC,2015-03-01,Prior default history,0.002759407744879928,190.3194793210521,210.71742831332068,184.72697349715733,0.03064329103462196
RM001968,2,191.92996731907093,283532.08,0.006731224328313251,0.0024306242920277294,0.12339837158315525,0.046346489041422245,37.0,0.0,234,OR,2015-09-01,Prior default history,0.0006769250496066298,190.14492725510766,207.8899985454742,185.28163437905903,0.020005219219809994
RM002961,2,190.96445103091526,250089.92,0.0077216766041328325,0.002139126260111165,0.14195175495316925,0.04141112214279152,34.0,0.0,237,FL,2015-12-01,Absolute lifetime-PD deterioration,0.0007635831585331998,189.17910575012326,206.93034544211648,184.31286547701734,0.020000417834437536
RM003387,2,190.5141546975973,481904.86,0.0032707866895190464,0.0019535517808989596,0.06291091216000644,0.03804089405336597,60.2381075,0.0,238,NY,2016-01-01,Prior default history,0.0003953356160334164,188.5122678597914,208.3418318820743,183.10623327576943,0.021063303426622163
RM000314,2,190.4053664651011,346664.36,0.016941439919668407,0.0008296431483181194,0.27721622506401744,0.015646070707693194,48.5330104,30.0,228,DC,2015-03-01,30 DPD backstop,0.0005492499040429225,186.84860784005025,221.5745632885321,177.5847988747889,0.020727574568674495
RM000966,2,189.82656212729293,201721.69,0.006419361274840251,0.002082344527243893,0.11612034979096986,0.039165610291552744,27.0,0.0,230,PA,2015-05-01,Absolute lifetime-PD deterioration,0.0009410319838550476,187.70098229872315,208.76112811612754,181.95730781425016,0.02362695067571964
RM000745,2,188.8847612334993,149261.28,0.012763624337412445,0.002513819020701422,0.21740525688430334,0.046897135963552494,37.0,0.0,229,CA,2015-04-01,Absolute lifetime-PD deterioration,0.0012654638981623317,187.04000636487905,205.37079619787534,182.01935921285556,0.020218078825788365
RM002978,2,188.00070496671398,263020.75,0.0071139585213058285,0.0016422097743821102,0.13151313890968586,0.03193912245678543,34.0,0.0,237,IN,2015-12-01,Absolute lifetime-PD deterioration,0.0007147751839606342,186.21315984040962,203.97358950449927,181.34948517785335,0.02006670725515066
RM002457,2,187.83653718134354,71202.54,0.005845884471607534,0.0015375444574802345,0.10847146834291799,0.02968393203867059,32.0,0.0,235,MO,2015-10-01,Absolute lifetime-PD deterioration,0.002638059501547888,185.65048929464,207.30123711617549,179.74916662787263,0.056110310944611906
RM001247,2,187.74079834595636,205531.03,0.007069873361748405,0.0016271585352126904,0.1276620992023234,0.03086204912748014,43.0,0.0,231,MD,2015-06-01,Absolute lifetime-PD deterioration,0.0009134425996208766,185.68436602415093,206.05802703064717,180.12846765567272,0.02195113537178681
RM003312,2,187.46537146348825,155363.73,0.015017505215873129,0.0033814765353856356,0.13825182897227606,0.03275894377135402,19.0,0.0,118,OH,2016-01-01,Absolute lifetime-PD deterioration,0.0012066224946033946,185.08957342083244,208.6285796328183,178.66996297638357,0.021526229726266298
RM000567,2,186.4405860666748,60919.7,0.09389865881466897,0.001526591369845722,0.8464115026397173,0.028610150189068317,18.0,30.0,228,FL,2015-03-01,30 DPD backstop,0.0030604317826035715,183.14117671531972,215.58537418012435,174.39181783904942,0.020914407239986537
RM002380,2,186.32414612042038,139544.38,0.012240979508773982,0.00258005338738458,0.2143143203171205,0.04933290711470184,36.0,0.0,235,KS,2015-10-01,Absolute lifetime-PD deterioration,0.0013352321757452387,184.38239542520415,203.64726279176352,179.117844183898,0.02082893980063593
RM002692,2,186.1394051313109,113026.91,0.004782271082551426,0.0011515260884197732,0.08996929687348132,0.022404925443320733,33.0,0.0,236,MO,2015-11-01,Prior default history,0.0016468591871733101,183.98460680732003,205.32322477353603,178.16942058725806,0.04293905858001872
RM002122,2,185.93370217475456,156937.82,0.009961564195608537,0.0023623715886860724,0.1773500434484897,0.04507334702870702,23.0,0.0,234,CA,2015-09-01,Absolute lifetime-PD deterioration,0.0011847603221119966,183.93715397973233,203.73592592286124,178.53062421166592,0.02150182231081037
RM002006,2,185.2248091334338,224494.89,0.0070270891308803285,0.002206458175588044,0.12847607376288617,0.042158986845994395,41.0,0.0,234,IL,2015-09-01,Absolute lifetime-PD deterioration,0.000825073609174061,183.25515646330166,202.7752306815424,177.9295510494778,0.021147991913615265
RM000024,2,185.0865151521099,346282.92,0.005098147454000633,0.002430903152578166,0.09215954602194976,0.044996780608359654,44.851882971428566,0.0,227,CA,2015-02-01,Absolute lifetime-PD deterioration,0.0005344950745826849,183.2059762454971,201.85378169149337,178.11397073217523,0.020393547554388165
RM002160,2,184.62241389123645,199181.92,0.007728743710803932,0.0023558986028501664,0.14040671163956864,0.04495252043642162,40.0,0.0,234,OH,2015-09-01,Prior default history,0.0009269034754320896,182.63532866487807,202.3274188881501,177.26309344173117,0.021375798490453457
RM001929,2,184.24139175271327,100176.11,0.00873897914386392,0.0007082651051072774,0.266651593656941,0.024723475702309594,30.0,0.0,424,GA,2015-08-01,Prior default history,0.0018391749465288007,182.3560751577198,201.0647496248258,177.24202450429337,0.023619739102640272
RM001342,2,184.23109452635583,278577.77,0.0062491950392060845,0.0017032054283263789,0.11367755180092565,0.03228209776266133,30.0,0.0,231,CA,2015-06-01,Prior default history,0.000661327336084124,182.38441152699096,200.70394480869976,177.37904970673893,0.020389635600147855
RM000129,2,184.04912801168712,48338.22,0.0050953806371338214,0.0008427706488579244,0.17749156665414711,0.031735096713113586,80.56370000000001,0.0,459,NY,2015-02-01,Prior default history,0.0038075280391310874,182.07922365533662,201.61584620455434,176.7434502415102,0.04440022169080644
RM002222,2,183.39819583612768,95003.95,0.010715439939818326,0.002473225968300363,0.1894794977496551,0.04714033685744745,24.0,0.0,234,WA,2015-09-01,Absolute lifetime-PD deterioration,0.0019304270594657138,181.30885539989862,202.02244616200264,175.6546653150073,0.026887137371239888
RM003433,2,182.84996689201466,139647.1,0.005869221579666772,0.001103102897076886,0.1097550547705608,0.02156244115233208,72.71564970414202,0.0,237,IL,2015-12-01,Prior default history,0.0013093717441466,181.08719546874062,198.62316041182643,176.27629241274505,0.022892670535716506
RM002539,2,182.67493080260485,363199.1,0.003699191872442913,0.0019933145273759905,0.06971844436299235,0.038161214060667414,62.755784017278614,0.0,234,CA,2015-09-01,Absolute lifetime-PD deterioration,0.000502960857564363,180.666950024823,200.5461017834762,175.25173312148718,0.022080581838491584
RM002814,2,181.9680850656445,125245.69,0.007722420337347694,0.0021077410547933532,0.1414099584543399,0.040646815281883186,35.0,0.0,236,NY,2015-11-01,Absolute lifetime-PD deterioration,0.0014528889981415287,179.87844474262627,200.58051084497507,174.2332301164091,0.026864892891602214
RM002336,2,181.9429452297299,194415.64,0.012704401584724608,0.0018522208098320618,0.11532108897832805,0.0176100076984943,29.0,0.0,115,FL,2015-10-01,Absolute lifetime-PD deterioration,0.0009358452089025857,179.66032125239266,202.27357187203495,173.49423213074857,0.020644403398651295
RM000719,2,180.59082714594203,314120.57,0.005785219913411338,0.0010762534069759648,0.10481230256454299,0.020339859398569193,33.0,0.0,229,SC,2015-04-01,Absolute lifetime-PD deterioration,0.0005749092685841682,178.8865844521622,195.8243860842035,174.24616499099278,0.02
RM003199,2,180.31359273732636,102938.39,0.008323461443302487,0.0020263290533201295,0.1527613359758495,0.03943116406926794,46.0,0.0,238,CA,2016-01-01,Absolute lifetime-PD deterioration,0.0017516651730935986,178.20042874097982,199.12994201273855,172.49544599397706,0.028589796895055305
RM000184,2,179.5977716727346,259506.11,0.004656129649270984,0.001454254533982553,0.08485527841117213,0.0272721586640694,42.0,0.0,228,WA,2015-03-01,Prior default history,0.0006920753105687362,177.5798959251963,197.56280936588405,172.13407785309516,0.023408068694693928
RM000400,2,178.86907123446727,175490.78,0.01544677286138573,0.0041840093824777125,0.1307337855980687,0.03703198492679549,27.0,0.0,108,MD,2015-03-01,Absolute lifetime-PD deterioration,0.0010192505340421148,176.63820712663036,198.76232931732946,170.59597864795242,0.020158299028218196
RM002698,2,178.23874152116656,351236.43,0.005055684601837812,0.0016588930781057617,0.09487357930898144,0.032124666566962556,32.0,0.0,236,CA,2015-11-01,Absolute lifetime-PD deterioration,0.0005074608619645934,176.53564917073896,193.45125564863645,171.90562730036135,0.020048113267047137
RM003328,2,177.61442346667027,288184.15,0.005603426734458774,0.0014503834727582821,0.10546134749692593,0.02837642678998331,35.0,0.0,238,WA,2016-01-01,Absolute lifetime-PD deterioration,0.00061632266544385,175.80178084267146,193.7744413970996,170.89488408103531,0.020582145581801083
RM001385,2,177.56029334048202,289079.52,0.006146388425936397,0.001372822322549669,0.11236696277608327,0.026209865736044335,40.0,0.0,232,CA,2015-07-01,Absolute lifetime-PD deterioration,0.0006142264707665282,175.89615625202606,192.43778246056968,171.36330619616538,0.02
RM000674,2,177.41248564395488,56704.77,0.0077751357405076715,0.0015423292714590974,0.1383924016953917,0.029025919327161143,23.0,0.0,229,MO,2015-04-01,Absolute lifetime-PD deterioration,0.0031287047922768205,175.35178986104827,195.7684573742168,169.78385492271732,0.05381639257420676
RM002126,2,177.36304823363156,137790.74,0.011530178128793565,0.0031047373407180963,0.10432090001586747,0.0291088198530437,68.30144439655172,0.0,114,NY,2015-09-01,Absolute lifetime-PD deterioration,0.0012871913470646255,174.9406242430111,198.87770588889913,168.4381545785223,0.025363993179219082
RM001584,2,177.23550897287163,561260.42,0.0029748032935250357,0.001205379513675178,0.05597117508465488,0.023048295211530512,48.0,0.0,232,NJ,2015-07-01,Prior default history,0.0003157812356924645,175.6184171063625,191.68667266009072,171.21758461941553,0.02
RM000294,2,177.190057999999,306277.14,0.005845474170625632,0.0012941560302188095,0.10497295077242419,0.024199357447099223,42.0,0.0,227,TX,2015-02-01,Absolute lifetime-PD deterioration,0.0005785285117916374,175.5149457090183,192.1632304397658,170.95384516908655,0.02
RM002962,2,176.80570679225764,418919.18,0.00419815151231479,0.001508492327005428,0.07940717396642671,0.02925301335409014,26.0,0.0,236,CA,2015-11-01,Absolute lifetime-PD deterioration,0.0004220520693090673,175.1377476214071,191.70926311550022,170.59995655283956,0.02
RM001460,2,175.0918281609928,167259.06,0.008761962027561706,0.0022988462442847767,0.15583815577462312,0.04333665733762626,25.0,0.0,231,CA,2015-06-01,Absolute lifetime-PD deterioration,0.0010468301577265398,173.2082294556769,191.88260588390168,168.11048424210156,0.02149782987275101
RM003087,2,175.02923986284472,196512.76,0.006873224445471914,0.0022236644793142066,0.12734486754866947,0.04301376844728877,42.0,0.0,237,IL,2015-12-01,Absolute lifetime-PD deterioration,0.0008906762078088197,173.1280720225645,191.96450586602515,167.99096423255773,0.02184350283293549
RM000002,2,175.00259430375564,158127.48,0.008996031686036837,0.0019595646666675424,0.15713207355755188,0.0364248508081515,27.0,0.0,227,NY,2015-02-01,Absolute lifetime-PD deterioration,0.0011067184167088203,173.08774154974603,192.06880349495702,167.907553096897,0.02186606798728331
RM000610,2,174.6652971826771,321032.24,0.005439510437747066,0.0015056888369222006,0.09885341241862333,0.02834571884245174,49.0,0.0,229,KS,2015-04-01,Absolute lifetime-PD deterioration,0.0005440740069678893,173.02334767976973,189.34202772671986,168.55255344531,0.02
RM001918,2,174.47887421686463,234877.3,0.0072885825182089645,0.0027342683728244586,0.1324119181424266,0.05177464792732378,23.0,0.0,233,CA,2015-08-01,Absolute lifetime-PD deterioration,0.0007428511576762192,172.7344427666304,190.04562715354305,168.0021720849344,0.02028611714049679
RM002391,2,173.43991626362873,145091.59,0.010524385392436771,0.0028010166372197105,0.187138685334039,0.05344879327200047,34.0,0.0,235,TX,2015-10-01,Prior default history,0.0011953822841394787,171.61890620693796,189.67893177084076,166.68638781753228,0.021020612758400923
RM002513,2,172.72493323219314,159299.98,0.00596946580047394,0.0024300667280478,0.11019541572253932,0.04633609512860071,45.0,0.0,234,NY,2015-09-01,Absolute lifetime-PD deterioration,0.0010842746699164252,170.73252891823296,190.46167312033734,165.3564836861395,0.025924879927728385
RM000696,2,171.50881197555026,308574.54,0.0055998529286389286,0.0016245211655892392,0.10162184629264248,0.030550105404920314,37.0,0.0,229,VA,2015-04-01,Absolute lifetime-PD deterioration,0.0005558099899478106,169.88828271903952,185.99322271415704,165.47638844906606,0.02
RM003102,2,171.14515787369825,150564.04,0.011408317362423141,0.002616097302298611,0.2035297594716582,0.05062738493958263,42.0,0.0,238,IL,2016-01-01,Absolute lifetime-PD deterioration,0.001136693448672726,169.50644273872334,185.79306458491172,165.0443965697609,0.020140454778498938
RM002184,2,170.8934706035052,134100.26,0.012064364853670762,0.003157214325721448,0.21076072019931658,0.05980038739030258,34.0,0.0,234,FL,2015-09-01,Absolute lifetime-PD deterioration,0.0012743709117603887,169.13540735830165,186.58156953535874,164.36635892237027,0.020629986089503796
RM002423,2,170.86159330069867,274165.87,0.006156287050721195,0.001852460227351921,0.1139068996100836,0.035659652244018125,53.0,0.0,235,AR,2015-10-01,Absolute lifetime-PD deterioration,0.0006232051907142879,169.26832959891766,185.10510424718063,164.92877446713192,0.020013857375732344
RM003085,2,170.7802223476861,269168.01,0.006305972381858017,0.0016869203498503084,0.11744775909473049,0.032794999719038875,41.0,0.0,237,VA,2015-12-01,Absolute lifetime-PD deterioration,0.0006344744397660261,169.19004432409992,184.9978881238659,164.85771880741908,0.02
RM002542,2,170.7249851664911,308003.11,0.005639148985145038,0.0016484188391314228,0.10441185007944165,0.03165871823967281,28.0,0.0,234,VA,2015-09-01,Absolute lifetime-PD deterioration,0.0005542963029382759,169.10386326606599,185.21276146072162,164.69165945158184,0.02
RM000207,2,170.02622675193956,152602.05,0.01163739996825198,0.0022233858842860346,0.19941073817948185,0.041409559109107597,37.0,0.0,228,VA,2015-03-01,Absolute lifetime-PD deterioration,0.0011141804893966994,168.43327700997614,184.28328663593615,164.08353572947317,0.02
RM002206,2,169.6907333334537,260823.67,0.0065548963640541195,0.0016928506353541073,0.11987664422178557,0.032362136380573614,46.0,0.0,233,SC,2015-08-01,Absolute lifetime-PD deterioration,0.0006505956048139868,168.09875707920347,183.9238051449283,163.76198593587068,0.02
RM000136,2,169.50555378915928,211166.21,0.007594577465035247,0.0022887849485170473,0.1342961489658696,0.04241980369298981,27.0,0.0,227,OH,2015-02-01,Absolute lifetime-PD deterioration,0.0008027115407770935,167.7519940670561,185.14284996187223,163.0023284560493,0.020583642786384554
RM003346,2,169.3684359946176,283147.3,0.005656252493591361,0.001655019846763064,0.10640337527668964,0.03231799504188959,36.0,0.0,238,VA,2016-01-01,Absolute lifetime-PD deterioration,0.0005981636978160047,167.72463300766137,184.04015349918026,163.26336047060315,0.02022240528999541
RM003321,2,169.0043711343435,200680.6,0.007111517126513367,0.002290466657247404,0.13147096159046245,0.04427838144847007,38.0,0.0,237,VA,2015-12-01,Absolute lifetime-PD deterioration,0.0008421559988077746,167.19151551492013,185.1559651355911,162.2910108202965,0.021263127388648828
RM002511,2,168.1965981754169,127354.18,0.008736992463299564,0.0015822931911961616,0.15727954502294317,0.03040726222459078,35.0,0.0,234,TN,2015-09-01,Absolute lifetime-PD deterioration,0.0013206994711553004,166.32484756779704,184.87534890560096,161.2634955466585,0.023518212426326787
RM003181,2,168.11617213338846,83943.6,0.0066514632747795375,0.0011735457798892773,0.12348830869712824,0.022924292080941933,62.18044444444445,0.0,237,FL,2015-12-01,Absolute lifetime-PD deterioration,0.0020027276901799355,166.3872082502741,183.5866434278317,161.6687161804583,0.02741360451551511
RM001905,2,167.45958866323747,184294.92,0.006261239751644102,0.0008360981552382591,0.11527463894730272,0.01617843392710472,23.0,0.0,234,CO,2015-09-01,Absolute lifetime-PD deterioration,0.0009086500521188401,166.094244900138,179.73377762867477,162.32940308372403,0.02
RM000994,2,166.42678194742936,235475.84,0.0069835897615827735,0.002910712953088673,0.12569125344434962,0.054337950430067394,30.0,0.0,230,MA,2015-05-01,Absolute lifetime-PD deterioration,0.0007067679722362573,164.76032038849127,181.29676281090377,160.24023608319192,0.020265705240144198
RM000271,2,165.45971571298185,176402.35,0.008955610756727853,0.0016396983547514793,0.1564815040040365,0.030566195703959576,35.0,0.0,227,CT,2015-02-01,Absolute lifetime-PD deterioration,0.0009379677522038784,163.78586683942646,180.39484548446353,159.24626425297325,0.020446077376883174
RM003468,2,161.97188729547395,319377.0,0.004229293035376551,0.0013718132337086626,0.08062285899705801,0.02685901309760308,39.0,0.0,238,NJ,2016-01-01,Absolute lifetime-PD deterioration,0.0005071495044899098,160.27773440776085,177.06541931999277,155.69843243839847,0.02105871106421473
RM001783,2,161.36655163282126,159688.68,0.008844691505730124,0.0022032519930682702,0.15844036793070637,0.041922882885522816,39.0,0.0,233,TN,2015-08-01,Absolute lifetime-PD deterioration,0.001010507141976634,159.6660631273989,176.52512224947665,155.06383481345094,0.020999158387567333
RM002685,2,160.72362100525498,57019.83,0.017079487085270833,0.0035498827156835826,0.2873737114832168,0.06754890186008455,23.0,0.0,236,NY,2015-11-01,Absolute lifetime-PD deterioration,0.002818732027178176,158.91441511864727,176.87171308301365,154.0041889409157,0.025715392129617206
RM002916,2,160.1345769812391,379616.92,0.002713731752200507,0.001504162784228952,0.05225429539536297,0.029292002755825886,62.23228196721311,0.0,237,NY,2015-12-01,Absolute lifetime-PD deterioration,0.00042183203262183126,158.34085062097583,176.09528984828904,153.5058609395714,0.023300447522819796
RM003209,2,159.369949573887,86893.23,0.011250635614144092,0.0008736999202495983,0.20100638232730306,0.017186552974512992,22.0,0.0,238,OR,2016-01-01,Absolute lifetime-PD deterioration,0.0018340893712189893,157.9653286235788,171.97979810396208,154.10395262689582,0.020856320139501495
RM002307,2,159.20837586420572,160293.6,0.002339943295198244,0.0007869934107543203,0.04446810786020983,0.015170554739241116,43.0,0.0,233,MO,2015-08-01,Absolute lifetime-PD deterioration,0.000993229772518714,157.34046457268292,175.82682510062494,152.30710713399333,0.05134441387869871
RM002324,2,159.00198956679867,200558.34,0.008020266247880306,0.0018915759352378428,0.14531793331572385,0.03624740439461538,44.0,0.0,234,MI,2015-09-01,Absolute lifetime-PD deterioration,0.0007927966972941572,157.51785674244817,172.27581717916274,153.47153806555895,0.02
RM001845,2,158.98930396598064,149391.71,0.008902110522850589,0.00271791739431275,0.1593864786300484,0.051472732948796396,33.0,0.0,233,VA,2015-08-01,Absolute lifetime-PD deterioration,0.0010642444883051452,157.27396868131405,174.2769133550244,152.6337926649001,0.021448338886027485
RM002107,2,158.84026469349772,139907.42,0.006066092063824414,0.0006892774067438937,0.11188054900332389,0.013355556256578915,29.0,0.0,234,CA,2015-09-01,Absolute lifetime-PD deterioration,0.0011353240928429508,157.29661696294232,172.65640164672894,153.08127460859433,0.022432141446180213
RM002617,2,158.44863104919077,111580.7,0.007161647492610974,0.0010068202850089826,0.13181677573370487,0.019615829635123427,67.51698407643312,0.0,236,IL,2015-11-01,Absolute lifetime-PD deterioration,0.0014200361805329306,156.91401609316884,172.17930332792457,152.7264579494832,0.022342231508286525
RM000903,2,157.85635205630717,181378.91,0.009039024799035074,0.0021478250471589208,0.15973311910680388,0.04037329540262957,31.0,0.0,230,CO,2015-05-01,Absolute lifetime-PD deterioration,0.0008703126072171631,156.3629935987862,171.21265692261522,152.29154605952934,0.02
RM001842,2,157.69220101703237,128616.47,0.009074437273087613,0.0022752019308649486,0.16221990539242803,0.04326340855226496,26.0,0.0,233,CA,2015-08-01,Prior default history,0.0012260653788510319,155.9493065332322,173.2247109999338,151.23506290529264,0.022678318025304907
RM002054,2,156.79887220055923,324749.82,0.003187989945670125,0.0012466152048183742,0.06011618914024608,0.023929256082870887,42.0,0.0,233,LA,2015-08-01,Absolute lifetime-PD deterioration,0.000482829743217592,155.03428413549543,172.50523473183972,150.2745123919034,0.02360857974640303
RM003133,2,156.5781145862151,261753.64,0.003713058268917284,0.0011737636517229416,0.07083540680930056,0.022928501338304152,39.0,0.0,237,IN,2015-12-01,Absolute lifetime-PD deterioration,0.0005981888717429682,154.8031804922968,172.37703955613324,150.01518167326086,0.024354992200042905
RM002417,2,156.1853999805232,82162.64,0.009349634653308377,0.0028733394023358343,0.16737800599393404,0.0545655953465638,25.0,0.0,234,AL,2015-09-01,Absolute lifetime-PD deterioration,0.0019009296680404036,154.38573591830786,172.2210523165883,149.51981844255792,0.02914802480356869
RM002959,2,154.3759891949722,188653.45,0.004792908540832778,0.0016568660206129238,0.09052477293396433,0.03221976049815356,30.0,0.0,237,PA,2015-12-01,Absolute lifetime-PD deterioration,0.0008183046172490998,152.62786991092605,169.9418742285903,147.90839682880707,0.025312036586992583
RM001465,2,153.87366544401686,60829.07,0.005969706055653383,0.0023260617502891194,0.10886667076089429,0.043838881620640535,90.85861088607595,0.0,231,OH,2015-06-01,Absolute lifetime-PD deterioration,0.0025296073973186976,144.07560398795647,209.56689963077878,138.92341273383795,0.04558059176901374
RM000811,2,153.61085759500725,339747.94,0.0028719364240928553,0.0014979391729057737,0.05340597249265033,0.028201794663253454,61.772352727272725,0.0,229,NY,2015-04-01,Absolute lifetime-PD deterioration,0.000452131829246727,151.85241409235948,169.25341419290376,147.11536920962757,0.023825068296170572
RM001524,2,152.90486172399753,300897.78,0.004994834038552009,0.0012368076416236547,0.0915125513648467,0.023441039874781633,42.0,0.0,230,GA,2015-05-01,Prior default history,0.000508162146374086,151.47997722029078,165.64141732730087,147.60016441307025,0.02
RM001983,2,152.6737349733091,229274.37,0.006504534075777637,0.0019433711764825204,0.11900991677733108,0.03706609430753416,37.0,0.0,233,IL,2015-08-01,Absolute lifetime-PD deterioration,0.0006658997033698494,151.18188953117644,165.99125885803304,147.13161185481667,0.020185601023078998
RM002683,2,151.0512103612992,94324.16,0.008964682695952663,0.0013824564373092138,0.16230435986375447,0.02684034076280417,17.0,0.0,236,CA,2015-11-01,Absolute lifetime-PD deterioration,0.001601405306565139,149.6232020819731,163.8503148614779,145.71150812804,0.021978039240226486
RM001478,2,150.84912947642476,126422.19,0.00937745016853409,0.002614536300653397,0.16652600357814384,0.04935435281775957,36.0,0.0,232,MI,2015-07-01,Absolute lifetime-PD deterioration,0.001193217183442438,149.17812270282215,165.73745325987846,144.66070638060634,0.022092095470197033
RM001786,2,150.81537212089455,351234.73,0.004101471666715178,0.0012793173354785025,0.07669963084965947,0.024549614698071487,38.0,0.0,233,CA,2015-08-01,Absolute lifetime-PD deterioration,0.000429386274304066,149.32443193485756,164.11498397082886,145.28324856684196,0.020244427288961822
RM003056,2,150.7979535991395,330015.0,0.002906730031175618,0.0013366710620455692,0.05587009852613112,0.02607103846911707,44.0,0.0,237,LA,2015-12-01,Absolute lifetime-PD deterioration,0.00045694272563107585,149.10000104860774,165.91028310849242,144.52059141621757,0.02388769225302059
RM000611,2,150.7157701262267,223591.18,0.005853447822177848,0.0015764070513042201,0.10642117032856035,0.029785704502933497,31.0,0.0,230,CA,2015-05-01,Absolute lifetime-PD deterioration,0.0006740684946795607,149.10754195765912,165.04439745507358,144.7600796362355,0.021104080850792437
RM001072,2,150.58732432343663,288656.85,0.0053212958014589645,0.0017524604762509124,0.09720866578137821,0.03305947663999942,29.0,0.0,230,FL,2015-05-01,Absolute lifetime-PD deterioration,0.0005216828366395484,149.15122878457845,163.42027014323614,145.24346921045762,0.02
RM002993,2,150.20668178457726,83423.01,0.01180754209759483,0.002183715371253803,0.10935432020651292,0.021088957007153297,27.0,0.0,117,WI,2015-12-01,Absolute lifetime-PD deterioration,0.0018005425815320888,148.19584657339814,168.08766012356588,142.78346101280584,0.03484512162160313
RM003305,2,150.20119427955746,205346.6,0.006162675345728921,0.001363534050720067,0.11538660362017727,0.026698987652953643,27.0,0.0,238,CA,2016-01-01,Absolute lifetime-PD deterioration,0.0007314520633872558,148.59714105549105,164.4937050698777,144.26023532988467,0.021271654337783556
RM002533,2,150.1422871425817,376280.42,0.003991642092775755,0.001342351372390703,0.07472055252516818,0.02574431384194298,29.0,0.0,233,CA,2015-08-01,Absolute lifetime-PD deterioration,0.00039901700742914475,148.71866461820343,162.86136328050614,144.84647286867087,0.02
RM001000,2,149.83916548787363,213358.56,0.007174876510254162,0.001879454166383083,0.12891365859496995,0.03541446341075172,35.0,0.0,230,TX,2015-05-01,Absolute lifetime-PD deterioration,0.0007022880426633627,148.42113089463479,162.51681930849904,144.55839863679006,0.020003511533236103
RM001951,2,149.71857716587732,173027.36,0.008758881132249614,0.0019576772145078573,0.1576423388560514,0.037491249466887866,42.0,0.0,234,IL,2015-09-01,Absolute lifetime-PD deterioration,0.0008652884559174765,148.31258480422318,162.2920259244575,144.48032252169693,0.020024984929106687
RM003232,2,149.69587678958393,197351.97,0.006054203559635797,0.0014944716296252745,0.11257200171047099,0.028984899678311637,45.0,0.0,236,WI,2015-11-01,Absolute lifetime-PD deterioration,0.0007585223334207606,148.08923292554897,164.00641020958386,143.7487391248655,0.021478228808984715
RM002392,2,149.60745456899025,273932.25,0.005333869049821287,0.0015567660995147248,0.0994364136599809,0.03004967914795531,25.0,0.0,235,CA,2015-10-01,Absolute lifetime-PD deterioration,0.0005461476498987989,148.15070071128605,162.61117307590527,144.1960640375607,0.0201525850743657
RM001334,2,149.28739778228208,270180.61,0.004966221551701969,0.0015244191822689382,0.09138874500742189,0.028940425786745716,35.0,0.0,231,CA,2015-06-01,Absolute lifetime-PD deterioration,0.0005525466752861432,147.7181545958649,163.2690951976462,143.4758023527367,0.020801582509553468
RM002925,2,148.82964731728597,307523.55,0.004560503979645188,0.0014891536393810206,0.08632099054151265,0.029003781105295667,39.0,0.0,237,MD,2015-12-01,Absolute lifetime-PD deterioration,0.0004839617886736999,147.36599954382447,161.88682747181335,143.39810052447092,0.0202640644503139
RM000304,2,148.76979258403574,251065.49,0.005838244393666666,0.0016764183949042573,0.10484981618185663,0.03124046832384364,49.0,0.0,227,ND,2015-02-01,Prior default history,0.0005925537300408581,147.3702930052219,161.2769251979049,143.56129907972968,0.020036981826081785
RM001186,2,148.5802005355519,155471.37,0.0035181144011783233,0.001179067567463916,0.06531847165444882,0.022358390222687152,26.0,0.0,230,MO,2015-05-01,Absolute lifetime-PD deterioration,0.000955675636842667,146.87050110299322,163.80020162774332,142.25730333634928,0.036322877894880805
RM000763,2,147.70611670450273,267768.18,0.005522382503789379,0.0013485977541644201,0.1002852688592788,0.025424326785688733,40.0,0.0,229,TX,2015-04-01,Absolute lifetime-PD deterioration,0.0005516193772706777,146.3155304013863,160.13592514382523,142.52922095916605,0.02
RM001073,2,147.55766758463892,256329.66,0.004504380863857814,0.001782322305126668,0.0832360047345323,0.033757379365829676,47.0,0.0,231,MA,2015-06-01,Prior default history,0.0005756558471799125,145.9789444773922,161.61661126116013,141.7158367075391,0.021553559580733496
RM000742,2,147.158933861783,199257.73,0.006992151803004571,0.0016790411592448842,0.09409305344038721,0.02338851798869712,32.0,0.0,169,NY,2015-04-01,Absolute lifetime-PD deterioration,0.0007385356335324255,145.44511049687188,162.41737979130204,140.81961544436103,0.021738885841329877
RM001836,2,146.65592162949974,235274.45,0.00350298948234688,0.0019197330204084684,0.06586637953281516,0.036623175333811986,58.0446833881579,0.0,233,NJ,2015-08-01,Prior default history,0.000623339770338427,144.95208855932353,161.81257787668477,140.362227602525,0.025335524089474072
RM000418,2,146.51787221700994,441884.83,0.0033173085910772567,0.0007977055101356789,0.061181996551620044,0.015048081870398411,29.0,0.0,228,NJ,2015-03-01,Absolute lifetime-PD deterioration,0.00033157479567019743,145.121663682013,158.98989203172428,141.3254756581898,0.02
RM003184,2,146.4851165437468,270406.86,0.005140787040955043,0.0011800857549001465,0.09717082573053681,0.023146761778213953,41.0,0.0,238,NY,2016-01-01,Absolute lifetime-PD deterioration,0.000541721155091061,145.07422888797228,159.07949808202153,141.24404547980063,0.020175368735000778
RM003414,2,145.93877229661814,159941.46,0.008618551871274055,0.0020534040066353845,0.15713978298915654,0.03978342772155752,42.0,0.0,237,CA,2015-12-01,Absolute lifetime-PD deterioration,0.00091245116992566,144.45629632945398,159.1619717402302,140.43866891834287,0.02048114183893105
RM000190,2,145.8586736284712,400602.5,0.0036070611869891624,0.0009863795402015154,0.06635412740655422,0.018575764021587227,42.0,0.0,228,CT,2015-03-01,Absolute lifetime-PD deterioration,0.00036409826106544816,144.48056598277077,158.17160711397278,140.73183445659438,0.02
RM001994,2,145.18482394642817,89189.76,0.01350358021558627,0.003688574652712116,0.23288140169170513,0.0695251086183929,42.0,0.0,234,IL,2015-09-01,Absolute lifetime-PD deterioration,0.0016278194262035034,143.6337132984472,159.01947374503297,139.43058574498272,0.021471444533337453
RM003120,2,144.92344588706803,142345.83,0.008297208339725694,0.002527111833218053,0.1517276098240169,0.04874549106871007,39.0,0.0,237,OR,2015-12-01,Absolute lifetime-PD deterioration,0.0010181081236244718,143.3554885590963,158.89387320077446,139.11648652937345,0.021533872275228905
RM000651,2,144.88396079495442,71649.05,0.02769557397164302,0.0015096592343361362,0.10835378011832464,0.006150109839983098,20.0,0.0,49,NJ,2015-04-01,Absolute lifetime-PD deterioration,0.002022133730942063,142.5742312257047,165.3966093269329,136.37502014050727,0.031113013366404742
RM003401,2,144.67632577228528,168662.63,0.005959517449332251,0.002649129535615402,0.11090792384810977,0.05083125138033906,33.0,0.0,236,NJ,2015-11-01,Prior default history,0.0008577853065156477,143.08953690435987,158.81003971588484,138.80266230722316,0.022840523812482288
RM002052,2,144.5800169478141,322878.74,0.004481821776994821,0.001054128900118808,0.0842082451086148,0.020442407685634434,27.0,0.0,235,AZ,2015-10-01,Absolute lifetime-PD deterioration,0.0004477842577923034,143.21264655291384,156.79810035998418,139.49239094992564,0.02
RM001121,2,144.4551491591946,176897.75,0.0034156335797059802,0.0006121482243550735,0.1158895548811153,0.021802888631967,60.0,0.0,432,IL,2015-06-01,Prior default history,0.0008166025241089533,142.97325970504832,157.66040236759852,138.96580515937063,0.023744572792385458
RM001366,2,143.99514285272372,198958.17,0.006468246842329291,0.0016650307243999145,0.11743089695020237,0.03156949572653145,59.0,0.0,231,MD,2015-06-01,Absolute lifetime-PD deterioration,0.000723745814774652,142.52402125543014,157.10845177197976,138.5429796699384,0.020628616873384863
RM000352,2,143.76583682826492,266673.69,0.00539408681519136,0.0011855091202300088,0.09766105696044292,0.022285951306601492,39.0,0.0,228,MA,2015-03-01,Absolute lifetime-PD deterioration,0.000539107689357225,142.4112878029062,155.87318477077952,138.72333067835186,0.02
RM000715,2,142.03735683698113,106241.91,0.007468180900841313,0.0010749608769489445,0.23556180311474884,0.037806927812181756,48.0,0.0,430,TX,2015-05-01,Prior default history,0.0013369239769595738,140.6743863132918,154.19756575049524,136.9786307013321,0.02163825701142267
RM002468,2,141.8901046412819,146480.67,0.00777744074166707,0.00197439805434407,0.14178753983324532,0.03796410477568335,32.0,0.0,235,AZ,2015-10-01,Absolute lifetime-PD deterioration,0.0009686609478321058,140.32927207941597,155.79468040062935,136.11113205779077,0.02184755659754966
RM001819,2,141.84096042137372,98880.44,0.010481546810912032,0.002151445314657339,0.1850192596951139,0.04095655066906845,37.0,0.0,233,IN,2015-08-01,Absolute lifetime-PD deterioration,0.001434469349260316,140.26563605310682,155.88002144876714,136.00469610955423,0.022653233355722918
RM001371,2,141.21746948818526,204541.65,0.006617179750659335,0.0017633328222800668,0.12046093051525886,0.03354563053502502,27.0,0.0,232,NH,2015-07-01,Absolute lifetime-PD deterioration,0.0006904093591118741,139.80708534973493,153.8009921322891,135.98256516386988,0.020327445181296578
RM003418,2,140.8714895075813,302044.03,0.004294645583271367,0.0023287323411039272,0.0818188398053068,0.045187589343568146,71.0,0.0,238,TX,2016-01-01,Prior default history,0.00046639388802877937,139.61110408081106,152.14021437401843,136.17747007494614,0.020013427610438374
RM000307,2,140.31133816073583,134015.8,0.009523582882985725,0.0034059970675076896,0.1655794828927446,0.06250146646117993,34.0,0.0,227,MD,2015-02-01,Absolute lifetime-PD deterioration,0.0010469760890934937,138.8244132698606,153.5675980902427,134.7991995613361,0.02091567843939237
RM000554,2,140.04319395001897,243155.04,0.005825573136852428,0.0010698244280732863,0.10506979912348369,0.020132131898274785,35.0,0.0,228,NJ,2015-03-01,Prior default history,0.0005759419749227446,138.71887878682995,151.88006228007737,135.11340023145334,0.02
RM003179,2,140.0410054206957,126099.14,0.011457107049465537,0.0021161830084918914,0.20430900536751906,0.041145019346221945,30.0,0.0,238,OR,2016-01-01,Absolute lifetime-PD deterioration,0.0011105627319956005,138.74062016711713,151.67990079060615,135.18954749811576,0.02
RM000808,2,139.60316973544107,395128.97,0.0035596035936331055,0.0010033856287912542,0.06578650912817074,0.018975215521656597,31.0,0.0,229,CA,2015-04-01,Absolute lifetime-PD deterioration,0.00035331038808782123,138.26970067126993,151.51468199806828,134.64414378503494,0.02
RM000921,2,139.12545242392173,295965.72,0.004637242903347148,0.0014190897333947543,0.08594257373269432,0.02708175130521595,38.0,0.0,232,CO,2015-07-01,Absolute lifetime-PD deterioration,0.0004700728598701287,137.82209496324876,150.77419818066122,134.27421457920113,0.02
RM001172,2,138.89830038850576,227774.41,0.004767754321812033,0.0009612924836263639,0.08789371864539364,0.018343453037966584,27.0,0.0,231,NY,2015-06-01,Absolute lifetime-PD deterioration,0.0006098064325509865,137.38123009668985,152.41040043456502,133.28312761773955,0.021966419334333517
RM000381,2,138.75126715715277,74467.84,0.0045105360637607995,0.000812695590181808,0.08265419537343366,0.015395504924813008,29.0,0.0,229,MO,2015-04-01,Absolute lifetime-PD deterioration,0.0018632374345375503,137.13160650504994,153.16868893974436,132.76205840184463,0.05283620549942579
RM000275,2,138.71134292572899,189712.21,0.006591388328285598,0.002106564283473411,0.11807736455884155,0.03927487202705704,60.0,0.0,228,IL,2015-03-01,Prior default history,0.0007311671870025076,137.36820854263726,150.69550870660456,133.7256104828756,0.02037568363431956
RM003405,2,137.71696056255757,177931.3,0.008804724615906626,0.0018944938846593602,0.08193698536299365,0.0181638227707408,28.0,0.0,116,WA,2015-11-01,Absolute lifetime-PD deterioration,0.000773989514843974,135.9097728270427,153.78503111883683,131.046884196468,0.022564278914554065
RM003018,2,137.61179184934028,95970.61,0.003602558313037711,0.0020480409487597475,0.06879794696208619,0.03968150679562499,55.98285583333333,0.0,237,LA,2015-12-01,Absolute lifetime-PD deterioration,0.0014338951461217166,135.95831743176814,152.31830829421912,131.50557855296657,0.04578170231679171
RM001504,2,137.3477594360051,160061.18,0.006758134489647322,0.001463860227313584,0.12237481799625016,0.02780604749354232,27.0,0.0,231,CA,2015-06-01,Absolute lifetime-PD deterioration,0.0008580953822532429,135.84306483840615,150.75274629468944,131.7762913200342,0.0219734505586259
RM002988,2,136.5017463962494,230722.85,0.004831900225284001,0.001432027306260766,0.09122826142561424,0.02790603689881721,32.0,0.0,237,CA,2015-12-01,Absolute lifetime-PD deterioration,0.0005916264747780698,135.04498008029964,149.47858064074865,131.10853349298725,0.021363586878377215
RM001349,2,136.38170360811165,321279.45,0.004200185850771103,0.0012235494681426074,0.07815170428640117,0.02339184133900296,36.0,0.0,232,CA,2015-07-01,Absolute lifetime-PD deterioration,0.00042449557109274075,135.08318764888358,147.980564463555,131.55295130496125,0.020034766787556103
RM002633,2,136.15015609826605,170918.57,0.005947508760869322,0.0018880521742041009,0.11069666350923613,0.03648458301186708,41.0,0.0,236,IL,2015-11-01,Absolute lifetime-PD deterioration,0.0007965790732877419,134.6486336023827,149.52071437279838,130.5945979494936,0.022185290846572343
RM002460,2,135.8193721591533,389653.53,0.0017718602778107073,0.0007033013383476515,0.06184823589478339,0.02500969902053063,70.08157014388489,0.0,432,FL,2015-08-01,Prior default history,0.0003485644597115629,134.50756039281006,147.50830833556176,130.9605437017484,0.021866220198078556
RM002958,2,135.4725184906605,157273.52,0.008344143448199793,0.0015888375827303415,0.1525201586689483,0.030916497771183438,33.0,0.0,237,RI,2015-12-01,Absolute lifetime-PD deterioration,0.0008613816139593016,134.1348739071682,147.41252954487697,130.5039048618801,0.020279208452932754
RM001476,2,135.38949323298743,52985.33,0.011592656176387458,0.002365782912935565,0.2018301937764403,0.04475999771195138,23.0,0.0,232,MS,2015-07-01,Absolute lifetime-PD deterioration,0.0025552260075192026,133.83908507857583,149.21224112204285,129.64166597904006,0.030976804597706725
RM002768,2,135.256935443851,183782.69,0.0027398921980279494,0.001425302228498252,0.052528574818894946,0.027661164537409078,65.97327333333332,0.0,236,CT,2015-11-01,Absolute lifetime-PD deterioration,0.0007359612346725963,133.6353902452426,149.675435663577,129.27135450821038,0.032535661000586254
RM001682,2,135.05096263189614,120094.41,0.007606269212502056,0.001838397370206931,0.1366890844610592,0.03480171200088489,30.0,0.0,231,NJ,2015-06-01,Absolute lifetime-PD deterioration,0.0011245399567881315,133.52538227025312,148.63989480937542,129.40359231789975,0.02365677736787216
RM002450,2,134.51159765917177,129543.09,0.009149159447800148,0.0018787790278465169,0.16472620129905535,0.036157483209989794,38.0,0.0,235,CA,2015-10-01,Absolute lifetime-PD deterioration,0.0010383540925198848,133.09737762374027,147.11908076920065,129.26938437095947,0.020953884709834832
RM001906,2,133.99264954081204,247530.84,0.004808719020946232,0.0013193579680476789,0.08971378153573262,0.025415904002247913,35.0,0.0,234,MA,2015-09-01,Absolute lifetime-PD deterioration,0.0005413169912113256,132.5932777748771,146.46129876169192,128.80983970617626,0.02078894895768063
RM002770,2,133.83133140346303,295305.14,0.004481293181198654,0.0011667647708788922,0.08488399875020447,0.022793275204044616,41.0,0.0,237,CO,2015-12-01,Absolute lifetime-PD deterioration,0.0004531967557471672,132.57721105093438,145.03901952999095,129.16403544227225,0.02
RM000457,2,133.5579813692972,146230.99,0.002431628894121684,0.0011898107668818943,0.045397346297703756,0.022462939072609434,63.879853526315785,0.0,229,LA,2015-04-01,Absolute lifetime-PD deterioration,0.0009133356846541025,131.9393627134986,147.94882366027878,127.58430728806046,0.04350648238861367
RM000220,2,133.36277803461587,128032.87,0.006108459010700101,0.0004752454747430185,0.10989571366510231,0.008991146070634781,30.0,0.0,228,SC,2015-03-01,Absolute lifetime-PD deterioration,0.0010416292162677902,132.13082959598512,144.4004781929792,128.75898930429207,0.021152943037047747
RM002148,2,133.26042407177488,86167.32,0.007626335501542528,0.000899335401781585,0.1386751153723027,0.017391914798830843,24.0,0.0,234,NH,2015-09-01,Prior default history,0.0015465309130163834,131.95021070485626,144.9918908886798,128.36918988050553,0.02346529221849735
RM001674,2,133.08551441312622,258775.59,0.004629101218946844,0.0013558588407918389,0.0857980145578553,0.025890012057057987,32.0,0.0,232,CA,2015-07-01,Absolute lifetime-PD deterioration,0.0005142892898558408,131.69108916137802,145.50982536115015,127.92120302136219,0.02076780425362254
RM001548,2,132.9727868722083,288435.26,0.004008865188995198,0.0014294961703126895,0.0747214914217239,0.02727775325786974,31.0,0.0,232,NY,2015-07-01,Absolute lifetime-PD deterioration,0.0004610143256140331,131.57149267671176,145.45655204564474,127.78421607410596,0.02095535861988506
RM003377,2,132.68428486135477,374954.74,0.0025287473363576275,0.0016473646657515662,0.04877629509138848,0.032037837207519404,62.78311925581395,0.0,237,CA,2015-12-01,Prior default history,0.00035386746907468025,131.2587155054465,145.37228592104523,127.41394833136913,0.021994944966948916
RM002007,2,132.43531137786673,119447.54,0.008714480894885065,0.0023192433504393207,0.15690627231688592,0.044268029414504695,33.0,0.0,234,IL,2015-09-01,Absolute lifetime-PD deterioration,0.0011087320122111074,130.96150389590568,145.56459297714116,126.97857348884462,0.022139264503305615
RM001932,2,131.5527167273738,276072.6,0.004477223652760954,0.0013876795693448171,0.08378286045226502,0.026715207277223096,40.0,0.0,234,MI,2015-09-01,Absolute lifetime-PD deterioration,0.0004765149338520875,130.2393431006667,143.26510450814973,126.68166673418553,0.02033431312437183
RM002621,2,131.44909543658656,166055.8,0.0051345601109475635,0.0010779161415055655,0.09628371885091191,0.020987091404943925,29.0,0.0,236,UT,2015-11-01,Absolute lifetime-PD deterioration,0.0007915959300222369,129.96516503017637,144.6623092235693,125.95909481848321,0.024000733805835863
RM001956,2,131.3974978773328,305905.29,0.004143654013564854,0.0012264881962266616,0.07777783388620185,0.023647118004633594,31.0,0.0,234,CA,2015-09-01,Absolute lifetime-PD deterioration,0.00042953653360271345,130.09169949354182,143.0448761916278,126.55282497900549,0.020241930349678174
RM001802,2,131.26543841599687,122969.23,0.008581260473153647,0.0020603804220974673,0.15408677291036033,0.03925570734162198,29.0,0.0,233,AZ,2015-08-01,Absolute lifetime-PD deterioration,0.0010674657263121585,129.82595196196598,144.09205973737437,125.93369038522755,0.02186139067857998
RM000200,2,131.0545184713886,165228.56,0.008127626613680177,0.0016331090847764456,0.14363267839536198,0.030577200984495123,38.0,0.0,228,OH,2015-03-01,Absolute lifetime-PD deterioration,0.0007931710986973959,129.81914191739406,142.1024857718685,126.45172224154862,0.02
RM001878,2,130.72167111936238,243689.61,0.005362741966818146,0.0020669446072646295,0.09914122609694398,0.03937840400186399,28.0,0.0,233,CA,2015-08-01,Absolute lifetime-PD deterioration,0.0005364269371983582,129.4565492826751,142.01878984600106,126.01943125814533,0.02008222065930692
RM003098,2,130.37959993043486,218371.51,0.005940375086691467,0.0012447664973882025,0.11057114328132234,0.02419807282508335,38.0,0.0,236,GA,2015-11-01,Absolute lifetime-PD deterioration,0.0005970540750963112,129.16162652145525,141.2681253468005,125.8442138429547,0.02
RM001128,2,130.221348170241,176874.78,0.005395606618365408,0.0010014600356658692,0.04838395714018662,0.009142600062851947,32.0,0.0,110,MO,2015-05-01,Absolute lifetime-PD deterioration,0.0007362346863144705,128.4453710807602,145.9920686496207,123.67986606605518,0.03287772992080316
RM001630,2,130.18913325121082,159970.04,0.007605681971436192,0.0018109715232877833,0.13722834574321507,0.03443693177322815,29.0,0.0,232,FL,2015-07-01,Absolute lifetime-PD deterioration,0.0008138344733251978,128.84322014417666,142.18999408354682,125.19855303273987,0.020606353614851646
RM003128,2,130.1401872237101,167968.1,0.007842780182613557,0.0016779636923323407,0.14457909785248013,0.0327589761293271,39.0,0.0,238,CO,2016-01-01,Absolute lifetime-PD deterioration,0.0007747910896396999,128.92460205302092,141.01122709391035,125.61108510158867,0.02
RM002461,2,130.0407002559396,200360.39,0.00648609801850591,0.0016020313823396862,0.11917020855173566,0.030780976445751396,46.0,0.0,234,TX,2015-09-01,Absolute lifetime-PD deterioration,0.0006490339745093309,128.82643109968345,140.89756707267225,125.51812420832802,0.02
RM003435,2,129.8198146332259,110811.02,0.005542177732258351,0.0007674196538384805,0.10436792970617137,0.015110998549154875,57.0,0.0,238,MD,2016-01-01,Absolute lifetime-PD deterioration,0.0011715424569977415,128.2844784265717,143.48020386958714,124.14675476120792,0.027975075975458646
RM003219,2,129.79778174947802,286406.21,0.003182793281899104,0.0010948929760132159,0.0612687704979088,0.02149293706677846,43.0,0.0,238,NY,2016-01-01,Absolute lifetime-PD deterioration,0.0004531947186112969,128.3585562831124,142.60840689251208,124.4762290693593,0.02266078617846712
RM002908,2,129.22754501222838,221491.25,0.0057901258928423835,0.0012674634473254847,0.10835511332834158,0.024737175119310062,32.0,0.0,237,GA,2015-12-01,Absolute lifetime-PD deterioration,0.0005834431157539107,128.02080577818742,140.01529573091335,124.73422308644258,0.02
RM001264,2,129.15877700965146,268889.74,0.0048522782858865625,0.0012050682462105592,0.08901456414634357,0.022846054149008976,21.0,0.0,230,CA,2015-05-01,Absolute lifetime-PD deterioration,0.00048034103870847383,127.92759987465391,140.15931662583537,124.5782915972704,0.020005405072451177
RM002837,2,129.1047639290743,206814.21,0.006298100461312193,0.0019270776438315026,0.1173096673239673,0.0373799590494166,20.0,0.0,237,CA,2015-12-01,Absolute lifetime-PD deterioration,0.000624254803038313,127.88352218994144,140.01996315266518,124.55892533036854,0.020011654661792094
RM000520,2,128.8155255661378,248963.29,0.004947533917695428,0.0012335667315591845,0.09030852367470144,0.023279840683498643,36.0,0.0,229,CA,2015-04-01,Absolute lifetime-PD deterioration,0.0005174077092495757,127.535675764448,140.23262076955874,124.06633431089607,0.02027470864647144
RM001116,2,128.7932190878547,176729.18,0.0052508392824057795,0.0012233957963474185,0.09637873652211071,0.0232893050982248,33.0,0.0,231,WA,2015-06-01,Absolute lifetime-PD deterioration,0.0007287603500896383,127.35479697391249,141.60107944981706,123.47167600890079,0.0227600523504695
RM001499,2,128.2250435302022,157365.3,0.004122653148747099,0.001271884083735359,0.07676306622264806,0.024305164383693567,55.0,0.0,232,LA,2015-07-01,Absolute lifetime-PD deterioration,0.0008148241291453848,126.71812060565154,141.63043002751598,122.6584560685862,0.02698679888914759
RM001714,2,128.18448184984402,196817.39,0.005729261970937168,0.0015434794841678416,0.10513664787805121,0.029422143261637057,34.0,0.0,232,MI,2015-07-01,Prior default history,0.0006512863616870644,126.86995231785247,139.90198838969576,123.31264802152114,0.02073571867459741
RM000170,2,128.09376487990966,147023.91,0.00800156789672445,0.0015901649751086952,0.14156240545101362,0.029784611328623534,24.0,0.0,228,AZ,2015-03-01,Absolute lifetime-PD deterioration,0.0008712444450695785,126.75175982177143,140.05886993399497,123.1182895510057,0.02078408824564779
RM001057,2,127.98456231862477,321280.28,0.004023183393939672,0.0008357454906623441,0.0743569078042774,0.015897433038894127,24.0,0.0,230,CO,2015-05-01,Absolute lifetime-PD deterioration,0.0003983579767753712,126.76265197413825,138.90066987826765,123.43965590679147,0.02
RM002532,2,127.9432838823894,416157.08,0.00291482239204388,0.0010268041290382838,0.0553322832583637,0.01983364060942361,37.0,0.0,234,CT,2015-09-01,Absolute lifetime-PD deterioration,0.00030743988275386155,126.68838054243533,139.13732408592927,123.28701101861321,0.020209509561011835
RM001754,2,127.67504482188063,418879.88,0.003089073742992679,0.001243418859589027,0.058060777138925435,0.023767388223295383,21.0,0.0,232,UT,2015-07-01,Absolute lifetime-PD deterioration,0.0003048010919547643,126.4483198577098,138.63053014905648,123.11468381499867,0.02
RM003284,2,127.63856468278395,308454.21,0.003507868569465944,0.0011796605740100605,0.0673217927372215,0.023138514449274172,42.0,0.0,238,CA,2016-01-01,Absolute lifetime-PD deterioration,0.00041380068919397774,126.30658495349974,139.50335788786612,122.70763512327575,0.020926391258989773
RM001923,2,127.41007061286248,95014.63,0.007419955345839626,0.0015837782890602027,0.13571199610591334,0.03056344276800238,40.0,0.0,235,IN,2015-10-01,Prior default history,0.0013409521314018955,125.94208685043203,140.48184626425282,121.97869277823987,0.025998636334797945
RM002294,2,126.86517713097771,167130.75,0.004974115687912118,0.0023632649400241457,0.09228220549089783,0.04490172153668259,72.4996404109589,0.0,233,GU,2015-08-01,Absolute lifetime-PD deterioration,0.0007590774117328961,125.41671827668706,139.7493893147447,121.51528941989409,0.023154626175549694
RM002440,2,126.53030728708252,301872.65,0.004202251898612401,0.0010778987855972703,0.07915863150019053,0.02089876572638949,31.0,0.0,235,FL,2015-10-01,Absolute lifetime-PD deterioration,0.0004191512788160256,125.33116865244072,137.24411496744398,122.06933465936167,0.02
RM000534,2,126.08201271186404,217815.44,0.0051256734760819,0.0019811071175958417,0.09302304872384326,0.0369773719587988,41.407622708333335,0.0,228,AZ,2015-03-01,Absolute lifetime-PD deterioration,0.000578847912305317,124.75503356465146,137.90396235294943,121.16844758830645,0.02084731338212085
RM000913,2,125.99050446849841,158834.89,0.004303047991366366,0.0011654896591308638,0.07932947631992426,0.0221036338062377,37.0,0.0,230,WI,2015-05-01,Absolute lifetime-PD deterioration,0.0007932168081490055,124.53175347189752,138.97348923259912,120.59772680514811,0.026580650807536448
RM001909,2,125.93126484979611,320038.28,0.0039650313893540325,0.0014849404636290938,0.07424043471995889,0.028441720294985595,26.0,0.0,233,CA,2015-08-01,Absolute lifetime-PD deterioration,0.00039348813163786564,124.73145579393234,136.64976063911843,121.46867698437902,0.02
RM001736,2,125.2744845785701,142573.25,0.004839764154706622,0.0021814173749709087,0.08989948096488853,0.04151572188480479,54.83586538461538,0.0,233,MA,2015-08-01,Absolute lifetime-PD deterioration,0.000878667524087233,123.80741076548362,138.3263482558427,119.85444556518821,0.02574360797619965
RM003315,2,124.72275877527167,78363.14,0.022634267892438872,0.0013450716951784035,0.10304374508274095,0.006372997061269259,21.0,0.0,57,VA,2015-12-01,Absolute lifetime-PD deterioration,0.0015915998105138676,122.84822406542662,141.40544084740677,117.79343723439365,0.024525328833882747
RM002382,2,124.47908619780496,108951.63,0.006767036955446267,0.0017921441612615745,0.12451001041705212,0.03451782845722329,34.0,0.0,235,KY,2015-10-01,Absolute lifetime-PD deterioration,0.0011425169701252285,123.05424948916598,137.1670001252727,119.20711508545683,0.02515826353903275
RM003314,2,124.19284802021582,140623.18,0.0059746076598972755,0.002040688708711117,0.11206060416709551,0.039705252241036826,30.0,0.0,238,CA,2016-01-01,Absolute lifetime-PD deterioration,0.0008831605715374651,122.78665271277718,136.71385529978645,118.99046426759227,0.023564836099127556
RM000533,2,124.17578746264243,172026.44,0.006290524446965018,0.0012481033569934044,0.08455546792588009,0.017332395940105605,28.0,0.0,168,NY,2015-03-01,Absolute lifetime-PD deterioration,0.0007218412905751141,122.68734772916595,137.4211402805778,118.67451328571848,0.022928873081960115
RM000252,2,124.10674835707547,375517.86,0.0033595851232656486,0.0008082184038318809,0.06167522326604724,0.015178605679198043,32.0,0.0,227,CA,2015-02-01,Absolute lifetime-PD deterioration,0.0003304949286754976,122.91327681038423,134.76620328507138,119.66936917752167,0.02
RM001180,2,123.73953307302557,110338.97,0.008276593793653041,0.0016818341395573463,0.14725509869763764,0.031747416005749374,25.0,0.0,230,CA,2015-05-01,Absolute lifetime-PD deterioration,0.0011214490498962022,122.35730357894266,136.05464745408375,118.62074866486168,0.022805612601304155
RM002569,2,123.73661102363027,104186.45,0.008685727666836222,0.0027186214273521928,0.15765489021456536,0.05213105561421949,41.0,0.0,236,TX,2015-11-01,Absolute lifetime-PD deterioration,0.0011876459081159813,122.360494127145,135.9948020717202,118.64212566461359,0.022502360579494975
RM001699,2,122.95036428179625,160758.11,0.0058372521787788375,0.0014040191567654386,0.10701384917939405,0.02679783536182645,29.0,0.0,232,NH,2015-07-01,Absolute lifetime-PD deterioration,0.000764815935456048,121.59459065795026,135.0254093570451,117.93249539067287,0.02220060897308912
RM002794,2,122.92737582190856,163155.9,0.007124788305832661,0.0014234359108349361,0.13170020986079367,0.027740842068543103,36.0,0.0,237,RI,2015-12-01,Absolute lifetime-PD deterioration,0.0007534350631629537,121.6871394833596,133.9893470686442,118.32635856393969,0.020415591585767556
RM002203,2,122.67961978388225,290548.87,0.0040851744830166245,0.002027149682623459,0.07672122740602694,0.03879688949865168,25.0,0.0,234,CT,2015-09-01,Absolute lifetime-PD deterioration,0.00042223402825102105,121.4366319853821,133.76213213344275,118.07109536926706,0.020322041697645656
RM003154,2,122.54093158535,239086.58,0.003525912389368112,0.0009679329252205691,0.06765668730264829,0.019023361059685606,34.0,0.0,238,NY,2016-01-01,Absolute lifetime-PD deterioration,0.0005125378914422968,121.17865685076711,134.66875007890042,117.50246312851185,0.02301265171089537
RM001998,2,122.53872872043654,111987.41,0.003965714668605978,0.0018842897690743011,0.0745592605315819,0.03611020542550769,73.61410167832169,0.0,234,SC,2015-09-01,Absolute lifetime-PD deterioration,0.0010942187940629802,121.04478080387187,135.82042956956306,117.02564830742149,0.0330016998682158
RM000986,2,122.42258570084466,208684.41,0.0059628237537005845,0.0019274297803777807,0.10830359176755178,0.036302713541210285,31.0,0.0,230,OR,2015-05-01,Absolute lifetime-PD deterioration,0.0005866398247039376,121.24438596953071,132.94811235623638,118.04031936482961,0.020041901141403296
RM002304,2,122.37618969297189,101647.15,0.00843279553858816,0.0009267315500795863,0.11555417316847028,0.013353873073564948,28.0,0.0,174,TX,2015-09-01,Absolute lifetime-PD deterioration,0.0012039313418327213,121.15663733281474,133.29723019317333,117.8225030645667,0.021240599142837057
RM000504,2,122.1000027682641,205836.19,0.00607713479653955,0.0015827834384476499,0.10981485691634862,0.029776394599637768,26.0,0.0,229,FL,2015-04-01,Absolute lifetime-PD deterioration,0.0005931901614009864,120.93607982256913,132.5025671613271,117.76774628137687,0.02
RM002456,2,121.72095461389212,151843.18,0.0042759358858919854,0.0011057096848496957,0.08049207571205841,0.02143245107586289,33.0,0.0,235,WA,2015-10-01,Prior default history,0.0008016227967162709,120.32611151466335,134.13731730733616,116.562974663189,0.026700853124759144
RM000151,2,121.47952268712923,159442.2,0.004646438734100954,0.0010925394861257972,0.0843306646980515,0.020466169229694797,31.0,0.0,227,WI,2015-02-01,Absolute lifetime-PD deterioration,0.0007619032018319443,120.0863205359517,133.88160784901822,116.32738830650972,0.025076765915301818
RM000312,2,121.33278241273419,119797.86,0.006667994240802948,0.0013048030060216337,0.11936863459888003,0.024502269138886867,34.0,0.0,228,DE,2015-03-01,Absolute lifetime-PD deterioration,0.0010128126029357635,119.94090817583434,133.7252920374942,116.18404294396534,0.02408408430834588
RM001841,2,121.20284757476924,355873.21,0.0032397173696906527,0.0012374997841448987,0.0610627508236935,0.02375627009653991,45.0,0.0,233,TX,2015-08-01,Prior default history,0.0003405787346981506,120.08992202468765,131.14852228705215,117.06115211996368,0.02
RM000281,2,121.11438919704388,336819.88,0.003601821529932263,0.000795603447468923,0.06626083881023948,0.015008711537183195,36.0,0.0,228,CA,2015-03-01,Absolute lifetime-PD deterioration,0.000359582068603088,119.96178795125198,131.41115909518302,116.82738329948538,0.02
RM002840,2,120.97966147917339,133490.11,0.007136729010193373,0.0015619055253689484,0.13190642621704995,0.03040008350023682,39.0,0.0,237,CT,2015-12-01,Absolute lifetime-PD deterioration,0.0009062818322583852,119.67153804496596,132.63287028640062,116.13642657508625,0.021667906051601463
RM002447,2,120.78792994589568,107352.91,0.002665604369641358,0.0006721385026110628,0.050928477423416996,0.013080830371534624,32.0,0.0,235,MO,2015-10-01,Absolute lifetime-PD deterioration,0.001125148167347263,119.38629104192076,133.26165545648377,115.60693339187328,0.05193799530356571
RM002237,2,120.69192079175625,272964.92,0.0043841680413949004,0.0009496943337478934,0.08244740915523951,0.01843497575384212,39.0,0.0,235,FL,2015-10-01,Absolute lifetime-PD deterioration,0.00044215176364697796,119.55751436989253,130.82923376821856,116.47050534237067,0.02
RM000370,2,120.23300907848247,315521.67,0.003258593476433222,0.0009939146908945458,0.06038622300054275,0.018797714680301003,37.0,0.0,229,IN,2015-04-01,Absolute lifetime-PD deterioration,0.0003810610189736967,118.9663903835852,131.51517046065496,115.54432627338848,0.020994041687168504
RM001277,2,119.4329643823471,73431.82,0.008093324820594374,0.0006026011247387076,0.2500920502774453,0.02112228874251587,26.0,0.0,425,FL,2015-06-01,Prior default history,0.0016264470141465523,118.22490435009615,130.21280013418254,114.94803845953089,0.023118664405870654
RM000323,2,119.1290677658722,168752.44,0.007319518544879797,0.0014812566038747347,0.12974596209127198,0.027651705147680672,23.0,0.0,227,FL,2015-02-01,Absolute lifetime-PD deterioration,0.0007059398238382342,117.99136476972647,129.29970194022565,114.89277761501401,0.02
RM001415,2,119.0272230481848,315863.4,0.0031242948702042543,0.0012366021446764768,0.058703962083965,0.023638562467442115,40.0,0.0,232,KS,2015-07-01,Absolute lifetime-PD deterioration,0.0003768313234397679,117.7640366039233,130.27667857280292,114.35268594977632,0.021177262453900062
RM000087,2,118.95539393312164,285938.06,0.0042093292961951955,0.0010023382593227729,0.0766939687947994,0.01879160198397889,36.0,0.0,227,CA,2015-02-01,Absolute lifetime-PD deterioration,0.00041601804926955733,117.819708236871,129.10178171995244,114.7308091751498,0.02
RM002226,2,118.47191624351207,212663.85,0.005523286539679332,0.0017664046223140025,0.10278896521157321,0.03403017117737339,28.0,0.0,235,FL,2015-10-01,Absolute lifetime-PD deterioration,0.000557085354391506,117.32220962070187,128.73684284222762,114.19971640786771,0.020111013724594153
RM003254,2,118.44880764632248,269010.23,0.003446860628381899,0.0013433263984327759,0.06618863483757709,0.02630829604549645,39.0,0.0,238,CA,2016-01-01,Prior default history,0.0004403133949453241,117.15944368944575,129.92742380625535,113.68007579561827,0.021719085706951833
RM001985,2,118.44821480743222,86347.79,0.005937802385054737,0.0026840362928892683,0.10964255561757852,0.0510593986814174,72.59327477876106,0.0,234,AL,2015-09-01,Absolute lifetime-PD deterioration,0.0013717573409514272,117.01314697337925,131.2104634066472,113.14971007755307,0.029414996071142986
RM003379,2,118.33552237065516,91754.97,0.006799199001501716,0.0035619885535695633,0.12655604030122547,0.06832592109730451,74.7031614159292,0.0,238,AK,2016-01-01,Absolute lifetime-PD deterioration,0.0012896906006361851,116.92280222785513,130.90076002933742,113.11836106110091,0.026058958278619974
RM000570,2,118.243532388194,155270.05,0.007701312927285105,0.0016838379421177157,0.13661217948599835,0.03151267805372693,37.0,0.0,228,MA,2015-03-01,Absolute lifetime-PD deterioration,0.0007615347092900015,117.1041203203013,128.42392060433895,114.00460780948534,0.020081584603654813
RM000390,2,118.05451535725422,255777.61,0.004603026944159551,0.0009944381674836201,0.0842793128730569,0.018807526280875786,40.0,0.0,229,MA,2015-04-01,Absolute lifetime-PD deterioration,0.00046155140536833627,116.9403072456774,128.01165784596563,113.90804276534767,0.02
RM000739,2,117.96999561148483,168891.1,0.004482192682535619,0.0009952749210077648,0.08215563918549884,0.018823209485167136,27.0,0.0,229,WA,2015-04-01,Absolute lifetime-PD deterioration,0.0006984974081611455,116.63709450354406,129.8378740092978,113.03911294935584,0.024264648445543425
RM002082,2,117.94624854338926,57278.94,0.00798367109485766,0.004220711493544961,0.14413137774986007,0.07884373155586322,70.18687014084507,0.0,233,NC,2015-08-01,Absolute lifetime-PD deterioration,0.0020591555734688744,116.50883939705108,130.73422300858905,112.63578857049386,0.03213914886473766
RM001579,2,117.83834072445038,60872.73,0.016686589164488546,0.0019331608430799474,0.27771055084315766,0.03671948329450547,22.0,0.0,232,FL,2015-07-01,Absolute lifetime-PD deterioration,0.0019358149490658685,116.58061478452473,129.0667674915745,113.165378440187,0.02150759252546866
RM000904,2,117.54699922321701,84840.95,0.007983989577001357,0.0006798137181176597,0.2526705596051684,0.024405546520372523,39.12568082524272,0.0,436,TX,2015-05-01,Prior default history,0.0013854983851927284,116.41711706773224,127.63002367988877,113.35177531892666,0.021563846098745055
RM001789,2,116.5663420560957,245790.78,0.004676448673415034,0.0012945886069094525,0.0869950918325979,0.024839182229132728,49.0,0.0,233,AR,2015-08-01,Absolute lifetime-PD deterioration,0.00047425026299235354,115.47641050374422,126.3078855922487,112.50930285928786,0.02
RM002081,2,116.4737014683644,136316.05,0.005883611632127487,0.0014319487947590207,0.10869559995963662,0.027556217888270784,31.0,0.0,234,CA,2015-09-01,Absolute lifetime-PD deterioration,0.0008544386480415506,115.1641740230386,128.13463275462672,111.6284984877366,0.02326002513549236
RM002075,2,116.33829139549331,186464.56,0.004666205361648607,0.0013352660254747086,0.08681263293137276,0.025610092837553333,36.0,0.0,233,CA,2015-08-01,Absolute lifetime-PD deterioration,0.0006239163699283838,115.04917889116379,127.81532334567845,111.57004780721817,0.022271733989913316
RM001649,2,116.28464456502398,145185.27,0.001971526996787591,0.0005512469457471093,0.03727681148085127,0.010558295289626818,38.0,0.0,231,MO,2015-06-01,Absolute lifetime-PD deterioration,0.0008009396859958588,114.92642020451868,128.3689110204887,111.26621507722635,0.049916701026551186
RM001961,2,116.24457652117226,136949.14,0.006149430700527434,0.0014738444621298014,0.11333151782036532,0.028351501483334984,31.0,0.0,234,MA,2015-09-01,Prior default history,0.0008488156736228665,114.97765145754168,127.52945762376692,111.55476583176953,0.022459899365638587
RM001413,2,115.93130840231633,185593.95,0.006390977104780171,0.001571222642456853,0.11658077014763857,0.02994340187748301,25.0,0.0,232,FL,2015-07-01,Absolute lifetime-PD deterioration,0.0006246502561226609,114.82967640174353,125.77800835513278,111.83032478466815,0.02
RM003176,2,115.74136645263434,245324.83,0.00291009573252651,0.0016584031300016198,0.056162287962293944,0.03238303379931495,54.86497795527156,0.0,238,CA,2016-01-01,Absolute lifetime-PD deterioration,0.0004717882264613588,114.42660931516834,127.4385260351393,110.88379437616297,0.023863572796385374
RM002194,2,115.39171928326914,282450.36,0.0022677533721418407,0.0009149865471975837,0.04348671605337939,0.017766961932630054,49.0,0.0,235,PA,2015-10-01,Absolute lifetime-PD deterioration,0.0004085380499542261,114.06558609557881,127.1901570036293,110.49207110954984,0.025617883851420074
RM000298,2,115.35458901262247,197817.86,0.005989200425929916,0.0010226141702535515,0.10741751031475111,0.01916825617915774,32.0,0.0,227,CA,2015-02-01,Absolute lifetime-PD deterioration,0.0005831353600358555,114.25284605178177,125.20109712493904,111.2539913690832,0.02
RM002205,2,115.08678704169444,263827.79,0.0033042075975306335,0.000943163632400238,0.06275873028426049,0.018309313589192633,31.0,0.0,235,NY,2015-10-01,Absolute lifetime-PD deterioration,0.0004362193499088722,113.81861039109661,126.37725942398411,110.39609468505138,0.02219201474794338
RM003370,2,114.96298252781425,154527.36,0.0020001378128248616,0.0007869604845802939,0.03893105063474056,0.015492924758004012,41.0,0.0,238,MO,2016-01-01,Absolute lifetime-PD deterioration,0.000743965227438133,113.62046291154739,126.90724948894797,110.00276375052503,0.044566227665742135
RM000901,2,114.92518464926658,222778.66,0.00408335628880141,0.0010762851022148093,0.07542818908466142,0.020428362040322168,32.0,0.0,230,WA,2015-05-01,Absolute lifetime-PD deterioration,0.0005158716039016779,113.66758063775828,126.12310321918936,110.27253579840139,0.021803620513766286
RM003247,2,114.7248996532334,215799.78,0.005253270256206343,0.001023027746854962,0.09919321646455914,0.02009576946697822,32.0,0.0,238,AZ,2016-01-01,Absolute lifetime-PD deterioration,0.0005316265829985248,113.65366090940066,124.30023848270541,110.7368551345533,0.02
RM001747,2,114.19369935294331,229678.27,0.004368192869795304,0.001977324481853914,0.08148912265503916,0.03770195501273321,23.0,0.0,233,NY,2015-08-01,Absolute lifetime-PD deterioration,0.0004971898271131323,112.98896869756277,124.92741290767952,109.73221391906881,0.02094235334367672
RM000103,2,113.50379322492564,239899.13,0.004109579573650925,0.0014678689123348784,0.07526021535731353,0.02752411280878253,26.0,0.0,228,NY,2015-03-01,Absolute lifetime-PD deterioration,0.0004731313249236279,112.29453986632109,124.2757769400251,109.02692619082806,0.021069902552299694
RM002483,2,113.25384331462706,419461.62,0.00244065051608687,0.0009145626831467318,0.04653337606420582,0.017683904036384646,43.0,0.0,234,NY,2015-09-01,Absolute lifetime-PD deterioration,0.000269998106893849,112.12188273064749,123.34431718812974,109.05839448404069,0.020416476252387804
RM000477,2,113.21854843192922,182957.13,0.005099946488058151,0.0014942151111903867,0.09219059921425898,0.027890384436429883,42.0,0.0,227,AK,2015-02-01,Absolute lifetime-PD deterioration,0.0006188255600201491,111.9897767114824,124.16014572506906,108.67229362475116,0.021416492113328026
RM002089,2,113.06806852228208,103192.55,0.0035383563556627617,0.00034679546355693297,0.06650990007804292,0.006712151977353309,47.0,0.0,233,LA,2015-08-01,Absolute lifetime-PD deterioration,0.001095699917506468,111.89135341630734,123.58773620595147,108.68632593227613,0.02896689636222745
RM003255,2,113.03278382539628,83785.77,0.007829078386490539,0.0023174389361454053,0.14434476722689793,0.0449732028126929,39.0,0.0,238,MD,2016-01-01,Prior default history,0.0013490689865999475,111.7562455490878,124.4027882544231,108.30772818023661,0.025053096885836755
RM001854,2,113.008460499064,102522.86,0.011014355124415825,0.0018907519167524211,0.19349772349434735,0.036079879410032656,30.0,0.0,233,CA,2015-08-01,Absolute lifetime-PD deterioration,0.0011022757314716348,111.87402428896681,123.13636773210845,108.79346346168539,0.0203189924836367
RM002783,2,112.59958183101912,189629.86,0.005840620171790382,0.0010587069971510312,0.1088141477592619,0.020616774507426272,32.0,0.0,236,NJ,2015-11-01,Absolute lifetime-PD deterioration,0.0005937861359546388,111.52578468706285,122.19151943160387,108.6062452878967,0.02007612379329714
RM002261,2,112.53486315872007,273238.03,0.0034976177529695684,0.001354464482992184,0.0663139937872742,0.026193742340740678,38.0,0.0,235,CA,2015-10-01,Absolute lifetime-PD deterioration,0.0004118565163082169,111.3487577080366,123.09906024917393,108.1447643362398,0.021003366410359124
RM000428,2,112.52716265798625,178956.79,0.005781573744605213,0.0009855164410761473,0.1043169640391407,0.018559653744002036,29.0,0.0,228,WA,2015-03-01,Absolute lifetime-PD deterioration,0.0006287951558473208,111.3625555828641,122.90829074040612,108.21095850148947,0.02063032170466513
RM001620,2,112.48324327879558,177875.48,0.0032262241400030497,0.0009826738573657154,0.06056298123944903,0.018828194730938996,38.0,0.0,232,AL,2015-07-01,Absolute lifetime-PD deterioration,0.000632370708311205,111.17891177113336,124.0897939241082,107.66274156552836,0.02748551409645858
RM003206,2,112.40209674268624,114171.42,0.009775158442276407,0.002072310287913869,0.17702361370232023,0.0403085634661855,39.0,0.0,238,MI,2016-01-01,Absolute lifetime-PD deterioration,0.0009845029232594834,111.31668303468746,122.09912187859098,108.36466839309493,0.020163126748439727
RM002982,2,112.24337322563612,98853.67,0.022916665669220095,0.0005875479089927138,0.36737082822907896,0.011540374597226455,29.0,30.0,237,CA,2015-12-01,30 DPD backstop,0.0011354497331827551,110.12101371233655,130.84822593873383,104.58925608875624,0.024163329093154703
RM000288,2,112.02191357174215,157021.22,0.004826060436872906,0.0013735405542673975,0.0878192574632326,0.025777156865798956,39.0,0.0,228,CA,2015-03-01,Absolute lifetime-PD deterioration,0.0007134189479087104,110.74777056463778,123.3626817117631,107.31105824727567,0.023451837684865095
RM003121,2,112.00442162974844,172582.05,0.003323458901167872,0.0011655438641515387,0.06389258066421599,0.022864651922803625,35.0,0.0,238,PA,2016-01-01,Absolute lifetime-PD deterioration,0.000648992300356546,110.7150096075367,123.47989191133787,107.23792457149847,0.027246268595605454
RM000996,2,112.00174862831318,133923.12,0.005791072598415156,0.0004874385712195475,0.10534597171799343,0.009301322897870667,39.0,0.0,230,SC,2015-05-01,Absolute lifetime-PD deterioration,0.0008363137644068716,111.0865697578503,120.22582634148863,108.56519495221515,0.02001799832458504
RM000828,2,111.42531628100187,122206.7,0.0034139330596910477,0.0011251560221283668,0.06317678314098585,0.021254682657087742,38.0,0.0,229,LA,2015-04-01,Absolute lifetime-PD deterioration,0.0009117774744019917,110.11897669382986,123.04953299243687,106.59753005895732,0.034379424111944626
RM001749,2,111.22297434154468,204628.2,0.005260917854957007,0.0018270725509842113,0.09734885988421738,0.03488508953318592,34.0,0.0,233,OR,2015-08-01,Absolute lifetime-PD deterioration,0.0005435368846598107,110.12303731123643,121.03673865516288,107.14030700977582,0.020229822098394204
RM001500,2,111.0008769466983,246045.3,0.0037986305439858797,0.0009606578599528342,0.0703487100842094,0.01825282079477586,33.0,0.0,230,CA,2015-05-01,Absolute lifetime-PD deterioration,0.0004511400012383829,109.80725522541294,121.63042504937347,106.58403415558391,0.021253792839622258
RM003217,2,110.99428701188396,415407.35,0.0026232902410508797,0.0009872629908095948,0.05076316841666839,0.01939974332194605,25.0,0.0,238,CA,2016-01-01,Absolute lifetime-PD deterioration,0.0002671938448173437,109.94723304562334,120.34685130566363,107.1007320682645,0.02
RM001204,2,110.81171733755266,368028.75,0.003021690380802758,0.0009889709760930994,0.05659121811602097,0.018866861365615217,26.0,0.0,231,CA,2015-06-01,Absolute lifetime-PD deterioration,0.0003010952740446301,109.75284113561482,120.26911769088623,106.87471573066394,0.02
RM003289,2,110.69996086355681,139436.33,0.007976507843432774,0.002147174448906508,0.14686293532892958,0.04173546973782505,40.0,0.0,238,TX,2016-01-01,Absolute lifetime-PD deterioration,0.0007939104598031002,109.65152014582176,120.07120987398481,106.79699764251389,0.02005262258601329
RM001528,2,110.61785074232202,136434.69,0.005908046905066061,0.00148234475481711,0.10824245174205704,0.028272561863999845,23.0,0.0,232,WA,2015-07-01,Absolute lifetime-PD deterioration,0.0008107751096317368,109.384714005662,121.6008357505202,106.05374528912594,0.02281881910922215
RM001232,2,110.60565524020583,258960.67,0.0037190181569043772,0.0011089148099179109,0.06921275862123155,0.021131978103974602,36.0,0.0,231,CA,2015-06-01,Absolute lifetime-PD deterioration,0.00042711372055148693,109.41938994469108,121.16906264250537,106.21645897173947,0.021046755099164493
RM002909,2,110.49153640506854,138435.94,0.006710959709476241,0.0018026825201610055,0.12403317752068332,0.034862547262931365,61.0,0.0,236,IL,2015-11-01,Prior default history,0.0007981419883093115,109.37877700374877,120.41002464964481,106.36780976599961,0.0207807240849749
RM002627,2,110.48483548639994,242585.4,0.004429012464440405,0.0012098938309843467,0.08359546105943794,0.023527786975213738,49.0,0.0,236,OK,2015-11-01,Absolute lifetime-PD deterioration,0.0004554471764846522,109.45987328953963,119.6462581654991,106.66925326570653,0.02
RM002518,2,110.2520507796841,298422.93,0.0036834502975396717,0.0014135478286750613,0.06971790750622009,0.027321391929658878,34.0,0.0,235,TX,2015-10-01,Absolute lifetime-PD deterioration,0.00036944899234011305,109.20814739547893,119.57809516709689,106.36911660986995,0.02
RM003351,2,110.14650763087131,440458.28,0.002530561695757628,0.0013226637577315199,0.049011286698460665,0.025908653778385915,24.0,0.0,238,CA,2016-01-01,Absolute lifetime-PD deterioration,0.00025007251000224427,109.08848095693098,119.59388770851079,106.2143068839874,0.02
RM002957,2,110.13662849971513,216414.77,0.005031948612244719,0.0012698022191460856,0.09444881768703528,0.024679013903733282,46.0,0.0,236,TX,2015-11-01,Absolute lifetime-PD deterioration,0.0005089145648410001,109.10763985519462,119.33397463153939,106.30610185775842,0.02
RM001582,2,109.48840968506613,185398.1,0.004590841804331979,0.0017679607588375933,0.0851184115256931,0.03363225159917649,23.0,0.0,232,NY,2015-07-01,Absolute lifetime-PD deterioration,0.0005905584236573413,108.2969558112525,120.10082115023722,105.0781247205063,0.02195838374509857
RM002439,2,109.39457184444146,35339.96,0.014962650723450781,0.0009718095307570595,0.25564176355305523,0.018860397633752357,14.0,0.0,235,CA,2015-10-01,Absolute lifetime-PD deterioration,0.0030954922372419622,108.34163990031067,118.8487344581771,105.44601669769428,0.024016999371242326
RM000735,2,109.05560691951511,264784.87,0.0025816085128016913,0.001388504750035604,0.048132465033746574,0.02616725698773925,51.59132137535817,0.0,229,NY,2015-04-01,Absolute lifetime-PD deterioration,0.000411864948777153,107.80990310797281,120.13797484178023,104.45345765570208,0.02401013812109246
RM001725,2,108.98321659842159,213461.16,0.004377810463332917,0.0010708741377392747,0.0806535468799916,0.020326656053060943,32.0,0.0,230,NC,2015-05-01,Absolute lifetime-PD deterioration,0.0005105529108828116,107.82999163497998,119.25628584791461,104.71365199147125,0.021034771798262283
RM003286,2,108.6210668440156,169894.47,0.004544049162886581,0.001289316895881562,0.08636947355939395,0.025263353675972877,32.0,0.0,238,CA,2016-01-01,Absolute lifetime-PD deterioration,0.0006393443344213358,107.41323728486091,119.37485324605058,104.15319342369479,0.022724438673481503
RM003425,2,108.53800745640406,107825.61,0.005938888975624006,0.0017051609855794367,0.11142757463631414,0.033281461381090005,37.0,0.0,238,KS,2016-01-01,Absolute lifetime-PD deterioration,0.0010066069411191279,107.29342999662585,119.61806087793553,103.93481725782556,0.02500941264501479
RM000042,2,108.1891035375687,120914.51,0.0059122506296213975,0.0018749257076961796,0.10610950185196666,0.03487787917662999,28.0,0.0,227,NM,2015-02-01,Absolute lifetime-PD deterioration,0.0008947569943224242,106.95345334567548,119.19099317409292,103.61804555528026,0.02411390079666411
RM002536,2,108.08634314986867,165911.41,0.0020624193550655982,0.0005616985100533928,0.03929382032983142,0.01085008546861399,34.0,0.0,233,MO,2015-08-01,Absolute lifetime-PD deterioration,0.0006514702222702385,106.8303507431362,119.26210995631924,103.44492337096843,0.040080917614103484
RM003249,2,108.05767630210859,200749.99,0.004465668432703653,0.0009884041668330877,0.08494164648875924,0.019421959259964483,40.0,0.0,238,WA,2016-01-01,Absolute lifetime-PD deterioration,0.0005382698963128645,106.91940663165025,118.19656484368764,103.84412654436193,0.021094839740567133
RM002484,2,107.88779831560383,95809.91,0.009941239989755182,0.0014473943083959957,0.09054917318284439,0.013665967657939926,13.0,0.0,114,CA,2015-09-01,Absolute lifetime-PD deterioration,0.0011260609504340816,106.6215872282462,119.20655767824948,103.17346708841843,0.02226044673375213
RM002095,2,107.41769597207465,259996.12,0.004146695095692538,0.001123928100583563,0.07751336865471226,0.02159854764254332,31.0,0.0,233,VA,2015-08-01,Absolute lifetime-PD deterioration,0.0004131511499943717,106.39807921102634,116.52742699479646,103.62465421626838,0.02
RM000231,2,107.26369841697324,210298.5,0.005112829921825754,0.0009418285284035677,0.09280055523151809,0.017743864533256826,35.0,0.0,228,RI,2015-03-01,Absolute lifetime-PD deterioration,0.000510054510217492,106.2458554420108,116.35921163608151,103.47615487559221,0.02001145230018943
RM002996,2,107.19922737846798,413344.57,0.0025359179343002443,0.000820205340081576,0.04891133914935564,0.016075096454535864,30.0,0.0,237,CA,2015-12-01,Absolute lifetime-PD deterioration,0.0002593459190197369,106.19014107319161,116.21292610539155,103.44667485813311,0.02
RM001827,2,107.10318097428704,258758.48,0.004130665246143704,0.0012362640345309657,0.0772250098564623,0.023732816678953994,35.0,0.0,233,FL,2015-08-01,Absolute lifetime-PD deterioration,0.00041391177199018574,106.09025616887185,116.15364528878764,103.33468111823656,0.02
RM001609,2,107.07658003749458,72877.81,0.010139399797303503,0.002001158482447719,0.09073385057180006,0.01852250276083478,22.0,0.0,112,PA,2015-07-01,Absolute lifetime-PD deterioration,0.0014692617689457817,105.62290026305145,119.99593587505217,101.7150351680066,0.035060028514769886
RM001107,2,106.82600235663466,170290.15,0.00637509793421381,0.001055492151032749,0.11583668133692782,0.020123714254510428,30.0,0.0,231,CA,2015-06-01,Absolute lifetime-PD deterioration,0.0006273175656761983,105.8145887424804,115.86689607251417,103.06047046165642,0.020001300377542008
RM002861,2,106.80692671799703,97058.29,0.008185925333721263,0.0024620161746548093,0.1492631380037146,0.0473229923379892,39.0,0.0,236,TX,2015-11-01,Absolute lifetime-PD deterioration,0.0011004410516401745,105.61996082531593,117.37931428563674,102.413287508668,0.02236690890866181
RM001759,2,106.7884105811973,246207.83,0.004254108279518969,0.0011251944880570756,0.07944340587734611,0.021622632367429895,41.0,0.0,233,CA,2015-08-01,Absolute lifetime-PD deterioration,0.0004337327963176366,105.7677768602767,115.90309442357453,102.99437586020723,0.02006482106313386
RM002104,2,106.73952897283992,227002.7,0.004508659266083682,0.001043237431178497,0.08434685760771887,0.02014800932892702,38.0,0.0,234,NJ,2015-09-01,Absolute lifetime-PD deterioration,0.0004702125964706143,105.69210947155761,116.08492272357482,102.85165954611269,0.020207996181632458
RM002325,2,106.57671187341975,116742.81,0.005319435117538989,0.0012897724648021744,0.09877998094934082,0.024852752465769568,28.0,0.0,234,NY,2015-09-01,Absolute lifetime-PD deterioration,0.0009129188501923138,105.35901440108638,117.41874608353586,102.07207294648435,0.025527492112587095
RM001834,2,106.45428019035188,207888.9,0.004367033933085298,0.0011715034887526247,0.08146836278688563,0.02250297154410763,43.0,0.0,233,PA,2015-08-01,Absolute lifetime-PD deterioration,0.0005120729398748652,105.3271102876297,116.4931046282999,102.28262555347033,0.021009674660413324
RM001647,2,106.10681116974249,296318.65,0.003555210353374966,0.0009475486451869528,0.0665394145507483,0.018161022882485556,25.0,0.0,232,CA,2015-07-01,Absolute lifetime-PD deterioration,0.0003580834725378996,105.0841882801891,115.23738145270335,102.30664960705087,0.02005236228603305
RM001669,2,106.09404093582691,155029.66,0.005850061966619245,0.0018478018040289335,0.1072362747015363,0.03512547742514327,33.0,0.0,232,MI,2015-07-01,Absolute lifetime-PD deterioration,0.0006843467303987308,104.95704401025591,116.22234445217025,101.88469508350946,0.02117042843722829
RM001646,2,105.88019512250176,84690.16,0.006811277325875989,0.001486631061083756,0.12377748903852426,0.028353203915302272,24.0,0.0,232,WI,2015-07-01,Absolute lifetime-PD deterioration,0.001250206577983815,104.6617347250109,116.73174623107784,101.37089498249374,0.02704995098205909
RM002488,2,105.5301987051277,90244.73,0.009317679382996654,0.0028345249863865702,0.16750381794963876,0.0540714753180036,28.0,0.0,235,NC,2015-10-01,Absolute lifetime-PD deterioration,0.001169377964842132,104.3725630985952,115.84657867377778,101.2415907441059,0.021928836791733526
RM000202,2,105.15114384312432,93191.84,0.027708940999519757,0.0005769162740082899,0.41368696503075264,0.010904680503223352,31.0,30.0,228,IL,2015-03-01,30 DPD backstop,0.0011283299465181106,103.17564210569554,122.4773339790833,98.02077750526331,0.02221262875569449
RM003411,2,104.45911720600577,192411.59,0.0043696201640332335,0.0013711829429546598,0.0831890884509312,0.026846831305793017,27.0,0.0,238,CA,2016-01-01,Absolute lifetime-PD deterioration,0.000542894101160984,103.33779254789592,114.44669436425852,100.308547815251,0.021498085100504268
RM002489,2,104.44416973117426,172571.6,0.006125293878632036,0.0012095866523046449,0.11336559746148323,0.02342338831555868,31.0,0.0,235,MA,2015-10-01,Absolute lifetime-PD deterioration,0.000605222236632066,103.45158907775873,113.31441291129445,100.75030983178095,0.02001861820013603
RM001095,2,104.42809828489658,204717.37,0.004685433467880843,0.0011464404138959144,0.08608269414542047,0.021746114999886323,38.0,0.0,230,CA,2015-05-01,Prior default history,0.0005101086355539668,103.40871440654269,113.52109393848038,100.64581584767349,0.020321743959413722
RM002945,2,104.39241930526185,274078.24,0.0036713012032340386,0.0013432885057086924,0.06978089182946579,0.02608940066967147,28.0,0.0,236,NC,2015-11-01,Absolute lifetime-PD deterioration,0.00038088547016816023,103.37980030354039,113.4295118513706,100.63223954678516,0.020138301242470975
RM000524,2,104.30439944904467,226565.47,0.0032575648260721166,0.0007888967662912444,0.06036771783615058,0.014947875972117552,30.0,0.0,229,WA,2015-04-01,Absolute lifetime-PD deterioration,0.00046037200394678264,103.137867489678,114.68885909276881,99.99039532405799,0.022996488126692822
RM001081,2,103.72600313203495,292285.33,0.003516226807716851,0.00148549084903795,0.06555886764997065,0.02821137214645064,28.0,0.0,231,CA,2015-06-01,Absolute lifetime-PD deterioration,0.00035487926517569304,102.73171156202639,112.60509092724725,100.03012699805103,0.020038813498795518
RM001394,2,103.70767076943083,199132.32,0.004761808252299372,0.0009688085052866397,0.0881515850847554,0.01856488619758545,31.0,0.0,232,WA,2015-07-01,Absolute lifetime-PD deterioration,0.0005207977829486987,102.63732900301609,113.24683380617749,99.74197431529954,0.02060282183869572
RM001440,2,103.70097916771584,212288.54,0.0023401016797195847,0.0009660148530873596,0.04409787123115716,0.018432773140996672,38.91002889487871,0.0,231,LA,2015-06-01,Absolute lifetime-PD deterioration,0.0004884907078249058,102.5014704058583,114.37419385080007,99.26826525896695,0.02858612194084435
RM000834,2,103.62084627721032,226993.3,0.0031943346905174558,0.000847361011086651,0.059229560115778845,0.016047177423129444,34.0,0.0,229,CT,2015-04-01,Absolute lifetime-PD deterioration,0.0004564929725996773,102.46253903456949,113.93143750748142,99.33769852060934,0.022986455521689892
RM002838,2,103.54936827448716,113451.25,0.008805439354881251,0.0016151715907164765,0.1596531713624849,0.03129070952823665,33.0,0.0,236,OH,2015-11-01,Absolute lifetime-PD deterioration,0.0009127212637541426,102.52333260844225,112.70761110879398,99.73841384141971,0.020311083279487753
RM001728,2,103.54738186487337,468606.93,0.0021613229323551755,0.0007488169094159234,0.0406220637241943,0.014255120157829593,43.0,0.0,230,DC,2015-05-01,Absolute lifetime-PD deterioration,0.00022096852444088562,102.56988129199144,112.2784639104462,99.91261053748144,0.02
RM001588,2,103.53531722257344,248476.6,0.0032241103801391655,0.001099218925968236,0.060018684708289194,0.0208593214562659,43.0,0.0,230,CA,2015-05-01,Absolute lifetime-PD deterioration,0.0004166803522849775,102.39288034504085,113.70334108124844,99.31173087293458,0.021906603284415026
RM002266,2,103.42610691195691,199972.74,0.0051083011709970524,0.0015528707933960592,0.09542851902241045,0.029975570299426768,44.0,0.0,235,TX,2015-10-01,Absolute lifetime-PD deterioration,0.0005172010290600454,102.4558796102213,112.09718241185497,99.81503330585296,0.02001248188485179
RM000711,2,103.27211975354973,215752.58,0.00387772128251661,0.0010766906858925315,0.07146174222460622,0.020348043182539244,36.0,0.0,229,OH,2015-04-01,Absolute lifetime-PD deterioration,0.0004786599527734488,102.15604140823046,113.21016161426638,99.14286423641785,0.021478032269974304
RM001596,2,103.12107826397794,232653.05,0.00382233548934076,0.00099439763771973,0.07136552607001134,0.019050781698942032,32.0,0.0,232,NH,2015-07-01,Absolute lifetime-PD deterioration,0.0004432397437470858,102.03475552432371,112.79787817181221,99.09940450330221,0.02095810971690416
RM000032,2,102.89084103404414,316530.57,0.003300925312921272,0.0012911341967963262,0.06062995212614164,0.024143503944651368,26.0,0.0,227,CA,2015-02-01,Absolute lifetime-PD deterioration,0.00032505814851957,101.90094721918449,111.73191239152351,99.21046401756008,0.02
RM002823,2,102.88863913369862,200736.45,0.005069823457284944,0.001189826546723559,0.09512650787253019,0.023141876596403987,43.0,0.0,236,TX,2015-11-01,Absolute lifetime-PD deterioration,0.0005125558369379284,101.92699230381085,111.48407995875773,99.30879197693952,0.02
RM000752,2,102.84532293284131,107157.88,0.006669444165273469,0.0008708375515104759,0.11988398967314284,0.016488278896738318,16.0,0.0,229,FL,2015-04-01,Absolute lifetime-PD deterioration,0.000959755110243328,101.96914719287403,110.71131336565844,99.56035440432656,0.020152293560286055
RM001023,2,102.84179673619246,252076.22,0.004047599494587707,0.0012671552482948394,0.07479173883364121,0.02400961403219737,35.0,0.0,230,TX,2015-05-01,Absolute lifetime-PD deterioration,0.00040797897055181353,101.87114321457771,111.51502641636056,99.23025404425353,0.02
RM000322,2,102.80168249841759,181603.94,0.004811549648617901,0.001338877080038683,0.08756651192124154,0.02513444456992009,32.0,0.0,228,MA,2015-03-01,Absolute lifetime-PD deterioration,0.0005660762784024266,101.69507416956338,112.65749817931169,98.70604712863798,0.021229006967448907
RM001481,2,102.75264133657585,43091.99,0.012709843607961615,0.0015460093302172456,0.2190924862559489,0.029469686851058552,38.0,0.0,232,OH,2015-07-01,Absolute lifetime-PD deterioration,0.002384495154124371,101.56182510021733,113.36638673374044,98.33998206869589,0.027138478237466714
RM002133,2,102.48961591246925,112940.53,0.005559124569975736,0.0012906246009733006,0.10300533377134813,0.024868976949489974,29.0,0.0,234,TN,2015-09-01,Absolute lifetime-PD deterioration,0.0009074653351854224,101.3221867226128,112.88425928490607,98.17081084186971,0.0247611868747132
RM000048,2,102.45142790599212,127809.73,0.0020100775011964475,0.0009058519285975523,0.03734696967411266,0.016997351834578844,58.763094252873564,0.0,227,MO,2015-02-01,Absolute lifetime-PD deterioration,0.000801593336485353,101.21033964697502,113.48535334976549,97.87131269005752,0.046767868121631626
RM000297,2,102.27146611025763,155439.85,0.004662253725961855,0.0011190872264227078,0.08460584228912027,0.02095850677926636,47.0,0.0,227,AL,2015-02-01,Absolute lifetime-PD deterioration,0.0006579488214267939,101.10919557754762,112.61393744368932,97.97595750829785,0.02286606308191142
RM001348,2,102.19001433038764,203473.69,0.004716633737993864,0.001340874754958472,0.0869914183132734,0.025498440511367404,37.0,0.0,231,TX,2015-06-01,Absolute lifetime-PD deterioration,0.0005022271642608321,101.16674093004093,111.31528784051824,98.3949320316246,0.02035061939487837
RM001595,2,102.13215829556756,122532.96,0.006978580725636653,0.0027415534412602955,0.1266266937831213,0.05169220900670779,33.0,0.0,232,FL,2015-07-01,Prior default history,0.0008335076398674084,101.06141763462799,111.67426668695556,98.16539549693806,0.021150479219223094
RM000290,2,102.128577593243,371640.46,0.0025938524090500592,0.0008529663090119036,0.048149432270851555,0.016082547853173867,43.0,0.0,228,CA,2015-03-01,Absolute lifetime-PD deterioration,0.000274804787383061,101.12678411221208,111.06455606488603,98.4116356427416,0.0202100552257969
RM002733,2,102.10219887606725,193582.63,0.003014028785986178,0.000988569412559982,0.05763764144475114,0.019263521875604983,58.0,0.0,236,LA,2015-11-01,Prior default history,0.0005274347128978836,100.93848660609764,112.4545930287091,97.80332400613402,0.02464168187503296
RM001776,2,101.95394980220436,114692.14,0.008834188749168605,0.0024390161839920217,0.15826720156785146,0.04630885873865154,35.0,0.0,233,CO,2015-08-01,Absolute lifetime-PD deterioration,0.0008889358050360239,100.94952225673534,110.92205875608471,98.22140567897641,0.020215319172043646
RM003114,2,101.93407110156876,283506.71,0.003322783382097895,0.00099731493665753,0.0638799969876398,0.019595413968445552,26.0,0.0,238,RI,2016-01-01,Absolute lifetime-PD deterioration,0.00035954729643460206,100.90226982626714,111.13144838334945,98.1100244002345,0.020436107143364943
RM000401,2,101.89059564897269,227233.87,0.003969479573729365,0.0011443002992275741,0.07278536083349108,0.021519239623193687,22.0,0.0,228,UT,2015-03-01,Absolute lifetime-PD deterioration,0.00044839528389395775,100.8128544986983,111.49225567380098,97.89981173415536,0.020928615652000247
RM000687,2,101.87612033064457,174804.68,0.002479588178986911,0.0009616955841929797,0.04627276965303073,0.018193648118869366,77.28967256198347,0.0,229,PA,2015-04-01,Absolute lifetime-PD deterioration,0.0005827997301367708,100.63167352468076,112.93502622278432,97.28690426632105,0.029868506767701083
RM000256,2,101.7719601085592,156947.32,0.0050858975184367595,0.0010371921084996465,0.09233382764548526,0.019523770540884167,40.0,0.0,228,PA,2015-03-01,Absolute lifetime-PD deterioration,0.0006484466259669754,100.65741145104386,111.69566769256143,97.64884562979437,0.02178183711770492
RM002921,2,101.72859677550588,177154.06,0.004376509906500948,0.001057848442053897,0.0829797907168367,0.02068659997741462,41.0,0.0,237,PA,2015-12-01,Absolute lifetime-PD deterioration,0.000574238020712062,100.61062057792321,111.68097634924358,97.59404885651266,0.02193753931077681
RM000826,2,101.7008344991059,279830.71,0.0030610969912219,0.0007511893617296381,0.056826971162500906,0.014238247506530022,30.0,0.0,229,NY,2015-04-01,Absolute lifetime-PD deterioration,0.00036343700267603185,100.61981742171658,111.32900685776475,97.69972463857452,0.021162176694233144
RM001279,2,101.52690909415178,131151.33,0.005467256417091588,0.0012522529873507564,0.09974442531319727,0.023730453624713488,30.0,0.0,230,CA,2015-05-01,Absolute lifetime-PD deterioration,0.0007741203165393121,100.39096513511763,111.64197768751058,97.32406400530661,0.02296781085411868
RM003440,2,101.49200247802085,129566.79,0.004979720581517556,0.0009795370910794655,0.09351351741573877,0.019089120998963316,36.0,0.0,236,TN,2015-11-01,Absolute lifetime-PD deterioration,0.0007833180283159045,100.3529510774927,111.63348635692395,97.27850752917699,0.023763598426036214
RM000830,2,101.269227606124,214887.23,0.004333658056689705,0.0011204116724944876,0.07953873428575109,0.021165965381743312,32.0,0.0,229,CA,2015-04-01,Absolute lifetime-PD deterioration,0.0004712668482260393,100.2324701673415,110.51012970256465,97.42725390825396,0.02052727695028403
RM003360,2,101.12534883701264,280995.36,0.0034957282145742863,0.0009923070604032577,0.0670964026177755,0.0194979355488899,45.0,0.0,238,MI,2016-01-01,Absolute lifetime-PD deterioration,0.00035988262879861307,100.1834775701282,109.54176344630852,97.62064918707635,0.02
RM000698,2,101.05679926726357,250048.57,0.0039727958256715054,0.0012358580138012137,0.0725364020948327,0.023121282338535387,37.0,0.0,227,MI,2015-02-01,Absolute lifetime-PD deterioration,0.00040414867906368577,100.06488295242646,109.90843465513683,97.37396546347797,0.020140985890095713
RM000690,2,100.95528529708216,226350.32,0.004027500099445304,0.0009038509096226749,0.07412247618252588,0.01710825093268764,27.0,0.0,229,CA,2015-04-01,Absolute lifetime-PD deterioration,0.00044601344189432624,99.89631110746635,110.39015054951726,97.03372300625736,0.020755535844166603
RM003155,2,100.86905708602664,133164.64,0.004932650839612918,0.002254184772644849,0.09341726792672123,0.04377158236430956,64.03545530054646,0.0,238,NC,2016-01-01,Absolute lifetime-PD deterioration,0.0007574762871436939,99.71720682106816,111.11596974739223,96.61397267194866,0.02325378148024325
RM001937,2,100.44608638786389,157552.77,0.009108722135167965,0.0019050669482460296,0.08395694319663627,0.01810834140036721,35.0,0.0,115,IL,2015-10-01,Absolute lifetime-PD deterioration,0.0006375393234143956,99.2343624312127,111.25039644903796,95.95310713095081,0.020024690061540652
RM000045,2,100.41337558757705,532982.87,0.0018068011392171522,0.0011647141679184284,0.03363103770003106,0.021804127564077014,44.55805344051447,0.0,227,MA,2015-02-01,Prior default history,0.00018839887966301254,99.47926344741153,108.75697827543996,96.9398952376855,0.02
RM001685,2,100.32542811784882,114195.4,0.009170017269208951,0.0016683859209567459,0.1631453393026584,0.031766883997948914,33.0,0.0,232,NV,2015-07-01,Absolute lifetime-PD deterioration,0.0008785417636599094,99.37481036413506,108.82735845854624,96.78321530502092,0.02
RM003063,2,100.26497251674522,193076.5,0.004099452983315702,0.0009536144327564333,0.07792674455935023,0.01866645380651799,27.0,0.0,237,NH,2015-12-01,Prior default history,0.0005193017923814924,99.19261205129813,109.8163007344429,96.2957295969031,0.021585668662469183
RM000573,2,100.16424474650643,307991.0,0.0032130644075704625,0.0008450999873945819,0.05956683564877763,0.016004685080808878,48.0,0.0,229,VA,2015-04-01,Absolute lifetime-PD deterioration,0.00032521808996531206,99.21825000078015,108.61571511395344,96.64541070511225,0.02
RM001931,2,99.94385623840049,322153.39,0.0030512748880544265,0.0009004139648055855,0.057610076932779974,0.01733883545459247,41.0,0.0,233,FL,2015-08-01,Absolute lifetime-PD deterioration,0.00031023686026833517,99.00224507788487,108.35597928723573,96.44145250757546,0.02
RM002101,2,99.6184685083065,213253.54,0.004602763387437467,0.0012001421874188586,0.08603324385891842,0.023144780953614497,48.0,0.0,234,TX,2015-09-01,Absolute lifetime-PD deterioration,0.0004671362947049156,98.68720825359257,107.94167777243281,96.15216350263371,0.02
RM002941,2,99.59245113606462,262761.75,0.003352929849986823,0.0011288959054620512,0.06417953278604416,0.022061298555323905,37.0,0.0,237,MA,2015-12-01,Absolute lifetime-PD deterioration,0.0003790218748964209,98.57778298154929,108.63454156503597,95.83363374871833,0.0206011820043417
RM000555,2,99.49317703181299,243787.49,0.0038487897001024895,0.0007894786521202454,0.07094695515904303,0.014958822885727585,37.0,0.0,229,PA,2015-04-01,Absolute lifetime-PD deterioration,0.0004081143664583158,98.4878038808154,108.45620758840266,95.76624681982543,0.02036664976312374
RM001469,2,99.48421049842989,165669.73,0.005200508244359647,0.001785561732823394,0.09589114147004418,0.03396162169770078,22.0,0.0,232,CA,2015-07-01,Absolute lifetime-PD deterioration,0.0006004972091065151,98.42911458625092,108.8851166284135,95.57660903601852,0.021062558601135307
RM002782,2,99.47308978632483,178401.24,0.005525206136438196,0.0010269242786389043,0.10323702050106232,0.020003770287749356,33.0,0.0,236,MT,2015-11-01,Absolute lifetime-PD deterioration,0.000557580708443085,98.53500985073666,107.85607345140966,95.98219536887338,0.020025201236041835
RM002128,2,99.34471427998577,87901.31,0.009484213180377532,0.0020146913579989437,0.16892117621420089,0.03840128304638879,24.0,0.0,233,NC,2015-08-01,Absolute lifetime-PD deterioration,0.0011301846841643857,98.27086140821993,108.9168658005258,95.36486358660275,0.021504095757067927
RM000385,2,99.30442831015156,172019.11,0.003118748391959809,0.0008387548157217089,0.05786727420201876,0.015885428388887957,35.0,0.0,229,PA,2015-04-01,Absolute lifetime-PD deterioration,0.0005772871880929483,98.16084787466889,109.48153310152658,95.0773548309646,0.026561971230544316
RM002388,2,99.19882735207693,207721.43,0.004644196150901771,0.0011333928570849737,0.08712898974839312,0.021963411216437634,34.0,0.0,235,IL,2015-10-01,Absolute lifetime-PD deterioration,0.00047755702120901505,98.23961847025555,107.76156746808145,95.63542060585108,0.020124654200485058
RM000064,2,99.0757553300289,151301.57,0.00595936913852994,0.0015870812559415045,0.10735538408242984,0.02972767364409412,36.0,0.0,228,GA,2015-03-01,Absolute lifetime-PD deterioration,0.0006548230486308165,98.05057752720816,108.21330384544387,95.27678824699589,0.020652155121803396
RM002598,2,99.05776492270843,214926.68,0.004521559876834709,0.001040502520326301,0.08526937558391934,0.02026570304780817,42.0,0.0,236,IL,2015-11-01,Absolute lifetime-PD deterioration,0.00046089096487559586,98.13369785806378,107.31670495120629,95.6182203593851,0.02
RM001176,2,98.91865481100905,164814.63,0.006038523609957944,0.0012915054214480783,0.1100535285930141,0.024570651587363934,41.0,0.0,231,FL,2015-06-01,Absolute lifetime-PD deterioration,0.0006001812752363612,97.98764529616983,107.24123143342183,95.4521973373549,0.02
RM000073,2,98.58928908828115,167654.63,0.006057095485900727,0.0009807382709245004,0.10857009893487046,0.01839020044218742,30.0,0.0,227,CA,2015-02-01,Absolute lifetime-PD deterioration,0.0005880499040693427,97.64613308707527,107.01833869740385,95.07902936269842,0.02
RM001684,2,98.12459922379819,77415.1,0.006340523991940965,0.0016310163326323922,0.11571311292413067,0.031065946674861067,33.0,0.0,232,NY,2015-07-01,Absolute lifetime-PD deterioration,0.001267512400343062,96.98309337391031,108.28755549905345,93.90228193253255,0.028100744604172667
RM001741,2,97.91010930292214,195579.17,0.00468204795828165,0.0014423584131065203,0.08709481442787248,0.02763692387298977,39.0,0.0,233,MN,2015-08-01,Absolute lifetime-PD deterioration,0.0005006162430432757,96.92668087275173,106.6789531049905,94.26354738522716,0.020374353493938808
RM000765,2,97.84815535488401,291837.81,0.0032424960576470075,0.0010809870175094124,0.06009659484854413,0.020428446655119337,58.0,0.0,229,TX,2015-04-01,Absolute lifetime-PD deterioration,0.0003352826535906503,96.9365696948366,105.99426957248211,94.45592754930173,0.02
RM001158,2,97.68632648515829,178235.19,0.00434371322237092,0.001280197410440668,0.08038356112778167,0.02435802434708101,40.0,0.0,231,IL,2015-06-01,Absolute lifetime-PD deterioration,0.0005480754192545158,96.61610628985028,107.21390393033963,93.72817015496697,0.021697843061433252
RM002668,2,97.66362806931261,151496.56,0.006442051474916456,0.0011098560357244703,0.11935749950629593,0.021602539502812546,20.0,0.0,236,NY,2015-11-01,Absolute lifetime-PD deterioration,0.0006446590475012278,96.71479256216435,106.13637211278663,94.1369987378639,0.02011168428660522
RM002583,2,97.27665955217351,237088.38,0.003290066602578721,0.0013700158462935218,0.06275571266594737,0.026601885356370092,52.0,0.0,236,TX,2015-11-01,Absolute lifetime-PD deterioration,0.0004102970358655853,96.2154309597452,106.72116503303805,93.35380011577672,0.021481727395022483
RM003100,2,97.25449681523827,151522.57,0.005454710733125204,0.0012395909594168832,0.10198600466456098,0.02409862166247867,42.0,0.0,236,TN,2015-11-01,Absolute lifetime-PD deterioration,0.0006418482528064187,96.22670073303722,106.40982280725588,93.44958039762508,0.021024433765698295
RM002024,2,97.16060602977464,148769.53,0.0019889422823180145,0.0005177520996637677,0.03823862103872189,0.010090681657968448,33.0,0.0,235,MO,2015-10-01,Absolute lifetime-PD deterioration,0.0006530947972328382,96.03238479515903,107.19953739696443,92.99130920196174,0.04120796413789159
RM000439,2,96.93597539997148,192161.66,0.0038990428430218903,0.0012748833888329505,0.07184094920587014,0.02405060783017221,25.0,0.0,229,NY,2015-04-01,Absolute lifetime-PD deterioration,0.0005044501353702475,95.87414123442497,106.39163967930854,93.00698265320013,0.022041671373631104
RM003045,2,96.88422231924802,252546.45,0.0038227297488611653,0.0010222467466541926,0.07285340552713071,0.019997052378428637,32.0,0.0,237,FL,2015-12-01,Absolute lifetime-PD deterioration,0.00038362931777202974,95.96813573601455,105.06866089093661,93.47652598748283,0.02
RM002421,2,96.65075403418106,106312.02,0.003458328402140601,0.0014850599605664273,0.06559281476234546,0.02868459664223466,45.0,0.0,235,IN,2015-10-01,Prior default history,0.0009091234841947417,95.5191358421342,106.71923619623003,92.46935982163164,0.03289460324229995
RM001118,2,96.64856117714339,216536.63,0.004402115997255861,0.0010019596138890405,0.08142139791746861,0.01911238905595336,39.0,0.0,231,CO,2015-06-01,Prior default history,0.0004463381607866687,95.74367574235728,104.73515541532271,93.28102713380923,0.02
RM000198,2,96.62930603047953,254698.35,0.0029746442007458043,0.0007500879317524193,0.054795725425495934,0.014094220831685433,33.0,0.0,227,NY,2015-02-01,Absolute lifetime-PD deterioration,0.000379387247818761,95.56994785464718,106.06031436799753,92.71123496364724,0.021870869895958666
RM000226,2,96.49693585729563,223899.36,0.002771124183442346,0.0007153371497406857,0.051358621855626674,0.01350425759053342,33.0,0.0,228,PA,2015-03-01,Absolute lifetime-PD deterioration,0.0004309835269618262,95.4026479649278,106.23614191386774,92.4515436479245,0.02412638189832809
RM001485,2,96.27590848789899,302974.72,0.003231150974010883,0.0008279498658701035,0.06065275017141625,0.01588612392715838,20.0,0.0,232,CA,2015-07-01,Absolute lifetime-PD deterioration,0.00031776878443158226,95.34956198912514,104.54892986374307,92.83212655675504,0.02
RM002494,2,96.23183991833218,159512.27,0.005585452877432742,0.0012439024861219034,0.10346831362267839,0.023979020208533375,42.0,0.0,234,CA,2015-09-01,Absolute lifetime-PD deterioration,0.0006032880098711666,95.2549788863048,104.9407554461876,92.61055440129424,0.0204709255042559
RM003333,2,96.1795199312742,192225.78,0.004626366489444437,0.0011706925056313281,0.08786673408709444,0.022964543412677618,46.0,0.0,238,CA,2016-01-01,Absolute lifetime-PD deterioration,0.0005003466232847342,95.2200643124975,104.73470317148941,92.62178492094931,0.020369433413136948
RM000195,2,96.14389450701721,156000.12,0.005713920210158537,0.0014705110833568079,0.1027298658750897,0.02745374417779811,35.0,0.0,227,TX,2015-02-01,Absolute lifetime-PD deterioration,0.0006163065419886678,95.1325215936264,105.15559594527384,92.39797544938737,0.020685108231790653
RM002009,2,96.01210700847268,124524.81,0.004049086875402595,0.000982451637318115,0.07606862461088792,0.01898470068405922,31.0,0.0,234,WI,2015-09-01,Absolute lifetime-PD deterioration,0.0007710279341801259,94.90445913330908,105.87095180164697,91.9168295210484,0.027089953795006696
RM000974,2,96.00106289459434,181663.21,0.0043193540054904354,0.0012917909705002929,0.07961841578472473,0.02447094306927633,29.0,0.0,230,CA,2015-05-01,Absolute lifetime-PD deterioration,0.0005284562729822639,94.9542525891069,105.32247809222996,92.12797267191944,0.021570273209592254
RM000342,2,95.90525336274501,181084.17,0.0045429745162075185,0.0011350820967153128,0.08322446839259834,0.021440271289439483,45.0,0.0,229,NY,2015-04-01,Absolute lifetime-PD deterioration,0.0005296169917157586,94.88404513417237,104.99954788670041,92.12631080213941,0.021024598336983023
RM000329,2,95.77600102597134,100852.7,0.00520075831929164,0.0008856933566300206,0.0943227362165544,0.01669470322792066,27.0,0.0,228,WA,2015-03-01,Absolute lifetime-PD deterioration,0.0009496622403363653,94.66939702504887,105.6276116058655,91.6831944019092,0.02686161934381537
RM000659,2,95.69489012941214,223270.57,0.004237137520933061,0.0009537580381774615,0.07783443306127336,0.0180447753078381,41.0,0.0,229,NC,2015-04-01,Absolute lifetime-PD deterioration,0.0004286050334775969,94.7946918637334,103.73944386339996,92.34490280473405,0.02
RM002900,2,95.6022059867656,325540.83,0.002588372922066765,0.0009031068159387947,0.04969344930921071,0.017612185654985346,39.0,0.0,236,CA,2015-11-01,Absolute lifetime-PD deterioration,0.00029367193659476015,94.6005344966595,104.52315483180574,91.8951281640448,0.0207824477101485
RM002043,2,95.4937982115698,222352.02,0.004296907038271794,0.0009684280583274,0.08054136544880997,0.01871613375566772,42.0,0.0,234,VA,2015-09-01,Absolute lifetime-PD deterioration,0.0004294712420942693,94.59101320213188,103.5603934344809,92.13491014400859,0.02
RM002471,2,95.45604193594842,78366.99,0.00913281741462735,0.0015019451451854372,0.16445637775901978,0.02900620690679845,29.0,0.0,235,PA,2015-10-01,Absolute lifetime-PD deterioration,0.0012180644163562798,94.39809452519305,104.8829142126796,91.53750224169538,0.022451791439579285
RM002098,2,95.26719818193445,277198.08,0.002891046833215404,0.000912023804217953,0.054892935967918666,0.01763522573191212,38.0,0.0,234,CA,2015-09-01,Prior default history,0.0003436791415796763,94.26532005079989,104.18977666843513,91.55949785204997,0.02101904933996941
RM002316,2,95.19416876414665,229767.24,0.0034591677865666542,0.0007948377223504604,0.06560822767899133,0.015451148381950053,42.0,0.0,235,PA,2015-10-01,Absolute lifetime-PD deterioration,0.0004143069689314571,94.18420787841112,104.18762277946797,91.45730435681796,0.021097967497661716
RM002155,2,95.135969242115,266378.47,0.0035184235674684925,0.0008904284331435415,0.06614726329295806,0.017148122211387506,45.0,0.0,233,IL,2015-08-01,Absolute lifetime-PD deterioration,0.000357145865587842,94.24118038818428,103.13070751836703,91.80710794109217,0.02
RM003237,2,95.06506179995941,45233.63,0.010157986331215873,0.0006851158046850766,0.18331103442061125,0.013500822203260432,17.0,0.0,238,NC,2016-01-01,Absolute lifetime-PD deterioration,0.0021016456516967444,94.1355443052628,103.39615607556463,91.58940571270507,0.02379618016012735
RM002623,2,95.05606128744716,88444.42,0.008971407697039104,0.002262587537530874,0.16241614723246267,0.04357028167938237,29.0,0.0,236,TX,2015-11-01,Absolute lifetime-PD deterioration,0.0010747547588355168,94.02818107090927,104.21651109686636,91.24788038410482,0.021467994439522835
RM001250,2,95.00108468257675,220663.2,0.004201675219538848,0.0012132076089024545,0.07785485700967398,0.023097497561437863,33.0,0.0,231,MD,2015-06-01,Prior default history,0.0004305252741851688,94.07648883512319,103.25347246524719,91.56718556302602,0.020130327027951325
RM001509,2,94.87628465418919,395134.93,0.0023866097897179564,0.0006612179722833064,0.04514546625662608,0.012706359493797281,33.0,0.0,232,CA,2015-07-01,Absolute lifetime-PD deterioration,0.00024011110496910306,93.97286372156013,102.94467556968188,91.51765420343466,0.02
RM002808,2,94.86766009869389,206765.13,0.0037883862946997684,0.0014174421963862919,0.07222192025738461,0.027625579508770093,21.0,0.0,237,UT,2015-12-01,Absolute lifetime-PD deterioration,0.0004588184675950625,93.85056571529526,103.92692862821208,91.10285410363495,0.021383302519443325
RM002235,2,94.86719851749311,206427.92,0.00329802289342524,0.0008894677650423548,0.06264483142833355,0.017275531861364324,34.0,0.0,235,NJ,2015-10-01,Absolute lifetime-PD deterioration,0.0004595657337316246,93.81161569630218,104.26318572477882,90.96404310200046,0.022620297711132952
RM001815,2,94.6384139232177,212775.18,0.002370562599909319,0.0008218214565400147,0.045037366811713,0.015836850948551362,45.0,0.0,233,CT,2015-08-01,Prior default history,0.0004447812659503693,93.56741156575094,104.16888958648507,90.68010893408984,0.0258930938175143
RM003095,2,94.58538049176164,59815.93,0.00808614150689604,0.0009457160773680142,0.1481548183716458,0.018513215638087832,31.0,0.0,237,OK,2015-12-01,Prior default history,0.001581274093569416,93.67781290814752,102.71654472025877,91.19395784260398,0.02241721399746574
RM002357,2,94.44981404322328,109435.28,0.005009372137388275,0.0013571090381599641,0.09366541159278141,0.0262442421523017,35.0,0.0,235,CT,2015-10-01,Absolute lifetime-PD deterioration,0.0008630654944477073,93.36303229247461,104.12342323927916,90.43135517957552,0.02534664186948444
RM001602,2,94.36589376338799,118402.41,0.008864586849301649,0.0016053344388367262,0.0797455181340776,0.014883293208129755,19.0,0.0,112,ID,2015-07-01,Prior default history,0.0007969930152890299,93.10231919272637,105.59678946474878,89.70478299106937,0.023543035286899577
RM003330,2,94.08638037737217,272481.98,0.0033551172345321545,0.0009167577340259314,0.06448213700306304,0.01802624910308903,29.0,0.0,238,CA,2016-01-01,Absolute lifetime-PD deterioration,0.0003452939544015798,93.18538557288251,102.13025171816841,90.73869479629036,0.02007423193722141
RM002788,2,94.00552584780094,265524.85,0.0033636126621973627,0.0007906860724539231,0.06411488683450106,0.015435935921504162,37.0,0.0,236,NY,2015-11-01,Absolute lifetime-PD deterioration,0.0003540366404417551,93.08685236513443,102.20124952899191,90.59619047155007,0.020193553599953798
RM001200,2,93.94999074370644,249602.62,0.0037393560792364456,0.0007970484917969856,0.06957845865721268,0.015232101235658324,35.0,0.0,231,NJ,2015-06-01,Absolute lifetime-PD deterioration,0.0003763982555299557,93.05875680243363,101.91188486089936,90.63508499830081,0.020008516252566142
RM002264,2,93.82624922451082,159209.9,0.0032552885426712437,0.0009115489129245809,0.06185746732398012,0.0177007749984337,36.0,0.0,235,CT,2015-10-01,Absolute lifetime-PD deterioration,0.0005893242142888779,92.74589210823228,103.44022717429344,89.83319622261266,0.02601087855326009
RM002653,2,93.77076210639594,105043.77,0.008174378156719533,0.001635151124917105,0.1490683246349448,0.03167188986866365,32.0,0.0,236,OH,2015-11-01,Absolute lifetime-PD deterioration,0.0008926827560206182,92.80699179997356,102.36493498681116,90.19667899818596,0.02063954056558665
RM000926,2,93.74226445357468,253469.48,0.0028670321232466536,0.0010006055558152882,0.05354359986854618,0.019004959025846535,32.0,0.0,230,NY,2015-05-01,Absolute lifetime-PD deterioration,0.0003698364965027532,92.70510713270207,102.97428000113493,89.90721408940152,0.022053902578941815
RM001234,2,93.67126881137811,293385.17,0.0029341315159474744,0.0008485413674252939,0.054994996677405816,0.016208559850158455,44.0,0.0,231,HI,2015-06-01,Absolute lifetime-PD deterioration,0.0003192774495431317,92.73142626145868,102.04916703738564,90.1878814507154,0.020386057236529694
RM001442,2,93.6361870687372,106828.9,0.0041382634060580905,0.0006326871798478363,0.07672380864643258,0.012109169375545847,25.0,0.0,231,MO,2015-06-01,Absolute lifetime-PD deterioration,0.0008765061427079864,92.55923386828572,103.22380695612121,89.65306004163402,0.029427831796086802
RM002515,2,93.45617732018063,123541.02,0.005918051005017592,0.0014367962807184831,0.10885683846930716,0.02753175345696235,29.0,0.0,233,MD,2015-08-01,Absolute lifetime-PD deterioration,0.0007564789194729057,92.43061222903144,102.59012179375857,89.66053838574634,0.021926185363562233
RM001086,2,93.3970448140924,215233.07,0.002540075115684496,0.0013614402197232075,0.04777949837858153,0.025884676661190986,55.18796666666667,0.0,231,CA,2015-06-01,Absolute lifetime-PD deterioration,0.0004339344544687877,92.30503027594581,103.10823232394915,89.36531264876066,0.025001245627110376
RM002181,2,93.18143023149214,138880.37,0.006877494921725337,0.0012737883331631423,0.12591220008511939,0.024548370682706877,34.0,0.0,234,GA,2015-09-01,Absolute lifetime-PD deterioration,0.0006709474508995918,92.29854603959265,101.07390208767754,89.89409038415116,0.02
RM003298,2,92.79728672043206,317707.79,0.0027516341269568727,0.0009489473379535456,0.053182860374890284,0.0186535527175804,58.0,0.0,238,CA,2016-01-01,Absolute lifetime-PD deterioration,0.00029208376263116514,91.92246593668074,100.60832180612627,89.54628527332846,0.020081785588218506
RM000097,2,92.55726591914006,361795.01,0.002572410440745573,0.0010891638347008646,0.04755615296864124,0.02040354973822589,30.0,0.0,227,NY,2015-02-01,Absolute lifetime-PD deterioration,0.00025582792288688576,91.66362053436418,100.53627027093839,89.2363832063072,0.020017957010663015
RM002940,2,92.53950716658844,146953.1,0.0019922996303595054,0.0009517962622624489,0.03862157620510087,0.018631180992576435,82.16732473118279,0.0,237,NH,2015-12-01,Relative lifetime-PD deterioration,0.0006297213680186973,91.40424887078693,102.62785249902333,88.3531174163656,0.035624243847827225
RM000363,2,92.51466313895095,194806.99,0.0033937607005423516,0.0008917350690488729,0.06281484592038966,0.01688076538532679,34.0,0.0,229,WA,2015-04-01,Absolute lifetime-PD deterioration,0.0004749042277125218,91.4755920196991,101.76281969721947,88.67313987282313,0.022831154214243393
RM001255,2,92.50259622244113,292334.02,0.0030035957038704575,0.0008157954901929764,0.05626155701932756,0.015587706597115614,47.0,0.0,231,CA,2015-06-01,Prior default history,0.0003164277500868394,91.64965691414545,100.1231629655215,89.32959905317308,0.02001434416603716
RM002036,2,92.45070257389114,294583.55,0.0029297810678934723,0.0008141004232982904,0.055608604523989524,0.015755978818682737,32.0,0.0,234,CA,2015-09-01,Absolute lifetime-PD deterioration,0.00031383525174399977,91.51870154975315,100.7586552865199,88.99640902639472,0.020370745477391528
RM000980,2,92.33201879805213,143306.17,0.006381240453690012,0.0009380336790000953,0.11547014493126384,0.01782660860769969,26.0,0.0,230,UT,2015-05-01,Absolute lifetime-PD deterioration,0.000644298977483329,91.41422283124241,100.52234257024422,88.92430050849036,0.02021319223717431
RM000575,2,91.89790098355476,262554.73,0.0024857004254210135,0.0007306253671778333,0.04638428468744915,0.013851042599740682,32.0,0.0,229,PA,2015-04-01,Absolute lifetime-PD deterioration,0.00035001426553448405,90.87587324086567,100.99545450818117,88.11865254290306,0.02284215315963838
RM001431,2,91.87255257183156,112983.0,0.003638248289444832,0.0009844266315924338,0.0677590746650738,0.018780944649389508,37.0,0.0,231,PA,2015-06-01,Absolute lifetime-PD deterioration,0.0008131537715570622,90.79527159526869,101.45810661979768,87.89157774134165,0.030106166011274377
RM002544,2,91.84092601892115,207962.46,0.0038807631559844087,0.0009834955200419932,0.07301889881283197,0.019004689394984786,32.0,0.0,234,AZ,2015-09-01,Absolute lifetime-PD deterioration,0.0004416226179423015,90.88505034176929,100.35704963431981,88.3012846050855,0.020779876431911398
RM003285,2,91.58941362108294,128679.03,0.004602975707673499,0.001083093272359614,0.08744151894940977,0.0212636630433628,43.0,0.0,238,AL,2016-01-01,Absolute lifetime-PD deterioration,0.0007117664286176461,90.55089135283127,100.83219864255841,87.75024794726797,0.023564527582703037
RM001368,2,91.58006911651268,162875.42,0.005707236022236197,0.0008595234519634555,0.10432620657692437,0.016416694157199596,26.0,0.0,231,FL,2015-06-01,Absolute lifetime-PD deterioration,0.0005622706551824252,90.71069929752775,99.3499344090897,88.34426119702425,0.02
RM002815,2,91.53132151187249,276501.31,0.003048820335464599,0.0011595844988469303,0.05828417633435512,0.02256002367016252,28.0,0.0,236,NJ,2015-11-01,Absolute lifetime-PD deterioration,0.0003310339524679738,90.60357658036376,99.80045725012432,88.09339493375612,0.02044492572395383
RM002675,2,91.17429272759051,115715.38,0.0053557899491338086,0.001355948152676401,0.10022775694745867,0.026332175598896335,30.0,0.0,236,CA,2015-11-01,Absolute lifetime-PD deterioration,0.0007879185353545095,90.14606038083016,100.3290423126382,87.37077378591901,0.023369366983593574
RM000292,2,91.17407272944004,180431.03,0.0043210856046658015,0.0008370127481343777,0.07898459921271694,0.015784007593196425,37.0,0.0,228,PA,2015-03-01,Absolute lifetime-PD deterioration,0.000505312599110253,90.2028155388581,99.82423899754212,87.57949480757551,0.021066881969652947
RM001426,2,91.05187407726157,93687.82,0.0033013806881707613,0.0014495865450545706,0.04629232280628659,0.020577807843085383,55.11048235294118,0.0,172,MS,2015-07-01,Absolute lifetime-PD deterioration,0.0009718645825814024,89.8886246164829,101.38660834367565,86.76385120200582,0.04355667400339633
RM000051,2,90.9566144621223,202039.61,0.0026078240655784254,0.0013895506103115747,0.048195644604487664,0.0259610099402936,44.14939625925926,0.0,227,WA,2015-02-01,Absolute lifetime-PD deterioration,0.00045019199186794266,89.89903407604442,100.3643397526288,87.05015205458697,0.025451274719736856
RM001182,2,90.92015283823577,71078.58,0.008623836017828531,0.002824060293087222,0.11547177039255352,0.03927216394935884,28.519183333333334,0.0,170,NY,2015-05-01,Absolute lifetime-PD deterioration,0.0012791498203570718,89.80693482872117,100.82791143508047,86.80472949514106,0.026639010257700317
RM002320,2,90.82871491597373,98813.48,0.00235634129298991,0.0011775466367278187,0.04514852031274241,0.022809710050547327,71.1457056,0.0,235,IN,2015-10-01,Absolute lifetime-PD deterioration,0.0009191935646429387,89.71716285494163,100.70893777807186,86.72802960988179,0.04328737291291303
RM000718,2,90.76358027221829,85009.28,0.00476199498849327,0.0021073770152627985,0.08706609990750847,0.03945861673289086,72.10608571428571,0.0,229,FL,2015-04-01,Absolute lifetime-PD deterioration,0.0010676902600777031,89.65662665105883,100.60444899558925,86.67883327683205,0.029141975302781203
RM000518,2,90.59482461296052,146875.59,0.004946727651053572,0.0010992632053115061,0.08991844348560785,0.02068064949828674,32.0,0.0,228,TN,2015-03-01,Absolute lifetime-PD deterioration,0.0006168133493997235,89.60416175232831,99.41640202089368,86.92938496307215,0.02169297771918004
RM001884,2,90.48766492048125,93133.12,0.004918380374829277,0.0014136855858619727,0.09129445873325748,0.02709465416057133,34.0,0.0,233,NY,2015-08-01,Absolute lifetime-PD deterioration,0.0009715949054480431,89.4360626880956,99.84775787994525,86.5995402065996,0.027678737086947965
RM000725,2,90.46188418108144,147603.71,0.004842304965616616,0.001487034657895372,0.08847091538948593,0.02799924543064447,30.0,0.0,229,NC,2015-04-01,Absolute lifetime-PD deterioration,0.00061286998938632,89.46773783710111,99.31416129769467,86.78377153757256,0.02185724672816252
RM002639,2,90.2742725985794,246518.62,0.003213934878061448,0.0013398388907877418,0.061346780510835974,0.026023237204324756,28.0,0.0,236,NJ,2015-11-01,Absolute lifetime-PD deterioration,0.0003661965680262992,89.33078244824503,98.67911242982962,86.78112856918722,0.020815708989054934
RM000013,2,89.99735390749825,160720.36,0.0023067676383248595,0.001093812092885199,0.042746240742815855,0.0204897755373884,54.55645247706421,0.0,227,IN,2015-02-01,Absolute lifetime-PD deterioration,0.0005599623713355188,88.92547823722883,99.52913383739349,86.04018697349717,0.031098039408414345
RM002757,2,89.94364591831983,196770.15,0.003592386034846926,0.0009710070129584607,0.03476987296653744,0.009507390577108477,29.0,0.0,118,PA,2016-01-01,Absolute lifetime-PD deterioration,0.00045710005261631316,88.74564360980547,100.5842896058258,85.52943786272873,0.029488293736686117
RM000743,2,89.79384401080931,141001.85,0.0047530040783850536,0.002221482169077021,0.08690869953774016,0.04155245348005976,74.0064958563536,0.0,229,MI,2015-04-01,Absolute lifetime-PD deterioration,0.0006368274175892678,88.79069806627707,98.71747628255258,86.08836265745042,0.02200655445829571
RM001171,2,89.4552768875911,197179.95,0.004596538673230903,0.0007213022502931914,0.08486835834570794,0.013794056352792405,23.0,0.0,231,FL,2015-06-01,Absolute lifetime-PD deterioration,0.0004536732912630878,88.6019810145009,97.07915311931139,86.2808697181407,0.02
RM001311,2,89.39895800988435,49228.81,0.012325617206251586,0.0007448801829728069,0.05134433155199203,0.003161911009319951,32.032444863013694,0.0,51,MO,2015-06-01,Absolute lifetime-PD deterioration,0.0018159886052473006,87.94987772717062,102.23315502894498,84.08427051079669,0.05450226753927445
RM002057,2,89.27618061207144,109115.55,0.006065821888886919,0.001212484844528753,0.11187584145661211,0.023380147840259102,38.0,0.0,234,WI,2015-09-01,Prior default history,0.0008181801824952671,88.28779502329897,98.07690811313701,85.61955259781648,0.022290399275506363
RM002648,2,89.23383427626298,131141.36,0.004801595205740215,0.0012098871790876614,0.09031674485431473,0.023527659077748453,31.0,0.0,236,SC,2015-11-01,Absolute lifetime-PD deterioration,0.0006804400554963209,88.23707292899898,98.10815179141709,85.54688694355958,0.022843006495128847
RM003186,2,89.17412497753156,112483.55,0.008169368642366979,0.0017310838398389324,0.14956533163097163,0.03363969905271569,29.0,0.0,237,TX,2015-12-01,Absolute lifetime-PD deterioration,0.000792774809983607,88.33229321498861,96.70180169670418,86.03816192573298,0.02
RM002346,2,89.07854287739049,98605.71,0.002454004524052851,0.0006167030504085462,0.04697739141332735,0.012008146712060075,32.0,0.0,235,MO,2015-10-01,Absolute lifetime-PD deterioration,0.0009033811822600383,88.03773820401987,98.33936498315482,85.2324762925507,0.045701968079665325
RM001764,2,89.03252855352031,334301.03,0.0024217689231435086,0.0008464989220911095,0.04598865068967872,0.016308697321793186,38.0,0.0,233,CA,2015-08-01,Absolute lifetime-PD deterioration,0.0002663244218946029,88.12490386017515,97.12015239418034,85.67063083396853,0.020499217923212635
RM002236,2,88.7844798460072,164697.79,0.004304635797881553,0.0013569465585573808,0.08101095620971877,0.026241139551180792,29.0,0.0,235,NC,2015-10-01,Absolute lifetime-PD deterioration,0.0005390751135519621,87.81507694157514,97.4162521690899,85.19803327413138,0.021692984581432567
RM002722,2,88.74017368644516,154706.82,0.003962696339004854,0.0011131826762078008,0.07511682764729766,0.021666619238966067,22.0,0.0,236,NY,2015-11-01,Absolute lifetime-PD deterioration,0.0005736022089164858,87.75340419875687,97.52681200938648,85.08932151999905,0.023175620409626223
RM003046,2,88.56594531941488,233405.43,0.0032975621289223146,0.000809573838884039,0.0631522237754516,0.015868309410816628,34.0,0.0,237,NJ,2015-12-01,Absolute lifetime-PD deterioration,0.00037945109211647254,87.64787494171554,96.744711675154,85.1666633858194,0.02077620617804826
RM002922,2,88.4715887307378,153546.58,0.0050440365422851205,0.0013997381609266177,0.09504658570952484,0.027285045017349185,30.0,0.0,237,FL,2015-12-01,Absolute lifetime-PD deterioration,0.0005761872959380653,87.54308653624204,96.74408090053912,85.03314661560849,0.020875439727752115
RM003213,2,88.46324388377106,190336.43,0.004573603761328451,0.0010544905134281003,0.08690730714009798,0.0207076857043762,42.0,0.0,238,SC,2016-01-01,Absolute lifetime-PD deterioration,0.00046477305413246986,87.63691737497058,95.84832920044266,85.38770236104368,0.02000095371876838
RM000223,2,88.34452079411193,178190.81,0.0026574160403203652,0.00027474648399935993,0.0493013194848001,0.005207295227600217,32.0,0.0,228,CA,2015-03-01,Absolute lifetime-PD deterioration,0.0004957860665996856,87.50020286080513,95.89824966869521,85.19671704858344,0.021870422697676098
RM001149,2,88.26576907463699,208438.59,0.003916485063643491,0.0007964946027716954,0.07275769424939882,0.015221592853322807,35.0,0.0,231,NY,2015-06-01,Absolute lifetime-PD deterioration,0.00042346174513384013,87.37381262588607,96.21719786750657,84.95959815081173,0.020423358440915484
RM001564,2,87.98798485536622,138980.0,0.005434521083438078,0.0015182218364516989,0.09999408343891869,0.028947353252357755,26.0,0.0,232,GA,2015-07-01,Absolute lifetime-PD deterioration,0.0006330981785535057,87.04235644006611,96.41141765964099,84.48723149153005,0.02119262849400737
RM001074,2,87.87084450323844,93954.22,0.0024726754140062092,0.0007031364340367776,0.04673682462619866,0.013506707179074207,32.0,0.0,232,MO,2015-07-01,Absolute lifetime-PD deterioration,0.0009352517055991571,86.8423864118337,97.02171336582026,84.070467106013,0.04723553743038472
RM002875,2,87.74896075719025,324408.77,0.0022615662803729107,0.0007680160764162129,0.04373147148339884,0.015059598024411258,36.0,0.0,237,IN,2015-12-01,Absolute lifetime-PD deterioration,0.0002704888673545732,86.82815607896639,95.94960575007275,84.34122907257454,0.021024254691467688
RM001060,2,87.57147001583047,237457.99,0.003588474214288466,0.0007389276831409423,0.06658258787443805,0.01406812179513961,34.0,0.0,230,NY,2015-05-01,Absolute lifetime-PD deterioration,0.0003687872116488077,86.71259865593642,95.23485185458877,84.3832805792172,0.020153981270401113
RM001840,2,87.53163114322832,85888.11,0.009523959771787924,0.002163424367781604,0.16956846027703487,0.04118007397299206,27.0,0.0,233,FL,2015-08-01,Absolute lifetime-PD deterioration,0.0010191356072828744,86.62171045873946,95.6465421904787,84.15661940923286,0.020678884630028486
RM002524,2,87.5104633838618,170461.63,0.003806969098683209,0.0009785275708292702,0.07167887294461417,0.01890955753147383,33.0,0.0,234,OH,2015-09-01,Absolute lifetime-PD deterioration,0.0005133733813519313,86.54061857796626,96.14395167582843,83.92387979631603,0.022312512278714534
RM000287,2,87.33912788650514,217654.58,0.004004736022900992,0.0010240527901092648,0.07340875316602236,0.019278714395311036,29.0,0.0,228,FL,2015-03-01,Absolute lifetime-PD deterioration,0.0004012740181553044,86.49354491372847,94.889021774231,84.1968369827899,0.020061736928009496
RM002025,2,87.12736068031802,65062.02,0.007940297289713346,0.0018624823635806937,0.1439733685589606,0.03569945986883638,24.0,0.0,234,TN,2015-09-01,Absolute lifetime-PD deterioration,0.0013391431849229093,86.13244885253734,95.99016034481689,83.44391385113292,0.025527519509360868
RM002873,2,87.05681979909825,148781.73,0.005167874167418348,0.0015032985219511268,0.0972685413968859,0.029275408471346243,37.0,0.0,237,FL,2015-12-01,Absolute lifetime-PD deterioration,0.0005851311165631576,86.155376425711,95.08942552437006,83.71777612692814,0.020733364914142984
RM002213,2,87.03997287860383,261725.58,0.0027046833779557668,0.0006932800771217475,0.051442414271260284,0.013432616162598054,32.0,0.0,234,TN,2015-09-01,Absolute lifetime-PD deterioration,0.0003325619638653732,86.10483018793316,95.36649572905475,83.58040462249751,0.021396645747709095
RM002485,2,87.03291533457609,168849.47,0.0050471193434558255,0.0009088058729410407,0.09433852448794944,0.017647958488980597,33.0,0.0,235,FL,2015-10-01,Prior default history,0.0005154467783320616,86.22739169778004,94.23277271251754,84.03433346400163,0.02
RM003041,2,86.98413355814922,74353.31,0.008140743144470455,0.0015396434155604882,0.1490804440045277,0.02997301687620113,34.0,0.0,237,IN,2015-12-01,Absolute lifetime-PD deterioration,0.0011698757400060498,86.00727982883723,95.68516726159157,83.36815196683457,0.023084114820104612
RM001522,2,86.96207904847401,289423.01,0.001026585644563535,0.0005766945171519877,0.019577741582757047,0.011043143567215141,67.30767674418604,0.0,231,LA,2015-06-01,Prior default history,0.0003004670535645179,85.93798970949459,96.06863273749262,83.18151990902787,0.03464304250367643
RM001806,2,86.96106587224172,300820.4,0.0028510030704804873,0.0008363450993679112,0.05392746561667716,0.016114576773130995,41.0,0.0,233,VA,2015-08-01,Absolute lifetime-PD deterioration,0.00028907968300102556,86.13950510765535,94.29997253661547,83.90568300473944,0.02
RM003352,2,86.94020349957734,102361.56,0.005999682905880956,0.0025277247740345507,0.11294969701056057,0.04915820512709157,34.0,0.0,239,GA,2016-02-01,Prior default history,0.0008493442606734143,85.96876115855112,95.58995630328734,83.34633264340205,0.02280535731003352
RM000840,2,86.84820783314139,429538.65,0.001997732787136309,0.0006100272916355945,0.037442555172737424,0.011577366861104554,36.0,0.0,229,NJ,2015-04-01,Absolute lifetime-PD deterioration,0.00020218950688870812,86.0219016495207,94.22762892667535,83.77644309450748,0.02
RM001668,2,86.82673621434294,176517.07,0.004080114563399213,0.0010082185336073026,0.07600034267356104,0.01931312287475273,27.0,0.0,232,TN,2015-07-01,Prior default history,0.0004918886100610153,85.90987320808854,94.99371835788969,83.43261882539598,0.021204522942892646
RM001483,2,86.8003811241986,73702.66,0.003771007949977116,0.0013785448142222523,0.06985452073876952,0.026093852441006815,40.0,0.0,230,LA,2015-05-01,Absolute lifetime-PD deterioration,0.0011777102905675125,85.76751664334996,95.98919230074029,82.98457460527449,0.039190945414037816
RM002030,2,86.77287682291197,78265.66,0.005415945318585951,0.001624996771608487,0.10007639866123719,0.031084316123593525,48.0,0.0,233,OH,2015-08-01,Absolute lifetime-PD deterioration,0.0011086966726264363,85.74366418022228,95.92993357239175,82.97006618265164,0.02803122582394581
RM001708,2,86.76128986753625,139705.34,0.005003326938003309,0.0009569189567021908,0.0920407639387738,0.018260724159021247,39.0,0.0,231,MD,2015-06-01,Absolute lifetime-PD deterioration,0.000621030591010596,85.80910080708074,95.23850994803601,83.23939011490546,0.02163052233361589
RM002590,2,86.66868489581286,296413.24,0.002841617297786198,0.0006753117358437214,0.05487583641415006,0.013308850792051685,42.0,0.0,238,NH,2016-01-01,Absolute lifetime-PD deterioration,0.00029239140902009934,85.85818919697603,93.90968220171615,83.65382274782012,0.02
RM000023,2,86.52777564309486,313665.27,0.0023807280915925256,0.0006382642173337622,0.044277580326492205,0.012057609256538093,33.0,0.0,228,VT,2015-03-01,Absolute lifetime-PD deterioration,0.00027586023675204733,85.6149851880123,94.6572850267043,83.14954200921473,0.02095272315680411
RM002667,2,86.441629046099,282071.01,0.002923905109668866,0.0009707381136333189,0.05596090427160516,0.018919197348308492,27.0,0.0,236,CA,2015-11-01,Absolute lifetime-PD deterioration,0.00030645343187199204,85.58693143852477,94.06438350714485,83.27121904994132,0.020223256246316188
RM002924,2,86.42269415730702,123651.82,0.004617830511681407,0.0011009034884938598,0.08771158250092803,0.021609704662531537,46.0,0.0,238,KY,2016-01-01,Absolute lifetime-PD deterioration,0.0006989197098539028,85.4451337918284,95.12239077352561,82.80924847937048,0.023260528614227484
RM002262,2,86.38271935775919,220954.34,0.003274338092328808,0.0012996771162909011,0.06220852550247424,0.02514697626679563,31.0,0.0,235,NY,2015-10-01,Prior default history,0.0003909528066194997,85.4560531654044,94.63417957556165,82.95423169994244,0.021225133841162907
RM003178,2,86.26642057054957,180419.5,0.006670552721693992,0.0018257996921369093,0.0636945493362826,0.017809607342375577,29.0,0.0,118,MN,2016-01-01,Absolute lifetime-PD deterioration,0.00047814355194726496,85.21063292752473,95.6692990847,82.35908643619408,0.02015336257532424
RM000538,2,86.24065014156665,349534.74,0.0024378908408389504,0.0008808829618055813,0.04531752373203923,0.01660474801326739,36.0,0.0,228,CA,2015-03-01,Absolute lifetime-PD deterioration,0.00024672983904709054,85.41415232798977,93.62050565772591,83.169035059614,0.020026825481758697
RM003318,2,86.23316816297333,234212.66,0.005186150770500917,0.0019091613877567884,0.049844712947679115,0.01861590696459614,23.0,0.0,118,VA,2016-01-01,Absolute lifetime-PD deterioration,0.000368183206505461,85.19161798648929,95.51299532217125,82.37599490182852,0.02
RM002053,2,86.21123660026862,180897.13,0.004081375281344522,0.0010698968217751632,0.07633780362187348,0.020570432547349582,32.0,0.0,233,VA,2015-08-01,Absolute lifetime-PD deterioration,0.0004765760330209143,85.2844163869733,94.46445841686278,82.78191573114465,0.021141571801932248
RM001417,2,86.17093761627967,117603.31,0.004493026243663483,0.0012049793616545187,0.08337873224203007,0.0230407280980216,29.0,0.0,232,TN,2015-07-01,Absolute lifetime-PD deterioration,0.0007327254446858653,85.17823657603051,95.00650487727192,82.50076474068618,0.02497474753744204
RM002424,2,85.76963111226031,98106.41,0.007255920938220961,0.00148045585500385,0.13343660089513676,0.02871680989115588,32.0,0.0,236,GA,2015-11-01,Absolute lifetime-PD deterioration,0.0008742510414177861,84.84061787116113,94.04576752354298,82.32991007568089,0.021434479536857766
RM000795,2,85.73321968502496,278995.69,0.0030331440720517125,0.0008949539513445614,0.05632217698240016,0.01694120759360107,38.0,0.0,229,MD,2015-04-01,Absolute lifetime-PD deterioration,0.0003072922728126193,84.91453833265048,93.04448439015626,82.68984182657394,0.020027950024332643
RM000185,2,85.7263731115329,135107.62,0.005811984108053753,0.0012658505466148222,0.10483735315216003,0.023779109391685815,22.0,0.0,228,NJ,2015-03-01,Absolute lifetime-PD deterioration,0.0006345043537258143,84.82483676144058,93.76086186539521,82.38627315962385,0.02076054781728502
RM001907,2,85.70077739314404,142579.1,0.003217240286411586,0.0016528591708628718,0.0609037677386961,0.03174269847704447,62.67213186813187,0.0,234,MI,2015-09-01,Absolute lifetime-PD deterioration,0.0006010753146368861,84.69051270202488,94.68406851028358,81.97147588141546,0.02581347746530204
RM000694,2,85.65115774436069,228281.67,0.003738897835712029,0.0010556438116144102,0.06869848689105595,0.019867807907173907,36.0,0.0,228,MN,2015-03-01,Absolute lifetime-PD deterioration,0.0003751994531333185,84.83307402117119,92.95841606699867,82.60910315639222,0.020020796213160538
RM002428,2,85.59790649035438,73366.51,0.008784527435199552,0.0016263760090030415,0.15868605240997546,0.031373113750999715,34.0,0.0,235,NY,2015-10-01,Absolute lifetime-PD deterioration,0.0011667163463323304,84.64507076979667,94.0861118719871,82.07008551700096,0.022380966742290197
RM002797,2,85.42730457396523,309811.02,0.0026990681247467266,0.0007057881642483263,0.05197903712883989,0.013847467099347366,31.0,0.0,237,SC,2015-12-01,Absolute lifetime-PD deterioration,0.00027574004492792164,84.62328793720857,92.60948363067999,82.43717365438968,0.02
RM000885,2,85.36346157053566,167071.55,0.005188807195199067,0.0009206099585503392,0.09490109405865244,0.017498247265229527,34.0,0.0,230,FL,2015-05-01,Absolute lifetime-PD deterioration,0.0005109395439890015,84.55120599587093,92.62189462839483,82.34089670744744,0.02
RM001495,2,85.14056220187668,180736.94,0.006878145218919793,0.0016788108420915388,0.06238683062492423,0.015559745118951862,26.0,0.0,112,GA,2015-07-01,Absolute lifetime-PD deterioration,0.000471074492031771,84.08830307075517,94.51376465018787,81.24510595108902,0.02004019742664671
RM002999,2,85.03681041758881,206481.71,0.003773721534147699,0.002357003487260998,0.07195214971878083,0.045536394042543504,36.70785955555556,0.0,237,FL,2015-12-01,Absolute lifetime-PD deterioration,0.00041183701170233823,84.18844992063045,92.60074294645173,81.8914622353998,0.020381180939152727
RM001004,2,84.94758563973738,70820.59,0.008629620241435996,0.0014737924698068538,0.07637409226973901,0.013428748326421491,24.0,0.0,110,WI,2015-05-01,Absolute lifetime-PD deterioration,0.0011994758253177132,83.78290523478948,95.29346773776953,80.6553445774294,0.033572574906480614
RM002963,2,84.94549676128382,174108.23,0.004784991417803953,0.0011027822083852982,0.09038186896335831,0.021556237256398658,35.0,0.0,237,MA,2015-12-01,Absolute lifetime-PD deterioration,0.00048788903753305525,84.12435489756484,92.27615560467639,81.89471354716268,0.020109757714916198
RM001378,2,84.92424529685263,310399.52,0.0026903056476372763,0.0008822534631909724,0.050749607566392574,0.016919656261008775,36.0,0.0,232,MN,2015-07-01,Absolute lifetime-PD deterioration,0.0002735965741727069,84.12196297606093,92.09079973864202,81.94065352086928,0.02
RM002019,2,84.92395331813742,173460.78,0.00474314636358866,0.0009871777069047991,0.0885434914805987,0.019075194391768968,24.0,0.0,234,FL,2015-09-01,Absolute lifetime-PD deterioration,0.0004895859070744258,84.07790292950723,92.47081959483634,81.78478663290295,0.02024775495115351
RM001468,2,84.87392867941992,256848.53,0.0020313704042973844,0.0008291270459628811,0.03855037211477519,0.01590853951002258,46.0,0.0,232,WA,2015-07-01,Absolute lifetime-PD deterioration,0.0003304435056701314,83.90339293365004,93.50809586121613,81.28848379449215,0.02431953826766147
RM001145,2,84.66745949413868,322674.51,0.0025991735475706422,0.0007065879941993941,0.04865865444636963,0.013456366070246806,30.0,0.0,230,CA,2015-05-01,Absolute lifetime-PD deterioration,0.0002623927731203146,83.86278911689912,91.85460239359598,81.67548864150976,0.02
RM002074,2,84.5534916038454,481500.59,0.0017544241029954512,0.0005079736483347015,0.03352030107204407,0.009817154977716291,29.0,0.0,233,NY,2015-08-01,Absolute lifetime-PD deterioration,0.0001756041287588981,83.74337541011943,91.78676172629163,81.5429686983424,0.02
RM000896,2,84.54243049858586,97235.9,0.004906003395993361,0.002505608570419099,0.0903296417071553,0.047145909563206856,54.01994444444444,0.0,231,MI,2015-06-01,Absolute lifetime-PD deterioration,0.0008694569649541565,83.55174749410973,93.35547510045002,80.88279767294974,0.02538426651351503
RM003374,2,84.51448049384835,170204.48,0.003972590711867149,0.0012389533350770276,0.07591075928477953,0.02428799133448467,28.0,0.0,238,NC,2016-01-01,Absolute lifetime-PD deterioration,0.0004965467447968958,83.59666804867715,92.68703256360588,81.11879748346205,0.021610963398703054
RM000681,2,84.48048344962001,89025.98,0.006361313472545574,0.0013188145653563869,0.11513008150284476,0.024976749752091187,26.0,0.0,230,NY,2015-05-01,Absolute lifetime-PD deterioration,0.0009489419094248669,83.52747912804006,92.96783751736193,80.95362687074189,0.02368884827371863
RM001244,2,84.35192564708441,131264.91,0.004872727200480473,0.0012068180868633055,0.08974388554604218,0.02297718723923503,25.0,0.0,231,CA,2015-06-01,Absolute lifetime-PD deterioration,0.0006426083379563085,83.41822745764843,92.66623901074776,80.89726093740082,0.022283476514538648
RM003362,2,84.34803453384967,79188.12,0.007027600466326906,0.0014041870186296812,0.1305311798695573,0.027484514892246348,36.0,0.0,238,IN,2016-01-01,Prior default history,0.0010651602100649653,83.40723455742696,92.72690371710596,80.86620465244222,0.023399670445928503
RM000623,2,84.16769098601773,208003.21,0.003911568274658059,0.0010621686819645923,0.07206364735511672,0.02007622560613065,31.0,0.0,229,FL,2015-04-01,Absolute lifetime-PD deterioration,0.00040464611573070306,83.34030427321353,91.54988168651695,81.09655404039695,0.02018181889221168
RM002187,2,84.02094947548011,106196.64,0.007398421634118743,0.001289701253441323,0.13480948789737923,0.02485139660565494,34.0,0.0,234,GA,2015-09-01,Absolute lifetime-PD deterioration,0.0007911827481121823,83.15046921370146,91.78114752494524,80.79423426829366,0.02059361203879153
RM002789,2,83.85717256710419,216071.49,0.0038735060144017936,0.0009464576187797194,0.07348669562513299,0.01845015357299562,33.0,0.0,236,MI,2015-11-01,Absolute lifetime-PD deterioration,0.00038809920071872597,83.06354447881054,90.94760599961175,80.90496506504644,0.02
RM001533,2,83.77403065211834,133473.3,0.0063576408143252855,0.0015613889239315375,0.1150673923177199,0.02950595163559744,31.0,0.0,230,CO,2015-05-01,Absolute lifetime-PD deterioration,0.0006276463581264443,82.97120628829178,90.94727020599379,80.78717878936503,0.020040644640756427
RM003042,2,83.6652647715044,59951.6,0.0071639043094673715,0.0019547979514876013,0.13237557122079913,0.0379078505797702,35.0,0.0,237,KY,2015-12-01,Absolute lifetime-PD deterioration,0.0013955468206270458,82.6909547397625,92.34018897273582,80.06102962270113,0.027469168512762352
RM000822,2,83.53235598584823,278420.08,0.003455296707057233,0.0009748090196499383,0.04730257244966307,0.013561189562718234,25.0,0.0,168,CO,2015-03-01,Absolute lifetime-PD deterioration,0.0003000227425617011,82.64880310744927,91.41638054949549,80.25226424280864,0.02
RM001226,2,83.32275607384842,71881.08,0.01250542989777144,0.0018558342094077895,0.2151380263565602,0.0351262346055633,15.0,0.0,231,DE,2015-06-01,Prior default history,0.0011591750718526826,82.52690396750302,90.44390484490266,80.35495396402041,0.020005340325786564
RM002298,2,83.31685391519841,140965.36,0.005536807791025345,0.001746078166287046,0.10302782807026589,0.03364490415896226,20.0,0.0,235,CA,2015-10-01,Absolute lifetime-PD deterioration,0.0005910448773741181,82.4578678176346,90.97413378331316,80.13304895136397,0.020539031002996266
RM003436,2,82.98252123199204,128794.63,0.004041422641510528,0.001164947496110592,0.07717650272608256,0.022853080847410445,37.0,0.0,238,SC,2016-01-01,Absolute lifetime-PD deterioration,0.0006443010957210874,82.03905220324496,91.37941414704255,79.49469312978941,0.024038792211746148
RM002632,2,82.87299182081948,213674.43,0.003709837072946843,0.000855711310896193,0.07048822132434784,0.016695256949270987,36.0,0.0,236,NJ,2015-11-01,Absolute lifetime-PD deterioration,0.00038784702418918107,82.05731317533161,90.14909253580772,79.84641191254184,0.020210592197105297
RM000111,2,82.78975769224814,105634.0,0.008017283181172244,0.00162061852636555,0.14124489799959372,0.0302156664359714,40.0,0.0,227,TX,2015-02-01,Absolute lifetime-PD deterioration,0.0007837415765023396,82.00953542822509,89.76725107146301,79.88280741410398,0.02
RM001177,2,82.77248432690924,199540.14,0.00415184911205973,0.0011593758367049825,0.07664616313863082,0.021988902259049925,28.0,0.0,230,TX,2015-05-01,Absolute lifetime-PD deterioration,0.0004148162085428487,81.95653329007492,90.0538080650268,79.74300808932081,0.020120150530176715
RM000625,2,82.60829896255453,238768.86,0.0033089846070780207,0.0008102699316556897,0.06103301174729703,0.01528337462720486,27.0,0.0,228,TN,2015-03-01,Absolute lifetime-PD deterioration,0.0003459760161461362,81.77517192730319,90.0363083733912,79.51949893836594,0.020309916716693122
RM001347,2,82.59954479738165,178715.41,0.004494740428519256,0.0010997337298736603,0.08306508824940217,0.02095877050709216,47.0,0.0,231,IL,2015-06-01,Absolute lifetime-PD deterioration,0.00046218479311538747,81.81316105901398,89.62299920538287,79.67580879404638,0.02007211156814223
RM002661,2,82.36827869449822,52361.11,0.006995418914075038,0.0018795929380350266,0.12895359946892082,0.03632397186816694,26.0,0.0,236,PA,2015-11-01,Absolute lifetime-PD deterioration,0.0015730812179974452,81.4104903764317,90.89753720126258,78.8241910526403,0.030918523116895254
RM001623,2,82.24984061986693,201853.17,0.003709745294757472,0.001158504404304534,0.06933426700574963,0.022161480721898275,22.0,0.0,232,CA,2015-07-01,Absolute lifetime-PD deterioration,0.00040747361371568715,81.40024566101623,89.82098262417205,79.10247878858162,0.020615056562381665
RM001111,2,82.23352962534258,189274.01,0.00431388732746619,0.0009894392748051408,0.07985311629788028,0.018875714753690653,44.0,0.0,231,OR,2015-06-01,Absolute lifetime-PD deterioration,0.00043446815347412244,81.45901727702966,89.15469669428107,79.35140610065636,0.02
RM003449,2,82.23193048996487,126001.7,0.0042954647677683234,0.0015001277635795654,0.08150439233766293,0.029214525957768855,34.0,0.0,237,CA,2015-12-01,Absolute lifetime-PD deterioration,0.0006526255637024331,81.29796517683182,90.54465907338562,78.77895303810763,0.023643104408375762
RM002473,2,82.1917500921936,237596.44,0.0030111872730581466,0.0008875759626676546,0.05734794980774971,0.017239091031751697,48.0,0.0,235,NJ,2015-10-01,Prior default history,0.0003459300572525144,81.34783789793595,89.70909594600442,79.0675697281428,0.020686815012909036
RM002720,2,82.01768542552841,224781.39,0.003485538716299104,0.0008225557746575962,0.06636403085132891,0.016053336441139376,43.0,0.0,236,SD,2015-11-01,Absolute lifetime-PD deterioration,0.0003648775613743131,81.23249937880723,89.02685426839075,79.10082493542599,0.020110344065709756
RM003434,2,81.86815273587685,145575.13,0.00396173474958043,0.0015942228256367998,0.07571097964064566,0.031148551917411615,30.0,0.0,238,CA,2016-01-01,Absolute lifetime-PD deterioration,0.0005623773287090786,80.95621255160508,89.9865548979325,78.49545201262646,0.0227939506780556
RM000092,2,81.7004033773301,92357.38,0.00724099290918851,0.0017998127034060936,0.12844279403587722,0.03350304647483049,30.0,0.0,227,MI,2015-02-01,Absolute lifetime-PD deterioration,0.0008846115316104691,80.79293413320781,89.7823761783918,78.34196122330927,0.021821747823242338
RM002111,2,81.62941936928881,157821.7,0.017571898391384858,0.0006747864756426599,0.2922740102623157,0.013076527293934492,16.0,30.0,234,CA,2015-09-01,30 DPD backstop,0.0005172255739818339,80.10983103553778,94.94618814736477,76.15192948547485,0.020425825172212808
RM003469,2,81.46092793898302,191890.37,0.003287689414764093,0.0008890757781014284,0.06271174960372372,0.017340821277112894,33.0,0.0,236,NC,2015-11-01,Absolute lifetime-PD deterioration,0.0004245180617400603,80.5773466937871,89.32773045677482,78.1925278952573,0.021741517724687312
RM000935,2,81.39529286834285,48724.07,0.008316146177492602,0.0021165550477241744,0.14790671283637802,0.03979674908132036,35.0,0.0,230,NY,2015-05-01,Absolute lifetime-PD deterioration,0.0016705355867919665,80.44722005300812,89.83877026703092,77.88665780476934,0.028185339617371782
RM002252,2,81.34834478659187,98633.17,0.006837363117044261,0.0022845918097023207,0.1257231698890755,0.043802796261446564,26.0,0.0,235,MI,2015-10-01,Absolute lifetime-PD deterioration,0.0008247564666794332,80.46136346762918,89.24957178541318,78.06456446836535,0.021540102596945915
RM002499,2,81.32187519068162,145633.07,0.0059210794933022455,0.0011011955380792562,0.055323120563503414,0.010503388796954116,17.0,0.0,115,NJ,2015-10-01,Prior default history,0.0005584025330969238,80.26004430528518,90.76057903416702,77.4043243903265,0.023539025596162656
RM000979,2,81.13158709414776,141446.97,0.005766151411949443,0.0011436879125808334,0.10491604775384478,0.021694445440812782,38.0,0.0,230,NM,2015-05-01,Absolute lifetime-PD deterioration,0.0005735830685814462,80.34227706944378,88.17950886453943,78.19809750799544,0.02009489212816754
RM000082,2,81.02848439807566,136555.21,0.00451463753065708,0.0014372069319944557,0.08203430172696091,0.026839950909040344,29.0,0.0,227,CA,2015-02-01,Absolute lifetime-PD deterioration,0.0005933752684945207,80.12248978116196,89.09388901425882,77.67781859714634,0.022341357087059022
RM002863,2,81.01555498719807,172911.81,0.003237792406048596,0.0008890541742323155,0.06178851611139835,0.01734040339711118,35.0,0.0,236,CA,2015-11-01,Absolute lifetime-PD deterioration,0.0004685368511682231,80.10582953253149,89.11198752415486,77.65256634776892,0.022995147266327266
RM002198,2,80.98044798097152,58747.54,0.014811707640892723,0.002057463658238882,0.25340485823217296,0.03953093381473871,19.0,0.0,235,TX,2015-10-01,Absolute lifetime-PD deterioration,0.001378448322788861,80.22049040611743,87.78564755689459,78.14296980059791,0.02
RM002249,2,80.97218600542473,84964.15,0.004350472873438536,0.0011457589120257338,0.08183909210581297,0.022200502418583068,33.0,0.0,235,WI,2015-10-01,Absolute lifetime-PD deterioration,0.0009530159014763843,80.03125749170228,89.34692849017235,77.49343904016405,0.0294771682272882
RM003267,2,80.86056282628634,100478.33,0.006245375105666116,0.0009833873894506857,0.059746190997141846,0.009628084107307644,33.0,0.0,118,PA,2016-01-01,Absolute lifetime-PD deterioration,0.0008047562377508299,79.76340631524756,90.60388639446728,76.81902137366895,0.029015187031921595
RM001696,2,80.71432470218929,185507.24,0.004271223421404127,0.000910630847024894,0.07942227337249375,0.01745933879839001,34.0,0.0,232,CA,2015-07-01,Absolute lifetime-PD deterioration,0.00043510067155432474,79.94139275413877,87.61678301283993,77.84117809500356,0.02006625064549754
RM001432,2,80.65097973007758,176766.24,0.004380718285861552,0.001223721225318185,0.08137743281041321,0.02339508826954484,30.0,0.0,232,FL,2015-07-01,Absolute lifetime-PD deterioration,0.0004562578223651619,79.84091946195036,87.87469876130817,77.6467752424061,0.02029817386803497
RM000577,2,80.53915406225413,278213.97,0.0028849886502498247,0.0010850449244240443,0.05364240122163544,0.020504382398797705,31.0,0.0,229,OH,2015-04-01,Absolute lifetime-PD deterioration,0.0002894863764830146,79.77191017550732,87.39218064264152,77.68623037861494,0.02
RM001785,2,80.47850959560006,129516.58,0.005166787740842166,0.001427080731956425,0.0952984606006918,0.02723226257647693,24.0,0.0,232,MA,2015-07-01,Absolute lifetime-PD deterioration,0.0006213761172168077,79.60756224999001,88.23598109745024,77.25471459977173,0.021427617414492277
RM001363,2,80.47052757804181,166544.26,0.004228129912550117,0.0009120019781587248,0.07800083692112558,0.01733598587914187,32.0,0.0,230,CA,2015-05-01,Absolute lifetime-PD deterioration,0.00048317803074114836,79.61963459480761,88.04975600959669,77.32070700644617,0.02091494548790082
RM000766,2,80.46646840993975,224928.76,0.0032021941972219447,0.0009257261935903268,0.059371104202123326,0.01751885227599015,30.0,0.0,229,CA,2015-04-01,Absolute lifetime-PD deterioration,0.0003577420175612036,79.63146363659527,87.90586558669906,77.37432092192363,0.020683273841530604
RM000829,2,80.35889954278329,410609.55,0.0019318356273513506,0.0005374669467019265,0.03622895574824048,0.010206969881134897,34.0,0.0,229,CA,2015-04-01,Absolute lifetime-PD deterioration,0.00019570635788374453,79.59432117272078,87.1869817875899,77.51665416302919,0.02
RM001706,2,80.31048573889717,204931.06,0.003426171089318736,0.0015653461811798797,0.06419957012318989,0.029833012818071603,20.0,0.0,232,NY,2015-07-01,Absolute lifetime-PD deterioration,0.0003918902568448978,79.46409568378607,87.85056551784369,77.1766855208399,0.020932377969156084
RM000171,2,80.27716885937585,148479.05,0.0029872159413570597,0.0007041354692484533,0.05502115476599401,0.013236208324728493,31.0,0.0,227,PA,2015-02-01,Absolute lifetime-PD deterioration,0.0005406632710768008,79.34956092833261,88.53172005282258,76.84877125417418,0.02647976656745885
RM002686,2,80.2083874779472,81949.78,0.004104545077532399,0.002116391441086548,0.07770379143717965,0.04081035603350691,62.43792761904761,0.0,236,AR,2015-11-01,Absolute lifetime-PD deterioration,0.0009787504918005539,79.2432110489311,88.79113304164382,76.64526867873526,0.03007162182491131
RM001755,2,80.20253567559247,128252.53,0.004593480485403794,0.001397313022910773,0.08551622692044958,0.026784882350230577,37.0,0.0,233,VA,2015-08-01,Absolute lifetime-PD deterioration,0.0006253485656430518,79.31411766208258,88.11149229165876,76.916858004799,0.022311033821640604
RM000451,2,80.18522688359612,155224.02,0.002440850573174323,0.0006015498258743814,0.045565733044589996,0.011417351644412266,29.0,0.0,229,LA,2015-04-01,Absolute lifetime-PD deterioration,0.000516577440035351,79.25744613241402,88.44129413751419,76.75620527480848,0.029460169963061087
RM002799,2,80.16543034026854,151154.41,0.005319679833680853,0.0011034659154682516,0.0995851112111581,0.021479438013324526,38.0,0.0,236,FL,2015-11-01,Absolute lifetime-PD deterioration,0.000530354558231338,79.41042640151086,86.91326496784625,77.35522809513321,0.02
RM002258,2,80.00655239246382,293209.41,0.002646678132604083,0.000784937769521503,0.05036600985764428,0.015195659760536828,53.0,0.0,234,MN,2015-09-01,Absolute lifetime-PD deterioration,0.00027286488654120557,79.25840320655985,86.69055486676491,77.22359777354586,0.02
RM002754,2,79.99682553195746,270794.55,0.002891805106977055,0.000793733145115631,0.055363005029080314,0.015494981681043574,39.0,0.0,236,NC,2015-11-01,Absolute lifetime-PD deterioration,0.0002954151977281576,79.24384010780912,86.72328926995206,77.19638470179378,0.020004295101326872
RM001274,2,79.8721730000288,178485.57,0.004496256122555341,0.0009445886238513579,0.0827475683928629,0.01795011387732992,35.0,0.0,230,NC,2015-05-01,Absolute lifetime-PD deterioration,0.0004474993300580478,79.11435196523881,86.64361062635867,77.05254830359708,0.02
RM000818,2,79.8140653783718,419100.34,0.0019063267889804058,0.0009435898400429708,0.03575878137635291,0.017854034201319036,19.0,0.0,229,CT,2015-04-01,Relative lifetime-PD deterioration,0.00019044142359410108,79.04721589954521,86.66117498453838,76.9642244687227,0.02
RM003423,2,79.72276670949188,63995.66,0.0037216146514979977,0.001751678946982429,0.071281607291235,0.0341744934444993,86.394141,0.0,238,OH,2016-01-01,Absolute lifetime-PD deterioration,0.0012457527074412839,75.77385680929163,102.87440028485436,73.22103569467606,0.03723269682399827
RM003189,2,79.68855671830084,135039.5,0.004503855986114941,0.0018781094542498326,0.08563755673257734,0.036597696435227256,31.0,0.0,238,MD,2016-01-01,Absolute lifetime-PD deterioration,0.0005901129426449361,78.82047920956174,87.4184695250775,76.47673265409979,0.021900818759089214
RM000827,2,79.66066578663128,281189.15,0.0026994216194333874,0.0007563076651686159,0.050061811207385176,0.01427245135135291,30.0,0.0,228,CA,2015-03-01,Absolute lifetime-PD deterioration,0.00028329921615621113,78.8666031934074,86.74152613415312,76.71592510552293,0.02025452335456008
RM002656,2,79.63608214698594,281894.97,0.002846200220957648,0.0011157264963891876,0.05451294382104288,0.021715617135137366,14.0,0.0,236,WA,2015-11-01,Absolute lifetime-PD deterioration,0.00028250267164038416,78.87278830918753,86.45254988624201,76.79870840203093,0.02
RM000413,2,79.60254236329916,314576.49,0.0024865985639253105,0.0008048269879919219,0.04620280158492873,0.015181451664117551,43.0,0.0,228,OR,2015-03-01,Absolute lifetime-PD deterioration,0.0002530466989548366,78.8496094028931,86.32814918928845,76.80255874909847,0.02
RM002642,2,79.36025361151977,149868.58,0.004255487918240875,0.0009339437529739974,0.08044906550142028,0.018208331122087307,35.0,0.0,236,CT,2015-11-01,Absolute lifetime-PD deterioration,0.0005295322983077559,78.50396464328776,86.98494648626483,76.19221323370631,0.021464999219955185
RM001659,2,79.35568444886621,64316.57,0.010503285673870249,0.0023629862060825296,0.18464972003056412,0.044708224392538076,26.0,0.0,232,OK,2015-07-01,Absolute lifetime-PD deterioration,0.0012338295473291907,78.4981652539361,87.0003422266911,76.17700979139997,0.02143152631092216
RM001501,2,79.30671253929225,180627.17,0.0033171724013958074,0.001051769614919389,0.06195908684459084,0.020053420894154406,43.0,0.0,231,IL,2015-06-01,Prior default history,0.0004390630298824493,78.45247239617424,86.91105525503066,76.14767445092784,0.02179921328148368
RM002412,2,79.20258672542033,138222.36,0.002861770857298164,0.0007612776380086182,0.05457749585672855,0.014803367987537341,34.0,0.0,235,PA,2015-10-01,Absolute lifetime-PD deterioration,0.0005730084967831568,78.28479453076118,87.36923324727464,75.81084358348254,0.027779271923135413
RM001323,2,79.17766925855476,49182.87,0.005934218310359326,0.0012864365519209865,0.10825404720122178,0.02447534585242317,11.0,0.0,231,MO,2015-06-01,Absolute lifetime-PD deterioration,0.001609862727786214,78.27341040268807,87.23252399471372,75.83011344591038,0.03754318512931901
RM003060,2,79.08525925540256,321470.28,0.0018675867791066024,0.000633062885128535,0.03639623631487432,0.012481179040124024,36.0,0.0,238,WI,2016-01-01,Absolute lifetime-PD deterioration,0.00024601110639342014,78.22979709080059,86.7009522279465,75.92138343518523,0.021847166855370866
RM002654,2,78.9602989663892,203430.88,0.0038060254724872422,0.0008213415762855955,0.07225154165015468,0.0160298209385753,34.0,0.0,236,FL,2015-11-01,Absolute lifetime-PD deterioration,0.0003881431322835019,78.22050460391455,85.5708434910246,76.20762290104571,0.02
RM001314,2,78.9351298626217,149493.17,0.003548066941942044,0.0009705102734763915,0.06613346116326069,0.018517793512792813,37.0,0.0,231,DE,2015-06-01,Absolute lifetime-PD deterioration,0.0005280183025259394,78.04336073570842,86.87151507687994,75.63868148270959,0.023318342533588714
RM002265,2,78.85714535056945,108357.17,0.004591018425375966,0.000979758950537434,0.08617341857250327,0.019013274932543456,18.0,0.0,235,WA,2015-10-01,Absolute lifetime-PD deterioration,0.0007277519830996828,77.96857647309226,86.76979909581732,75.56932054779122,0.02452846557683385
RM002854,2,78.82084868591897,171744.79,0.0034036553816881605,0.0011454351715188766,0.06511977044431849,0.02238105411364577,28.0,0.0,237,CA,2015-12-01,Absolute lifetime-PD deterioration,0.000458941716286817,77.94770687919869,86.59360906273838,75.59180475104809,0.022350667536556297
RM001709,2,78.81887063729766,126105.5,0.004199083579959739,0.0007145713713373049,0.07780865684289484,0.01366617412477833,34.0,0.0,231,TN,2015-06-01,Absolute lifetime-PD deterioration,0.0006250232593923156,77.93616587303043,86.6768010702259,75.55443404363201,0.023235812991022415
RM003412,2,78.73290602513578,159102.14,0.004219225424992641,0.0017694210463430225,0.08043848578826152,0.03451489231963245,59.57867370212766,0.0,238,OK,2016-01-01,Absolute lifetime-PD deterioration,0.0004948576180379206,77.92268429872404,85.95018960122583,75.73341912414692,0.02075941755657956
RM001380,2,78.65335972275389,107713.84,0.002353844014622484,0.0011935931241877458,0.04453896334742724,0.022825384259283155,61.55076571428572,0.0,232,WA,2015-07-01,Absolute lifetime-PD deterioration,0.0007302066263978138,77.7011948441648,87.11839653136171,75.13962867220755,0.03665837671269791
RM000728,2,78.64431829348186,112740.62,0.002679365338582839,0.0005857290846642318,0.04991121807204779,0.011118663807834772,33.0,0.0,229,MO,2015-04-01,Absolute lifetime-PD deterioration,0.0006975686162935937,77.72423042279236,86.83089211978971,75.24442887810143,0.03405372077834388
RM003105,2,78.45791284671276,245611.26,0.003067461753306185,0.0008255506924318868,0.05911230391069755,0.016246758620050095,48.0,0.0,238,MN,2016-01-01,Absolute lifetime-PD deterioration,0.00031943939722760576,77.73062584153818,84.9568262305804,75.75168706413186,0.02
RM000328,2,78.4384655520058,132091.21,0.0029214674458803358,0.0008234348159273511,0.0540722830301017,0.015529855065488207,49.0,0.0,228,LA,2015-03-01,Absolute lifetime-PD deterioration,0.0005938204786829176,77.51427034085236,86.658588601944,75.02542146415087,0.027662733795937595
RM001122,2,78.39678644349479,212711.73,0.0036577748956053363,0.0008114524076916384,0.06782609107550464,0.01543873317131983,42.0,0.0,230,MD,2015-05-01,Absolute lifetime-PD deterioration,0.00036855883050499746,77.65574098308677,85.0176767074987,75.64001797444107,0.02
RM000269,2,78.34487030446292,75639.27,0.002448334964111107,0.0005761382605122283,0.045507414422907844,0.010890050900089432,31.0,0.0,228,MO,2015-03-01,Absolute lifetime-PD deterioration,0.0010357697834003806,77.42558287987987,86.52403742347018,74.94813084563877,0.05329325489297933
RM000666,2,78.28454980249455,256133.3,0.0027363269225679546,0.0007598899845211164,0.050946220622279714,0.01440203046434485,45.0,0.0,229,VT,2015-04-01,Absolute lifetime-PD deterioration,0.0003056398750279427,77.48356928767289,85.42102529167025,75.31825458072316,0.020561803356902063
RM002601,2,78.16512773673388,115823.79,0.003875496711290384,0.001214809143956912,0.07352310933796347,0.02362229042068642,28.0,0.0,236,NY,2015-11-01,Absolute lifetime-PD deterioration,0.000674862459057279,77.27213395274282,86.11396358169543,74.86310488431627,0.025548095580919663
RM002538,2,78.12192534864138,326065.93,0.001954368857717706,0.0007463712769532208,0.03758594030224294,0.014515514089804116,34.0,0.0,235,NY,2015-10-01,Prior default history,0.00023958935344346274,77.32051736982689,85.26010944019788,75.15546471410367,0.02100784092607569
RM000165,2,78.08370605652362,243368.0,0.002983411120532845,0.0007134485550867438,0.05495293424565506,0.01341015697920278,46.0,0.0,227,AL,2015-02-01,Absolute lifetime-PD deterioration,0.0003208462330977106,77.2890221264751,85.16573687770796,75.13961134630183,0.020419179948173594
RM002462,2,77.81877398205637,239049.92,0.003196996067015943,0.0008372646377455627,0.06053178154869021,0.016200830819062317,48.0,0.0,234,TX,2015-09-01,Absolute lifetime-PD deterioration,0.0003255335704862665,77.08741952832989,84.35287039168966,75.09819838760964,0.02
RM001811,2,77.81680355158056,247844.27,0.00313977555010412,0.0012725235000935627,0.05923309754328465,0.02442076659182313,22.0,0.0,233,FL,2015-08-01,Absolute lifetime-PD deterioration,0.0003139745919951289,77.07518496082496,84.44096244720798,75.05915322220507,0.02
RM000770,2,77.81238747845651,98103.19,0.005372985050637509,0.00128528941493009,0.09729724751786928,0.024140059105338785,27.345836933797912,0.0,228,NY,2015-03-01,Absolute lifetime-PD deterioration,0.0007931687795112118,76.93076949659543,85.66184202046067,74.5511607951782,0.02359668336895343
RM000358,2,77.77978513658735,312501.82,0.002400150282925943,0.0008638516886096298,0.04482233857105522,0.01635704088108214,33.0,0.0,229,CA,2015-04-01,Absolute lifetime-PD deterioration,0.0002488938628792221,77.02023625724112,84.55647427798894,74.96060893587597,0.020137028733301168
RM000392,2,77.71081049692177,316649.24,0.002469026611303362,0.0007443334435279796,0.04568694107464777,0.013986813230913553,30.0,0.0,227,OR,2015-02-01,Absolute lifetime-PD deterioration,0.00024541606509752485,76.96437459755042,84.37657576180746,74.93620731927042,0.02
RM000039,2,77.63011602726502,107903.49,0.005859620846380517,0.001684454777212882,0.10521384473534079,0.03138797733125909,25.0,0.0,227,MA,2015-02-01,Absolute lifetime-PD deterioration,0.0007194402704422722,76.77522329958524,85.24374812287495,74.46631528188809,0.021760483017921585
RM000720,2,77.59339695229075,171947.93,0.002502151672089153,0.0007541411092639542,0.04668436849406166,0.01429381491841697,35.0,0.0,229,IN,2015-04-01,Absolute lifetime-PD deterioration,0.00045126101228604935,76.69885569670829,85.55292977574291,74.28772960692729,0.026134011602383683
RM003062,2,77.37431731249777,105459.23,0.002865511664576069,0.0007299753551230218,0.055324910469605526,0.014378755309132796,40.32264676470588,0.0,238,NY,2016-01-01,Absolute lifetime-PD deterioration,0.0007336893822617307,76.58591618452967,84.42180875688994,74.43901745085954,0.0257465462424617
RM002277,2,77.28301110605426,313036.48,0.002419412421519076,0.00075620931412537,0.04613746062073876,0.014643387318093781,40.0,0.0,234,VA,2015-09-01,Absolute lifetime-PD deterioration,0.000246881804657573,76.5541240460056,83.79365373085521,74.57256551656296,0.02
RM003152,2,77.2663542505966,86448.28,0.009062063386521886,0.0022660162024084407,0.16518926452173166,0.04399644959818616,31.0,0.0,238,CO,2016-01-01,Absolute lifetime-PD deterioration,0.0008937870626297783,76.53073359043839,83.84190370371529,74.5276555248802,0.02006433554064075
RM000665,2,77.11767455179421,296147.43,0.002608785927218847,0.0008376488627676472,0.048627293327634824,0.015864640742644154,25.0,0.0,229,CA,2015-04-01,Absolute lifetime-PD deterioration,0.00026040298425616666,76.37904341652546,83.71408797858209,74.37184938234805,0.020001020299558126
RM001329,2,77.08334000683843,182604.43,0.0033074232286436508,0.0008316517256211817,0.06178244155160484,0.01588838303779294,30.0,0.0,231,CA,2015-06-01,Absolute lifetime-PD deterioration,0.0004221329132422386,76.24172128760594,84.57631585030265,73.97031015318169,0.021789670313805538
RM000724,2,76.90763492854174,100267.41,0.002310169942900755,0.0011171462117599991,0.043176891693506914,0.02110489825841011,60.76812727272728,0.0,229,AL,2015-04-01,Absolute lifetime-PD deterioration,0.0007670252470722216,75.97361551277402,85.21105723433655,73.46106494109385,0.039104878924912365
RM003384,2,76.90631526090043,304903.13,0.0024116177118621122,0.0008243140074064082,0.04675963248795978,0.016222609309779812,45.0,0.0,238,MD,2016-01-01,Absolute lifetime-PD deterioration,0.00025223196384012333,76.170140246163,83.47695587803054,74.17221166303112,0.020093159368051113
RM001876,2,76.82647413349584,83446.16,0.0043279830025643295,0.0011030708119841748,0.08076858883026106,0.021201793462191865,32.0,0.0,233,WI,2015-08-01,Absolute lifetime-PD deterioration,0.0009206711744853907,75.93219101714848,84.78573984582111,73.52039045791615,0.029102014424669892
RM003038,2,76.46845150083189,78625.39,0.007683575478233032,0.0015865453191833757,0.14130081720637855,0.030872554461041646,28.0,0.0,237,WI,2015-12-01,Absolute lifetime-PD deterioration,0.0009725668960221614,75.6341014103582,83.90196140165547,73.37876515226307,0.021830191208652754
RM000204,2,76.40969340442804,396048.64,0.0019379212448759806,0.0006706293896995796,0.036185304497419635,0.012665343697217502,21.0,0.0,228,CA,2015-03-01,Absolute lifetime-PD deterioration,0.00019293007395361348,75.67409791754307,82.9776182004118,73.67608369273276,0.02
RM000708,2,76.21334693956821,217992.53,0.00447138340755922,0.0013752133004707166,0.039888773510414866,0.012422315989160992,29.0,0.0,109,CA,2015-04-01,Absolute lifetime-PD deterioration,0.0003496144888064202,75.20089481442291,85.20713559804102,72.48201474550824,0.021481201881084867
RM001926,2,76.07243336531738,146032.03,0.005152815225179715,0.0011841106276929687,0.09544227411434736,0.022742504492241578,37.0,0.0,233,MI,2015-08-01,Absolute lifetime-PD deterioration,0.0005209297807153497,75.34710545150564,82.55166904809651,73.37496332011769,0.020053916757450264
RM002072,2,76.06460527264557,105667.37,0.007340977655945185,0.0011944013575828168,0.1338325917243941,0.023035288520955155,29.0,0.0,234,FL,2015-09-01,Absolute lifetime-PD deterioration,0.0007198495171465474,75.34733572765002,82.47772796536776,73.39314060881404,0.02
RM001632,2,76.04254172596568,146923.43,0.004812307011045956,0.0014457343704684985,0.08904567473853542,0.027583519832514503,30.0,0.0,232,OR,2015-07-01,Absolute lifetime-PD deterioration,0.0005175657941416538,75.26054356812496,83.01237700952528,73.14486592846511,0.020519057512987642
RM001189,2,75.90629886843854,319144.08,0.0021545228552567195,0.0011639494891253974,0.040669187780076554,0.022169637565061073,55.53732764705883,0.0,231,OK,2015-06-01,Prior default history,0.00023784335547893771,75.15437550121548,82.60910189608049,73.11937595559057,0.020351334956441577
RM000814,2,75.7330191306261,218324.26,0.0031611507270918266,0.0007936651208287545,0.05813483366817207,0.014907230030664742,27.0,0.0,227,CA,2015-02-01,Absolute lifetime-PD deterioration,0.0003468832054240152,74.94313675992508,82.77008566929464,72.80818050644297,0.020654455901197254
RM002693,2,75.68222966102407,200332.46,0.0037527220173748984,0.001187074772208704,0.07127477831487616,0.023088946424600576,34.0,0.0,236,CO,2015-11-01,Absolute lifetime-PD deterioration,0.0003777831593593174,74.96753805255634,82.06750132799934,73.02360795662428,0.02
RM003058,2,75.4569007831387,225972.47,0.003311074540363984,0.0006861230292228853,0.06340303575352568,0.013464117617448368,30.0,0.0,237,MT,2015-12-01,Absolute lifetime-PD deterioration,0.00033392076823844386,74.74341011579052,81.8306792845935,72.80326200843275,0.02
RM000999,2,75.29169101152402,274744.36,0.002788795236163399,0.001118364920592743,0.052119254730844444,0.021218964491565018,16.0,0.0,230,CA,2015-05-01,Absolute lifetime-PD deterioration,0.00027404271742475085,74.56443534080708,81.78572782487112,72.58868484394777,0.02
RM001026,2,75.23640873104797,234174.96,0.0022753546264890315,0.0005317667873446469,0.042721249180720955,0.010143115737378916,30.0,0.0,230,WA,2015-05-01,Absolute lifetime-PD deterioration,0.00032128289348719427,74.39706231783322,82.70712777145769,72.13315174808538,0.02288948511044433
RM001745,2,75.20218264975355,241362.76,0.0017147912034286776,0.0007069075706418725,0.03263663357945612,0.013578679182564612,52.30576783289818,0.0,232,NY,2015-07-01,Relative lifetime-PD deterioration,0.0003115732627922947,74.32405277117925,83.01140553603713,71.96005303946177,0.02584690399976214
RM000559,2,75.15846615489426,215535.09,0.0031691737223664535,0.0008789840664879235,0.0587762933575402,0.01664130023100696,25.0,0.0,229,CA,2015-04-01,Absolute lifetime-PD deterioration,0.00034870640393123113,74.3782886333362,82.10970302954001,72.26913751194512,0.020636438825130082
RM000506,2,75.1142186962696,164222.11,0.005727662872755435,0.001354942135902306,0.05083804557147087,0.012240208205705483,21.0,0.0,109,CA,2015-04-01,Absolute lifetime-PD deterioration,0.00045739406646443413,74.11386570631068,84.0023037147553,71.42627883419983,0.021832401391084034
RM002560,2,74.95087252066975,87945.32,0.0031596996898988466,0.001422395235150371,0.0603418508021345,0.02760549422360359,51.13100000000001,0.0,236,UT,2015-11-01,Absolute lifetime-PD deterioration,0.0008522440139017033,74.05320566834524,82.93410646407136,71.63642953762583,0.03346061871135128
RM002455,2,74.84758299016127,152155.5,0.004291804737556491,0.0009746723913875192,0.08077901121035858,0.018915456633991745,36.0,0.0,235,NJ,2015-10-01,Prior default history,0.0004919150670870345,74.06957996153892,81.77852499099676,71.96692885303767,0.020797164314529652
RM002467,2,74.70422803361801,126982.79,0.00566374297222476,0.0013794951351699836,0.10526729103007693,0.026671622321098876,46.0,0.0,235,TX,2015-10-01,Prior default history,0.0005883019898493175,74.02373751273579,80.78869370470953,72.16962163612297,0.02
RM000539,2,74.59059005798125,102083.17,0.006909318835626682,0.0016713466895462593,0.12393102291085378,0.031417435034548635,38.0,0.0,229,IA,2015-04-01,Absolute lifetime-PD deterioration,0.0007306845002754249,73.83440189704132,81.33449484064788,71.7857778938531,0.020429994118316083
RM000997,2,74.55736992568862,176752.62,0.004153023158162764,0.0007982512527120492,0.0766670273573844,0.015189385143297596,32.0,0.0,230,CA,2015-05-01,Absolute lifetime-PD deterioration,0.0004218176224244292,73.83738205833934,80.9855596134451,71.88201693365639,0.020083551334299225
RM003383,2,74.52865147811895,46240.03,0.007547674539914532,0.0022181534155858323,0.14006174513194147,0.04326352560419211,24.0,0.0,239,WI,2016-02-01,Absolute lifetime-PD deterioration,0.0016117777492384616,73.67062816100004,82.17154707964657,71.35233161975923,0.029530715808839
RM001173,2,74.48752539933008,167526.55,0.004401229737461969,0.0009979944781444876,0.08140565708601599,0.01903744121337103,39.0,0.0,231,IL,2015-06-01,Prior default history,0.0004446311668170215,73.7877690027667,80.74086072912682,71.8834498449867,0.02
RM000751,2,74.45249647692063,168447.03,0.004155779427092357,0.0008584456672339228,0.07639553893157669,0.01625547073963929,30.0,0.0,229,UT,2015-04-01,Absolute lifetime-PD deterioration,0.0004419935244742554,73.69289489192168,81.22345582367109,71.63731012552799,0.02042861214514859
RM000014,2,74.14788549062692,230094.26,0.003028561660726779,0.0015276641923860368,0.05576218374324704,0.028506217684699187,56.756584133333334,0.0,227,CO,2015-02-01,Absolute lifetime-PD deterioration,0.0003222500443541135,73.41161517398793,80.71309951952537,71.41766551044984,0.020275120842579715
RM000626,2,74.04086971829264,313515.58,0.0020879443009926796,0.0007299213701471841,0.03910159353152176,0.013837784301852452,40.0,0.0,229,CA,2015-04-01,Absolute lifetime-PD deterioration,0.00023616328642516788,73.26468161223333,80.9532393612161,71.16855835579463,0.020763417888209904
RM002014,2,74.00717842073759,194727.77,0.0036407756056173386,0.0008950408132678625,0.06865423298524143,0.017309549453624062,31.0,0.0,234,FL,2015-09-01,Absolute lifetime-PD deterioration,0.0003800545675675205,73.26249241873478,80.64666336748196,71.24627174744816,0.020298004210191
RM001213,2,73.99979873541659,258997.32,0.0027010223596882488,0.0008047399069238642,0.05073286270324917,0.015378011772783085,26.0,0.0,231,CA,2015-06-01,Absolute lifetime-PD deterioration,0.0002857164650793166,73.24464910265664,80.7299121135677,71.20189637234553,0.020392148585987077
RM001163,2,73.93399363099645,122613.0,0.00326812567891147,0.0007517916880812679,0.06107008930786317,0.014373138566225796,30.0,0.0,231,WI,2015-06-01,Absolute lifetime-PD deterioration,0.0006029865807948297,73.08006757541033,81.53323766540251,70.77767155778125,0.02664915278799746
RM002452,2,73.92882869765768,152967.56,0.0026624438237134737,0.0007268592558326393,0.05086957683204851,0.01413860055830829,35.0,0.0,235,CT,2015-10-01,Absolute lifetime-PD deterioration,0.0004832974304987128,73.07663269688071,81.51150549788386,70.77969195361703,0.0260486625891887
RM002445,2,73.91480112428496,183987.31,0.0010949910726195076,0.00030153580461425415,0.021226795846905788,0.00588856071078081,35.0,0.0,235,MO,2015-10-01,Relative lifetime-PD deterioration,0.0004017385825374857,73.06007970743599,81.5194818937332,70.7566472162492,0.045461989642494476
RM001599,2,73.90491683704519,213440.64,0.003450852064746313,0.0007726039817805338,0.06464753527463352,0.014831694112363847,41.0,0.0,232,NC,2015-07-01,Absolute lifetime-PD deterioration,0.000346255131342584,73.20167144687683,80.18656119149503,71.28979491083189,0.020010414020943598
RM002912,2,73.7494705228091,95847.41,0.005263735372586746,0.0017023442737432466,0.09898497290986497,0.033090087238642485,42.0,0.0,237,OK,2015-12-01,Absolute lifetime-PD deterioration,0.0007694466707322514,72.91407812594979,81.18466960542244,70.66105298664702,0.0230740795650131
RM001756,2,73.73139844623668,124082.37,0.004098649949919031,0.001434033592586665,0.07664883510308529,0.027479511736364537,21.0,0.0,233,UT,2015-08-01,Absolute lifetime-PD deterioration,0.0005942133314042655,72.90338640295306,81.10342923102309,70.66856553928572,0.023366624304213556
RM002317,2,73.65550459649012,195473.42,0.0036463194195436623,0.000776699719716925,0.06903872022066415,0.015101096892278454,39.0,0.0,235,ME,2015-10-01,Absolute lifetime-PD deterioration,0.0003768057293748179,72.94356536424628,80.00985001889899,71.01139865705318,0.02011762180136557
RM000705,2,73.58005698046125,462597.64,0.0015425745115738984,0.0005669911104118083,0.02903047049405505,0.01076478941939174,42.0,0.0,229,NY,2015-04-01,Relative lifetime-PD deterioration,0.00015905843570767297,72.87924550313139,79.83705461026253,70.97594776623754,0.02003055668050791
RM000930,2,73.52259065419673,139047.17,0.004570010746506572,0.0008006998132504529,0.084049204472741,0.015235638931211493,36.0,0.0,230,NC,2015-05-01,Prior default history,0.0005287600650498441,72.76154731345851,80.30292906649846,70.7044051508186,0.02083641948301753
RM001063,2,73.45140688417965,173308.57,0.0013225058820922366,0.00037056287056871635,0.025045821655612532,0.007078599155138532,38.0,0.0,230,MO,2015-05-01,Relative lifetime-PD deterioration,0.0004238186656561741,72.59189417317928,81.09726030747586,70.27653278883503,0.04037976194579419
RM000016,2,73.34569659386679,69813.32,0.011217735104809043,0.001748260139543842,0.19216814800612947,0.03255837964932273,29.0,0.0,227,FL,2015-02-01,Absolute lifetime-PD deterioration,0.001050597458964375,72.64681926839802,79.59832880982788,70.7400638531133,0.02
RM001505,2,73.33691820328735,156127.24,0.004405500647807467,0.0011253474595875022,0.08148151023303385,0.02144191918369842,29.0,0.0,231,FL,2015-06-01,Absolute lifetime-PD deterioration,0.0004697253227770334,72.59002532246303,79.99497040241516,70.56857814937013,0.020431949153348134
RM000551,2,73.29607792423914,167295.18,0.0023667974712788917,0.000727936795905668,0.04421273744924614,0.013800408126344199,35.0,0.0,229,PA,2015-04-01,Absolute lifetime-PD deterioration,0.0004381242658888268,72.44555423658336,80.86304242524712,70.15368282722861,0.026689500108766986
RM001656,2,73.11600547794501,168790.15,0.002917933631164529,0.0007271819516894516,0.05492959276115306,0.01396552966305542,24.0,0.0,232,WA,2015-07-01,Absolute lifetime-PD deterioration,0.00043317696843059273,72.29508385674211,80.42358631896529,70.08029253708793,0.023546245075851704
RM000285,2,73.04022857072695,106866.54,0.004932831352428765,0.0011150352287368308,0.08967693004394495,0.020974401816593158,30.0,0.0,228,TN,2015-03-01,Absolute lifetime-PD deterioration,0.0006834714455125707,72.21375877710348,80.39711456971136,69.98405481991375,0.022903427329002655
RM000958,2,72.97741632965642,106979.89,0.00707908369119744,0.0010771430705303264,0.12730134820940364,0.02044448773119767,28.0,0.0,230,FL,2015-05-01,Absolute lifetime-PD deterioration,0.0006821601361681754,72.28021609366283,79.20954694531709,70.38174732274365,0.02
RM001267,2,72.95931998796215,232988.6,0.0031156993497252197,0.0009322944416136516,0.05830218100256446,0.01779480770060493,33.0,0.0,231,TX,2015-06-01,Absolute lifetime-PD deterioration,0.00031314544998322725,72.26630519858757,79.14981158125889,70.38208632563924,0.02
RM000426,2,72.93784465170972,105931.36,0.004725631336213878,0.001305167105688907,0.08642933723791302,0.024615188071788308,35.0,0.0,229,MA,2015-04-01,Absolute lifetime-PD deterioration,0.0006885387353821354,72.10572270508497,80.34367171734955,69.86169621438809,0.02335638562282982
RM000309,2,72.89680515245759,122638.44,0.003928988643112471,0.000898931876565957,0.07176445643612672,0.016868547881766283,39.0,0.0,227,MS,2015-02-01,Absolute lifetime-PD deterioration,0.0005944042108857352,72.06027469086841,80.34016523119237,69.80550881411385,0.023716493604346953
RM000762,2,72.88291736514753,188853.51,0.0038620202488342447,0.0009284776297078112,0.07118240325580005,0.01757048550739093,35.0,0.0,229,VA,2015-04-01,Absolute lifetime-PD deterioration,0.0003859230223740482,72.19058232189339,79.06837433715295,70.30751130846356,0.02
RM002766,2,72.88228502690703,70829.06,0.005812803282382956,0.0013775130897274853,0.10875670171495255,0.02685738879316424,36.0,0.0,237,NC,2015-12-01,Absolute lifetime-PD deterioration,0.0010289884551186622,72.04002132689862,80.37979110789587,69.7676877085285,0.025676702547550338
RM001904,2,72.8343872765129,130956.84,0.004256445431670473,0.0011203647344573055,0.07948535802948198,0.021530774930092478,25.0,0.0,233,MT,2015-08-01,Absolute lifetime-PD deterioration,0.0005561709283494692,72.02487433695708,80.04134681781058,69.84023159680224,0.02222527170689217
RM001772,2,72.74647325565337,98009.69,0.0024470503965776814,0.000692900539806065,0.04645798498265752,0.013368321605896072,22.0,0.0,233,MO,2015-08-01,Absolute lifetime-PD deterioration,0.000742237560955997,71.90633347161881,80.22359588389128,69.64072714129911,0.03967653748766259
RM000975,2,72.702534171763,343335.82,0.001857005844671727,0.0008811418863237817,0.03499857488157054,0.016754060942274163,68.97371383928572,0.0,230,HI,2015-05-01,Relative lifetime-PD deterioration,0.00021175342022793604,71.97038964618217,79.22553889530585,69.99127240345388,0.02050929510372444
RM001220,2,72.660607907025,121190.7,0.007508142661522638,0.001542404235584451,0.06733794168743235,0.014176802591681748,31.0,0.0,111,MN,2015-06-01,Prior default history,0.0005995559717620659,71.74311794087106,80.82168858818204,69.27192355713123,0.021023210442736466
RM000286,2,72.64495040232032,121522.6,0.007862518997135531,0.0019673459888414173,0.06796463982605183,0.0174061781524687,19.0,0.0,107,MA,2015-02-01,Absolute lifetime-PD deterioration,0.0005977896325648095,71.67193707550753,81.29141381252886,69.056931221224,0.02156720371559102
RM001908,2,72.41901122814846,213223.73,0.0021819258950740946,0.0006431112964064987,0.041525206378872914,0.012413404775160619,37.0,0.0,233,NY,2015-08-01,Absolute lifetime-PD deterioration,0.00033963860977457086,71.59808912403993,79.72362375691064,69.38530323015829,0.023850233767537123
RM001675,2,72.17817352091441,95550.38,0.0076255864324659235,0.001413706527462074,0.13701251531030156,0.026865627406260306,31.0,0.0,231,VA,2015-06-01,Absolute lifetime-PD deterioration,0.0007553938929485619,71.47643630947296,78.44591764579862,69.56894933463467,0.02011201556424716
RM000796,2,72.02337782611977,176757.29,0.004633912846642716,0.0009100026006515325,0.06331910472993452,0.012739856863735022,30.0,0.0,169,RI,2015-04-01,Absolute lifetime-PD deterioration,0.00040747048014890794,71.24974981156761,78.92289721293766,69.15382405837249,0.020122156902952323
RM002910,2,71.96429448127594,84132.1,0.007875633137046357,0.0014276254697431765,0.14401342932986383,0.02770565354417054,28.0,0.0,236,OH,2015-11-01,Absolute lifetime-PD deterioration,0.000855372616174753,71.22612639915559,78.5468452642783,69.22675732775814,0.020604350334263766
RM001115,2,71.94330756684761,233086.65,0.002956058196549366,0.0008232451653840104,0.05539496604829086,0.015728983118806328,37.0,0.0,231,TX,2015-06-01,Absolute lifetime-PD deterioration,0.00030865477523851157,71.2370443985264,78.24357613638814,69.32258807674987,0.020182261519298722
RM002679,2,71.93160508048737,207251.0,0.0034350810782949547,0.0006369509930297947,0.06543387248458732,0.012452511759550755,33.0,0.0,236,FL,2015-11-01,Absolute lifetime-PD deterioration,0.0003470748275303249,71.25261067856086,77.99761006574207,69.4060029369894,0.02
RM001624,2,71.9148776130314,265053.29,0.0022868408546566736,0.00065839292630478,0.043297580145250425,0.012652398851395463,36.0,0.0,232,NE,2015-07-01,Absolute lifetime-PD deterioration,0.0002713223352671133,71.15489526075008,78.6823007117031,69.1029585721108,0.02103081198684778
RM002842,2,71.88461412327754,140962.88,0.0024300626330733053,0.0007070133199409269,0.046915913302781775,0.01387134543832369,34.0,0.0,237,PA,2015-12-01,Absolute lifetime-PD deterioration,0.000509954210096144,71.05275310400272,79.28641781428341,68.81057866255185,0.028484603913241608
RM002582,2,71.88143326649367,235579.82,0.0024739135941779303,0.0007406083123630321,0.04754642745495652,0.014465054215534012,38.0,0.0,236,MA,2015-11-01,Absolute lifetime-PD deterioration,0.0003051255972030782,71.11400950041647,78.71386591730106,69.04282774719205,0.021279596162406336
RM003396,2,71.87686967965335,134251.91,0.006687344952103031,0.001451325092251477,0.03191048931159346,0.0069952517327778185,19.0,0.0,58,PA,2016-01-01,Absolute lifetime-PD deterioration,0.0005353880602492236,70.69622168694194,82.31015879781773,67.56252917566584,0.03505532239592375
RM000857,2,71.85821652177735,66392.21,0.005039451292765253,0.0021645594311988556,0.045657614615624786,0.01984433260674634,30.945521610169493,0.0,111,WA,2015-06-01,Absolute lifetime-PD deterioration,0.001082329034110739,70.86107951299493,80.70750835024141,68.18903163265753,0.04976103876545379
RM002960,2,71.8367074426391,165402.56,0.0037648116746561034,0.0013238955619572174,0.07178820903379513,0.025824942062132816,36.0,0.0,237,TX,2015-12-01,Absolute lifetime-PD deterioration,0.0004343143627440778,71.08059479682575,78.57089766984079,69.03827876838187,0.020882326305579985
RM001391,2,71.75782651479042,169151.52,0.0035318951092283856,0.0014707598977961298,0.06556618979990803,0.027816119648198523,30.80228296296296,0.0,230,CA,2015-05-01,Absolute lifetime-PD deterioration,0.0004242221797048612,70.97719810677646,78.70765242076392,68.87049253393664,0.021384559732174326
RM003153,2,71.72905109836258,194566.19,0.0025922321834499374,0.0009252772459817225,0.05017674309497977,0.018192312439413216,37.0,0.0,238,CA,2016-01-01,Absolute lifetime-PD deterioration,0.000368661436492962,70.93204303624864,78.8221546368182,68.78285337697785,0.02262961961942008
RM002520,2,71.62012353250927,245937.14,0.0028633877408057915,0.0008812494562200055,0.0543815811305246,0.01704500254669017,40.0,0.0,234,TX,2015-09-01,Absolute lifetime-PD deterioration,0.00029121312678723215,70.94129163888238,77.68315880446178,69.09615054825505,0.020014704899333567
RM003238,2,71.2306813884093,164542.89,0.003162024625572441,0.001135339090375098,0.06088078538676711,0.022278437928948458,34.0,0.0,238,OH,2016-01-01,Absolute lifetime-PD deterioration,0.0004329003908246007,70.44429768818496,78.23035001577587,68.32300242913426,0.022293228963342238
RM000512,2,71.2130519121583,184775.8,0.003837511083395149,0.0009118113211595074,0.0707461985838842,0.017257687497144958,28.0,0.0,229,VA,2015-04-01,Absolute lifetime-PD deterioration,0.0003854024818843069,70.53015359516034,77.31202326788643,68.67421837755049,0.020033774287672956
RM000889,2,71.20024924241292,240104.54,0.0027909197397231597,0.000687744350897071,0.052157959296713186,0.013099743251531404,32.0,0.0,230,CA,2015-05-01,Absolute lifetime-PD deterioration,0.0002965385379319063,70.48620977780126,77.56611796200198,68.55321860743285,0.02031454901273386
RM002856,2,71.15462798891082,81939.44,0.011980332557352171,0.0008825161856571647,0.05564224491956693,0.0041850209935483385,14.0,0.0,57,MA,2015-12-01,Prior default history,0.0008683806966329134,70.08287386699554,80.67686839980202,67.20361998361871,0.024474269007492683
RM001731,2,71.13103411748162,211133.6,0.0025230418047227764,0.0006872241617192165,0.04766693521700238,0.013202967208201466,28.0,0.0,232,PA,2015-07-01,Absolute lifetime-PD deterioration,0.0003369005886201041,70.34669202457248,78.11303562005315,68.23056288723207,0.02224953671351524
RM000160,2,70.96431240888757,143970.28,0.004917732644130378,0.0010033846582215035,0.08904028479626347,0.018811043699980767,40.0,0.0,227,IL,2015-02-01,Absolute lifetime-PD deterioration,0.0004929094560966858,70.29067818997264,76.9835432106361,68.45789699245424,0.0200179975429571
RM001124,2,70.82810975953839,120755.02,0.005949074541546553,0.0011078758335448529,0.10851055831162726,0.0211123785345243,31.0,0.0,231,CO,2015-06-01,Absolute lifetime-PD deterioration,0.0005865438120877988,70.15718409192166,76.8249276131583,68.33056430833688,0.02
RM002894,2,70.76958670700213,131827.59,0.004734155667800714,0.0011423017822338977,0.08946377630766023,0.022320483555310022,29.0,0.0,237,AZ,2015-12-01,Absolute lifetime-PD deterioration,0.0005368344115750135,70.02351905917035,77.41574751757172,68.00736680460322,0.020864865600221754
RM000556,2,70.72937922295438,114212.42,0.004472447341363734,0.0010997394313842777,0.08198416066199055,0.02077931451443671,27.0,0.0,229,CA,2015-04-01,Absolute lifetime-PD deterioration,0.0006192792274513961,69.93087542913469,77.83737317475176,67.77658654615644,0.022904309781582064
RM002487,2,70.71149389658865,123312.93,0.003186591963708574,0.000788641581052738,0.06059044358007737,0.015331580219909213,30.0,0.0,235,CT,2015-10-01,Absolute lifetime-PD deterioration,0.000573431301134347,69.8958780810451,77.96955088386969,67.69694959522361,0.026150879178852702
RM001192,2,70.64923129469996,314393.78,0.0021740725067669973,0.0005769264097930062,0.04103092834696598,0.011047560742711293,44.0,0.0,231,TX,2015-06-01,Absolute lifetime-PD deterioration,0.00022471574117878526,69.98665611570254,76.56806098524908,68.18503263992656,0.02
RM000585,2,70.59980708393437,220046.96,0.003230672893495009,0.0008267482362881992,0.059883816103557086,0.01565972878151911,24.0,0.0,229,FL,2015-04-01,Absolute lifetime-PD deterioration,0.0003208397293192979,69.9238255876045,76.63755020063037,68.08631988367601,0.02
RM003358,2,70.59571008165153,173846.59,0.0038680279490525354,0.0012649226906134342,0.0739848103556523,0.024791040699050693,25.0,0.0,238,FL,2016-01-01,Absolute lifetime-PD deterioration,0.00040608049937391084,69.88985631752215,76.88993000216671,67.97812759401019,0.0202898675026763
RM001290,2,70.40419606233,269181.7,0.0020584309548628515,0.0006655855205200802,0.03888925218274031,0.012735001842634652,43.0,0.0,231,CA,2015-06-01,Absolute lifetime-PD deterioration,0.00026154896882785866,69.64034521886194,77.2028281409913,67.58015011978502,0.021579853768309343
RM002600,2,70.32549089925439,173075.96,0.003955758154488766,0.0008017781815075628,0.07499011612408224,0.015650861150673268,37.0,0.0,236,AZ,2015-11-01,Prior default history,0.00040632731951482107,69.67116268229275,76.17269349983445,67.89058413981296,0.020001625548999615
RM002956,2,70.30228816080432,238813.52,0.0029469568867675038,0.0011058089495505118,0.05639004836040318,0.021524576740116652,16.0,0.0,236,CA,2015-11-01,Prior default history,0.00029438152480146154,69.63311936551631,76.27850632508535,67.81458825472448,0.02
RM002063,2,70.12776909424456,114083.63,0.005529416565308564,0.0018612482230332145,0.10248265001515133,0.03567620969364549,34.0,0.0,234,FL,2015-09-01,Absolute lifetime-PD deterioration,0.0006147049238724658,69.39095756549813,76.69239222755178,67.39919894120952,0.020771750087077188
RM003193,2,70.02138842837374,48425.45,0.0050032785341403195,0.0020595613763755454,0.04812579980551268,0.020069117334088893,39.090423493975905,0.0,118,IN,2016-01-01,Absolute lifetime-PD deterioration,0.001445962576049861,69.05586528676794,78.59040854980884,66.46833667466647,0.06133063410399692
RM003039,2,70.01098614722166,140259.06,0.0026727046190136152,0.0007405707271449096,0.05148396370907571,0.014525167418565466,35.0,0.0,237,NY,2015-12-01,Absolute lifetime-PD deterioration,0.0004991548221357085,69.20559677376741,77.17751487847568,67.03459320831638,0.026311523088354383
RM000481,2,69.96316076584507,222880.15,0.003124600376740395,0.0007104694193485401,0.05772710652597257,0.013412950364181553,44.0,0.0,228,MD,2015-03-01,Absolute lifetime-PD deterioration,0.00031390485319506955,69.29859787000167,75.89969198217345,67.49160659924011,0.02
RM001461,2,69.89543119255565,59961.2,0.008444678609739716,0.0020636775296997006,0.1512215215127528,0.039151941643221444,31.0,0.0,232,MI,2015-07-01,Absolute lifetime-PD deterioration,0.0011656776580948288,69.10313447048729,76.95198442718532,66.96301803774153,0.022986684436882846
RM002300,2,69.88590651770394,103164.72,0.0043989828576523485,0.0012481259597936498,0.08271474796665457,0.024161066223131522,25.0,0.0,235,RI,2015-10-01,Absolute lifetime-PD deterioration,0.0006774205999658017,69.09488709134577,76.92798872591459,66.96031008326838,0.023968411138897312
RM000168,2,69.84089424454588,100190.0,0.006657053368985435,0.0009718723621072981,0.11918432485177066,0.018304945306551357,25.0,0.0,228,NY,2015-03-01,Absolute lifetime-PD deterioration,0.0006970844819297922,69.12423879002314,76.23123918240087,67.18338684530302,0.020466468165961562
RM002684,2,69.75778791448525,86181.1,0.0035616509896308902,0.0010013848026330509,0.06776545583395821,0.019510917754877566,30.0,0.0,236,AL,2015-11-01,Absolute lifetime-PD deterioration,0.0008094325544056092,68.94575198444296,76.98432118428374,66.75625005368117,0.030490707685010027
RM002156,2,69.42098306756958,22736.92,0.024941306153373758,0.0011121263145215917,0.38891756704619207,0.02146481150783275,5.0,0.0,234,FL,2015-09-01,Absolute lifetime-PD deterioration,0.0030532272210822566,68.87840435560399,74.32311878113194,67.36577318781649,0.02
RM000764,2,69.40646979126754,236570.44,0.0028710869116748694,0.0010471921633515124,0.05339058243899175,0.01979582573286387,31.0,0.0,229,IL,2015-04-01,Absolute lifetime-PD deterioration,0.00029338606205943374,68.72741605760069,75.46561062828948,66.88563858347008,0.020118907002771986
RM002250,2,69.33367893249914,175348.98,0.002411607497412865,0.0006139709229753086,0.04618386058143653,0.011955251071957163,32.0,0.0,235,UT,2015-10-01,Absolute lifetime-PD deterioration,0.00039540394778743014,68.53729028173463,76.41950777399641,66.39096048544747,0.024803644665779678
RM000126,2,69.3078016190275,63081.93,0.014604530991023882,0.0015770332437642354,0.054836045953352563,0.006031801137601156,10.0,0.0,46,PA,2015-02-01,Absolute lifetime-PD deterioration,0.001098695008523479,68.15924172981738,79.47340463007177,65.10000192969761,0.03490695262614773
RM000703,2,69.28954880371768,278444.99,0.0023620685206587376,0.0007480859446852339,0.044126274912573815,0.014179821675768589,30.0,0.0,229,CA,2015-04-01,Absolute lifetime-PD deterioration,0.00024884465977900223,68.59614962582502,75.47169835254243,66.71883508396613,0.02027540459306375
RM001357,2,69.19447547624769,257460.73,0.0027042577685217222,0.0009974749239821687,0.05100631711393677,0.01910919893106,22.0,0.0,232,CA,2015-07-01,Absolute lifetime-PD deterioration,0.0002687573964240981,68.52702608158991,75.15384113133844,66.71417810624412,0.020017214113062155
RM003331,2,69.1606057865617,324077.34,0.002065822929938088,0.0005244472394656723,0.0401848198775836,0.01035032825036486,45.0,0.0,238,GA,2016-01-01,Absolute lifetime-PD deterioration,0.00021340771862223289,68.51295580254487,74.9457001325489,66.75219089529597,0.02
RM001547,2,69.07682452139758,89553.67,0.006643681215154957,0.001144791114056483,0.12042600693904226,0.0218085315452472,31.0,0.0,231,NJ,2015-06-01,Absolute lifetime-PD deterioration,0.0007713455464348651,68.3385286340197,75.654487265569,66.34288255212323,0.021122568714466522
RM002361,2,69.06470296054695,124004.78,0.004391455403115903,0.0010662178761023451,0.08224238598122191,0.020587464339689165,38.0,0.0,234,KS,2015-09-01,Absolute lifetime-PD deterioration,0.0005569519413731225,68.31006398446839,75.78285932647323,66.27369214513524,0.021669968587652574
RM001846,2,69.06385844528452,109573.89,0.006203645834048026,0.0015193257439630517,0.11381478424584324,0.0290911374733257,45.0,0.0,233,TX,2015-08-01,Absolute lifetime-PD deterioration,0.0006302948489396928,68.39878620728226,75.00330424957507,66.59151398686855,0.020112976695700325
RM001147,2,69.0418002478338,169940.44,0.0030474385126122235,0.0010260448219621347,0.056820268120114203,0.01948364676579384,32.0,0.0,230,HI,2015-05-01,Absolute lifetime-PD deterioration,0.0004062705748427732,68.27950069206244,75.82729725311607,66.22303586929517,0.02217714528388195
RM001151,2,69.00970157774842,110829.73,0.004750282631069666,0.0014487840161729086,0.087585430909777,0.0275234476565005,33.0,0.0,231,GA,2015-06-01,Absolute lifetime-PD deterioration,0.000622664167617736,68.24711924260647,75.79890376955251,66.18908953036487,0.022069944501859916
RM003427,2,68.98905073720813,79339.31,0.006550031787088682,0.0016416843880022894,0.12268038887806132,0.03219412010782863,25.0,0.0,239,GA,2016-02-01,Absolute lifetime-PD deterioration,0.000869544375130161,68.22767191538797,75.77071947236008,66.17074258272865,0.02227029662678064
RM002608,2,68.90898539966288,94872.21,0.006921432892053691,0.001515700112162131,0.12767635947528988,0.02939081836366808,41.0,0.0,236,MI,2015-11-01,Absolute lifetime-PD deterioration,0.000726334776007251,68.22241948878744,75.0339941971314,66.36105178431667,0.020326829645228105
RM002464,2,68.84945968605587,206902.89,0.0032577246459968056,0.0006808836235531636,0.0619023684615877,0.013249948713575876,38.0,0.0,235,UT,2015-10-01,Absolute lifetime-PD deterioration,0.00033276219431278056,68.1920095150534,74.72003760994508,66.40598880581528,0.020050278379915694
RM001835,2,68.84121985938945,167958.78,0.003714796443602714,0.0015628231194891346,0.06971405207145831,0.02991206028460791,66.76185815899582,0.0,233,WY,2015-08-01,Prior default history,0.0004098697302956681,68.158372820953,74.92902352368299,66.30980680628156,0.020374046145466843
RM000239,2,68.82933582201002,187200.87,0.0037210399904343047,0.0008443611770039745,0.06838126010243406,0.015921529988846217,29.0,0.0,228,TX,2015-03-01,Absolute lifetime-PD deterioration,0.0003676763672199281,68.17009902574276,74.71810725552507,66.37771251238672,0.02
RM001376,2,68.75439384677419,147578.73,0.002333581025734486,0.0008447769419928217,0.043977595306650685,0.0161372062194447,59.0,0.0,231,LA,2015-06-01,Absolute lifetime-PD deterioration,0.0004658828128333547,67.93953603503574,75.99940579705566,65.74690388360914,0.0269774389655339
RM003448,2,68.68994772735493,359960.14,0.0017157238391959564,0.0005796090276587668,0.0332076553837517,0.011337522644997211,42.0,0.0,236,CA,2015-11-01,Absolute lifetime-PD deterioration,0.00019082653909223096,67.99998345608311,74.83866765334119,66.13386216959964,0.02043476291526776
RM001370,2,68.66309569745562,231135.4,0.002696903817347565,0.0010959984631820935,0.05087101761337065,0.020977764095697515,20.0,0.0,232,NY,2015-07-01,Absolute lifetime-PD deterioration,0.00029706871252718373,67.94772074296388,75.03634802859914,66.01416736969416,0.020666847418465025
RM002607,2,68.64944275132996,59885.25,0.010076309399788952,0.0016948737189306383,0.18059152761534825,0.03281046113163344,27.0,0.0,236,TN,2015-11-01,Absolute lifetime-PD deterioration,0.0011463497731299436,67.92352119239634,75.12200913859775,65.95784708634488,0.02105209952238155
RM001251,2,68.64887961570966,58551.95,0.0038221070791158098,0.0019018848239728378,0.07106501587814218,0.03598280007913057,59.33264266666666,0.0,231,NY,2015-06-01,Absolute lifetime-PD deterioration,0.0011724439513237333,67.81259893761619,76.08470906764765,65.56208966163392,0.03692361146140897
RM002971,2,68.64549691365394,71221.16,0.005672482481715899,0.001139022582292417,0.10626903598697535,0.02225709056193481,27.0,0.0,237,WI,2015-12-01,Absolute lifetime-PD deterioration,0.0009638357043560361,67.85942430225468,75.64428564578914,65.7376929130704,0.02531534783886839
RM002482,2,68.62047984301293,92282.16,0.004425183287848128,0.0009966683223016325,0.08318736342995658,0.019338388154014896,27.0,0.0,235,TN,2015-10-01,Absolute lifetime-PD deterioration,0.0007435942097910683,67.83466104454239,75.6154513525352,65.71466609531923,0.025160817028156875
RM002201,2,68.47513688008334,153310.91,0.003475086526040705,0.0007700655495017447,0.06562946775312262,0.014909794627215645,28.0,0.0,234,NM,2015-09-01,Absolute lifetime-PD deterioration,0.000446642296233734,67.71837566294666,75.21160288787135,65.67667096254333,0.021971417110534023
RM001459,2,68.46096897403953,206599.59,0.0033422950711667187,0.001014489540055629,0.06267568088834585,0.019432133967988263,26.0,0.0,232,NV,2015-07-01,Absolute lifetime-PD deterioration,0.00033137030414261484,67.80594979179618,74.31149758243323,66.02541397873779,0.02
RM001982,2,68.3771237028831,106687.0,0.004480726223671607,0.0011075277510698722,0.08384571759349102,0.021376962877322936,26.0,0.0,234,TN,2015-09-01,Prior default history,0.0006409133606051637,67.60705355014544,75.23237852634445,65.52922827790222,0.023147079634732434
RM000748,2,68.29506893312076,122021.2,0.005411941430802212,0.0010818018456885531,0.09837659901921558,0.020443695008857454,38.0,0.0,229,IL,2015-04-01,Absolute lifetime-PD deterioration,0.0005596983879286613,67.62260393907884,74.29576893000092,65.7984606721831,0.02021363152116146
RM001457,2,68.13946815419143,120095.18,0.0039001595640127023,0.0008805552361494788,0.07276710553690735,0.0168873503794037,27.0,0.0,232,CA,2015-07-01,Absolute lifetime-PD deterioration,0.0005673788752736908,67.3635796318223,75.04495595172351,65.2711100957271,0.023467160859309628
RM002983,2,68.13650184575758,223269.33,0.0025137098334490175,0.0009394062781649277,0.048493034288046855,0.018390781162996084,47.0,0.0,237,FL,2015-12-01,Absolute lifetime-PD deterioration,0.00030517627228852966,67.4145346706005,74.5638654388303,65.46628139728105,0.021091020886089187
RM001384,2,67.84483666993877,100160.64,0.006754022155852841,0.0013529590007725944,0.12280040124463099,0.025835324367478263,35.0,0.0,232,MI,2015-07-01,Absolute lifetime-PD deterioration,0.0006773602551854578,67.1867666496337,73.7216542914592,65.39858622746422,0.02011655898575623
RM002551,2,67.7916397440033,76270.55,0.005606530700531641,0.001153179353400947,0.10341882820939541,0.02215471759032217,40.0,0.0,233,KS,2015-08-01,Absolute lifetime-PD deterioration,0.000888831137890094,67.00994647445783,74.74858841225733,64.90195864625552,0.02422155381819386
RM002529,2,67.69614173076315,179267.99,0.0034148605239376576,0.0010785912507929518,0.06479432052187772,0.02091205734113577,37.0,0.0,235,GA,2015-10-01,Absolute lifetime-PD deterioration,0.00037762537378124866,66.9948070659259,73.94396353789702,65.09943613284072,0.02061320777318696
RM002179,2,67.65766963652408,130274.45,0.004614075455541145,0.0009788613015343246,0.08623576246917963,0.0189159484555399,31.0,0.0,234,TN,2015-09-01,Absolute lifetime-PD deterioration,0.0005193471907693648,66.94907342346686,73.97051525637156,65.033852201317,0.02078323868959479
RM001847,2,67.59025161594172,94132.71,0.004247117458852651,0.0014470300146307972,0.07931790901051627,0.02772524753691985,23.0,0.0,233,WA,2015-08-01,Absolute lifetime-PD deterioration,0.0007180315069643881,66.81186159858069,74.51870096643604,64.71217466485275,0.025623346532946196
RM000716,2,67.48496604449052,255705.58,0.0018791281310753965,0.0005541213337148451,0.03525722112615548,0.010521668857562672,35.0,0.0,229,WI,2015-04-01,Absolute lifetime-PD deterioration,0.00026391667340419607,66.73003988828353,74.20302025420445,64.69468796522804,0.02278992045690059
RM002760,2,67.40102262730429,145569.31,0.0042832921481416346,0.0007913572447887187,0.08128259949596928,0.015513893292239067,27.0,0.0,237,TN,2015-12-01,Absolute lifetime-PD deterioration,0.0004630167074866556,66.72014360814396,73.47104930821067,64.87706155334523,0.020427817202213417
RM001292,2,67.31489798701594,78544.62,0.004151552094178591,0.001726709028587516,0.07696094195070324,0.032720589006223544,55.119031578947364,0.0,231,AR,2015-06-01,Absolute lifetime-PD deterioration,0.0008570274830665162,66.5123832812309,74.4520865331632,64.35166744944779,0.027786014901217817
RM002228,2,67.21369136334914,131550.44,0.004934911341896384,0.0010348789088354918,0.09233622526487517,0.020072679179556685,39.0,0.0,235,AR,2015-10-01,Absolute lifetime-PD deterioration,0.0005109347514409616,66.55012798644033,73.13365329717939,64.7510124314654,0.020219967627691793
RM000409,2,67.16210730244808,303250.99,0.00221749303669995,0.0006742371118988571,0.041301986508690214,0.0127330654685055,26.0,0.0,228,CA,2015-03-01,Absolute lifetime-PD deterioration,0.000221473662138574,66.5178755202851,72.91497885809892,64.76754448398194,0.02
RM001362,2,67.14018860819596,198050.94,0.0031274757986283785,0.0006375612989863623,0.058516304870237956,0.01220191455808306,39.0,0.0,231,FL,2015-06-01,Prior default history,0.000339004645007976,66.4763165692286,73.05925380274176,64.6788284660576,0.02032499438193089
RM001229,2,66.92329995382045,268077.03,0.002368057857314029,0.0008449983355980588,0.044613370902578,0.01614140280906995,42.0,0.0,231,TX,2015-06-01,Absolute lifetime-PD deterioration,0.00024964205233779426,66.26108006158678,72.82857232518525,64.46743228429852,0.020226847942559804
RM001717,2,66.73128118518736,181184.0,0.00264667852258503,0.0007546754994255441,0.049946473150051296,0.014489897466573254,26.0,0.0,232,NY,2015-07-01,Absolute lifetime-PD deterioration,0.00036830670028913895,65.9871238353763,73.35505362738988,63.979759696173524,0.02275587609198462
RM001491,2,66.45976654238606,130741.27,0.005963359900495627,0.001584511556321572,0.05429504255725659,0.01469151431882354,22.0,0.0,112,NC,2015-07-01,Absolute lifetime-PD deterioration,0.0005083304341650197,65.56993394684584,74.36430380188654,63.180341850397745,0.022537042600948336
RM003080,2,66.44852696057387,86934.49,0.006644887524447273,0.0013664669005528228,0.12386061413910654,0.02675567854383487,17.0,0.0,238,MI,2016-01-01,Absolute lifetime-PD deterioration,0.0007643517200201424,65.74346988948385,72.73193192898658,63.83640391730742,0.021076562788604074
RM001464,2,66.41751675479613,92065.84,0.005256678349334074,0.0013289275507712803,0.0968775853331314,0.025382006460338946,32.0,0.0,232,IL,2015-07-01,Absolute lifetime-PD deterioration,0.0007214132489835115,65.67372662587225,73.03921708804509,63.66654531472272,0.022596104063993025
RM002215,2,66.40906672319085,315605.04,0.0020583891674802457,0.0005189981773394116,0.03938344507759828,0.010072025587133826,46.0,0.0,234,MA,2015-09-01,Absolute lifetime-PD deterioration,0.0002104182706435577,65.7826272799944,72.00418981030278,64.0798713056421,0.02
RM001227,2,66.39769968899947,104166.77,0.005004625312825366,0.0009142336799903786,0.091683884193004,0.01737805614518495,27.0,0.0,230,PA,2015-05-01,Absolute lifetime-PD deterioration,0.0006374172846964484,65.66749571822145,72.89987334719162,63.696015107294585,0.021903695470393933
RM002759,2,66.3438686685185,91032.08,0.003494659054565143,0.0011160750306836258,0.06653206539666157,0.021722330261237932,28.0,0.0,236,IN,2015-11-01,Absolute lifetime-PD deterioration,0.0007287965810351526,65.57598937297621,73.17788289285205,63.50524835924701,0.02872545592200184
RM002787,2,66.31310653437721,154072.54,0.0035274096030175318,0.000892657149692199,0.06740989074868697,0.01748321572743905,31.0,0.0,237,MI,2015-12-01,Absolute lifetime-PD deterioration,0.00043040185184444423,65.60624303607419,72.6078137886794,63.69752890824896,0.02124848351737545
RM001258,2,66.23021478508862,167005.94,0.002925929895209931,0.0009012616212619698,0.05484534786556339,0.017207342174287876,35.0,0.0,231,CA,2015-06-01,Absolute lifetime-PD deterioration,0.0003965740067993307,65.49097257553622,72.80896607587951,63.49772524771994,0.022383340607323908
RM002005,2,66.2286599121364,156336.99,0.003991781732492847,0.0018873217903104802,0.07503142784925965,0.03616730082783137,16.0,0.0,234,CA,2015-09-01,Absolute lifetime-PD deterioration,0.00042362757471623574,65.54653207801513,72.30824183321609,63.70113480218437,0.02048358864309283
RM001654,2,66.16391403755514,129187.68,0.004615355882089666,0.0011386459406857714,0.08555391087978126,0.02178555495009249,30.0,0.0,232,OR,2015-07-01,Absolute lifetime-PD deterioration,0.0005121534347358443,65.47317103103293,72.31823308649675,63.60584859282098,0.020711780130465287
RM002968,2,66.15447165090868,208849.64,0.0030940240174348412,0.0007236516108911217,0.059366507969270454,0.014195572129343526,42.0,0.0,237,KY,2015-12-01,Absolute lifetime-PD deterioration,0.0003167564552704456,65.53149901044914,71.7193576170161,63.83767550134935,0.020013509886676557
RM002279,2,66.07324852475664,142171.92,0.004584809026978284,0.0012271434620525399,0.0857117216463733,0.023659608776922636,42.0,0.0,234,TX,2015-09-01,Absolute lifetime-PD deterioration,0.00046474190209119093,65.44382939759598,71.69527825185946,63.73277625507695,0.020049628765088225
RM001062,2,66.06672639919256,124037.01,0.003061136273379252,0.0008335291438573454,0.057309491772184584,0.015923978120807147,30.0,0.0,231,VT,2015-06-01,Absolute lifetime-PD deterioration,0.0005326372056146191,65.30936902697572,72.80679415758857,63.26720695995793,0.02555347926441938
RM002828,2,66.05698577971091,113009.8,0.004611175227574278,0.0008235082968945604,0.08688749164407539,0.016071783662189087,32.0,0.0,236,WA,2015-11-01,Absolute lifetime-PD deterioration,0.0005845244021289384,65.33981833735353,72.44296331812627,63.40361007495875,0.02164525716289721
RM000810,2,66.05652404542084,192976.69,0.003029060461315769,0.000969668363912699,0.0560097956634672,0.018263795069087485,24.0,0.0,228,CA,2015-03-01,Absolute lifetime-PD deterioration,0.00034230312503246297,65.3471310537416,72.37340469262554,63.431824306058225,0.020996816901354822
RM001898,2,65.9866393173537,85927.42,0.003433440877924205,0.0008465606118266254,0.06486773417347236,0.01637929964384055,32.0,0.0,234,IN,2015-09-01,Absolute lifetime-PD deterioration,0.0007679346047787041,65.21726293801326,72.8330571523401,63.14310595054257,0.03004199555066363
RM001359,2,65.96120056816939,215617.18,0.004078293151118831,0.0010948211122876793,0.03709579394710538,0.010081480738667215,21.0,0.0,111,CA,2015-06-01,Prior default history,0.0003059181117579285,65.12429962226138,73.40312738159108,62.8717281064403,0.02062289069212375
RM001353,2,65.90499321411237,85265.65,0.0025284482720230065,0.0005798573318560622,0.04776672469085652,0.011151186018594883,38.0,0.0,232,MO,2015-07-01,Absolute lifetime-PD deterioration,0.0007729372052416462,65.12481668396734,72.84491693744602,63.0232994797723,0.03823300223005321
RM000110,2,65.87548179535239,116994.95,0.004024328082095074,0.0008443562500250261,0.07344369636100712,0.01585216336105566,15.0,0.0,227,WA,2015-02-01,Absolute lifetime-PD deterioration,0.0005630626090728907,65.13339230133,72.48263969644722,63.130396795442884,0.02329283918487804
RM002519,2,65.84723600906594,158220.98,0.002567408995865254,0.0006032542415399996,0.04868936344141084,0.01164834748263266,26.0,0.0,233,WA,2015-08-01,Absolute lifetime-PD deterioration,0.0004161725961314734,65.09551296538403,72.53699475625592,63.06865591697062,0.024769567475522464
RM001966,2,65.80586439005495,144516.55,0.003987732875820484,0.0015821496316379476,0.0749581036380037,0.030404543630418,28.0,0.0,234,VA,2015-09-01,Absolute lifetime-PD deterioration,0.0004553517530694924,65.11381570054228,71.97052127836578,63.24383803975848,0.02086502419206535
RM002318,2,65.79548446908828,163486.99,0.002095133805764621,0.0005598632555126031,0.04024069046006662,0.010907140119662762,34.0,0.0,235,IN,2015-10-01,Absolute lifetime-PD deterioration,0.00040245088902235145,65.0365683573779,72.54788944097955,62.9912393030063,0.026980887475886943
RM001954,2,65.77524644392524,127406.43,0.004800275204576346,0.0013135012554879853,0.08956316284035104,0.02530444766460771,31.0,0.0,234,FL,2015-09-01,Absolute lifetime-PD deterioration,0.0005162631622589633,65.10273021264388,71.76972476245152,63.28295669557333,0.020482665690022616
RM000753,2,65.76470155384642,77939.81,0.003611631024647165,0.0007434405429056783,0.0667169235024595,0.014092359860312986,16.97076508064516,0.0,229,PA,2015-04-01,Absolute lifetime-PD deterioration,0.0008437883227306614,65.11382646016477,71.59064892241928,63.336162251922694,0.02466386118449466
RM001816,2,65.7088365321465,137966.59,0.004398553593571286,0.0007721579513288128,0.04101364164528909,0.007311474247649219,27.0,0.0,114,RI,2015-09-01,Absolute lifetime-PD deterioration,0.0004762662941234288,64.81995632104264,73.60166468063422,62.43511504981192,0.026083502476935312
RM003197,2,65.681722006742,114732.93,0.0052562985956816355,0.00158265562920888,0.0992476049476746,0.030925902629508784,39.0,0.0,238,CO,2016-01-01,Absolute lifetime-PD deterioration,0.0005724748945811984,65.01238391715208,71.64791237305381,63.20118289184359,0.020504556061800357
RM002321,2,65.51636015219646,362265.17,0.00178658513861991,0.0004968623515954077,0.034412527866594655,0.009685430290704122,34.0,0.0,235,NJ,2015-10-01,Absolute lifetime-PD deterioration,0.00018085194376317343,64.89342500199098,71.07907412863348,63.20094360063434,0.02000001877958877
RM002096,2,65.50460667711697,172744.63,0.002990700930583317,0.0009371514546733759,0.056497675763472865,0.018040181131229183,40.0,0.0,233,MI,2015-08-01,Absolute lifetime-PD deterioration,0.0003791990910346502,64.78748866982465,71.88703959241693,62.85350958917205,0.02165137935933806
RM000389,2,65.4450054911908,204820.03,0.0027105298220875007,0.000651089801773798,0.050477614956983885,0.012352089222443685,30.0,0.0,229,CA,2015-04-01,Absolute lifetime-PD deterioration,0.00031952444051097347,64.7482827169671,71.64922270079558,62.86707648351876,0.021087210049183625
RM000677,2,65.30131831736306,56945.41,0.0035737228204650185,0.0018116737847034584,0.06603909224655369,0.03401225375390471,63.27267777777778,0.0,229,NY,2015-04-01,Absolute lifetime-PD deterioration,0.0011467354140985736,64.49914857921658,72.43237284448405,62.341431348523884,0.03833197981741521
RM002268,2,65.22475574122882,77803.68,0.034303887185293626,0.0005262184738543429,0.4937215713303875,0.010211466326784824,10.0,30.0,234,TX,2015-09-01,30 DPD backstop,0.0008383248162712718,64.05873355989492,75.46569162936912,61.0064623173423,0.020001873609127304
RM000924,2,65.2147181947341,213496.61,0.002700893678596167,0.0009613925667250776,0.05051653539703016,0.018266658841828987,39.0,0.0,230,IL,2015-05-01,Absolute lifetime-PD deterioration,0.0003054602047064546,64.536295527538,71.25740351008803,62.703537046763195,0.020707150290078923
RM001729,2,65.08514958065746,284316.91,0.0022179976825681185,0.0007581458270858072,0.04184323426175118,0.014493781363394853,28.0,0.0,231,CA,2015-06-01,Absolute lifetime-PD deterioration,0.00022891761724850437,64.44778184909585,70.771224452832,62.71981417161556,0.020133568746733634
RM003426,2,65.01663305423654,160549.22,0.0035001624075003184,0.0014472006025434696,0.06717873102268845,0.028315000247548183,30.0,0.0,238,SC,2016-01-01,Absolute lifetime-PD deterioration,0.0004049638674933241,64.33172775625607,71.11671104185646,62.48169129449254,0.020909576194805733
RM001936,2,64.98549997436784,135275.03,0.004438216055504034,0.0012585606631875892,0.0827426125721048,0.024155904502553227,36.0,0.0,233,TX,2015-08-01,Absolute lifetime-PD deterioration,0.0004803953839401687,64.32078338505723,70.90978965609324,62.52256497324884,0.020493000775938453
RM002224,2,64.97766554624927,105663.85,0.00543616986532576,0.0014652818012261743,0.10043165047399316,0.02807025211851022,14.0,0.0,233,CA,2015-08-01,Absolute lifetime-PD deterioration,0.0006149469808856034,64.2831238761396,71.16578710958632,62.405560979604026,0.02105269713181485
RM003207,2,64.83174456868562,107752.9,0.004683828164812996,0.001203100509666427,0.08891051676839701,0.02359308549056005,32.0,0.0,238,FL,2016-01-01,Absolute lifetime-PD deterioration,0.0006016705310825567,64.11418960733617,71.2195699427527,62.178017131774894,0.021933789672127415
RM002322,2,64.72242851698667,118298.23,0.005161046003185578,0.0010361937799741746,0.09597747237435839,0.020013276146809034,32.0,0.0,234,NC,2015-09-01,Absolute lifetime-PD deterioration,0.0005471123998811028,64.07037030130259,70.5368115699724,62.30443057624669,0.020372028061910498
RM002066,2,64.70955930961237,317373.3,0.0019543280144251078,0.0007251798058548627,0.03742826333853866,0.01404654963827301,25.0,0.0,234,CT,2015-09-01,Absolute lifetime-PD deterioration,0.00020389099936766065,64.05909299181064,70.50805710398116,62.29860564369662,0.020266189822727043
RM001198,2,64.67402883891282,146947.22,0.0034113465833988774,0.0007841770691206938,0.06339713295431748,0.014923481123293114,29.0,0.0,230,OH,2015-05-01,Prior default history,0.0004401174029621848,63.96032390668076,71.02710401676114,62.03486155445746,0.021988015571695132
RM002267,2,64.57233695823378,148437.57,0.004004627212600063,0.0017905364484575132,0.07557319093154025,0.03448737582333827,18.0,0.0,235,MA,2015-10-01,Absolute lifetime-PD deterioration,0.00043501343331229267,63.894932005736855,70.60758133461717,62.063826692314564,0.02067728049960964
RM001367,2,64.53483913466643,276511.15,0.0013963908338841284,0.00043232884351529044,0.026540744727518217,0.008289580111695116,40.0,0.0,231,MS,2015-06-01,Relative lifetime-PD deterioration,0.00023338964499140964,63.80224155539529,71.05330237368607,61.82769036361446,0.024732798085384266
RM000387,2,64.512723057507,361747.71,0.0017557956005533621,0.0005516946198952354,0.03297978840777638,0.010475819913234874,39.0,0.0,229,MD,2015-04-01,Absolute lifetime-PD deterioration,0.0001783362306771949,63.899545117537244,69.9886262534826,62.23335778742836,0.02
RM001079,2,64.42526909196933,122321.59,0.00450826542727079,0.0008844019014756947,0.08330486610802912,0.016888040309827712,15.0,0.0,231,TN,2015-06-01,Absolute lifetime-PD deterioration,0.0005266876361889126,63.73562872237794,70.56887061698032,61.87189017764207,0.021207312405380634
RM001664,2,64.41987643635655,115452.4,0.004157861398692155,0.0011842194682415586,0.07739390408922342,0.02264806987558643,37.0,0.0,232,GA,2015-07-01,Absolute lifetime-PD deterioration,0.0005579778024220939,63.702042658004885,70.80894172550725,61.76595640974459,0.02225816027411254
RM002287,2,64.383008957724,174238.3,0.0030091570294554456,0.0007910139979549107,0.05707357917610578,0.015312430829895418,25.0,0.0,234,CA,2015-09-01,Absolute lifetime-PD deterioration,0.0003695112323623681,63.683355757410226,70.61214246052039,61.795032874699224,0.02151843787088065
RM002373,2,64.2502727859062,203329.27,0.0028462008200349827,0.0008027208443739754,0.05428835474364557,0.0156032506290682,46.0,0.0,235,DE,2015-10-01,Absolute lifetime-PD deterioration,0.00031599126277247837,63.59299417293118,70.10601816229864,61.816418423879384,0.02053299506984517
RM001075,2,64.23751621198551,95472.85,0.004433524460672564,0.0010429372718659849,0.08197907753013944,0.01988661894496646,31.0,0.0,231,OH,2015-06-01,Absolute lifetime-PD deterioration,0.0006728354313502268,63.50642136424601,70.74481672514042,61.53442975709452,0.023751768520291833
RM001467,2,64.22406955228223,58408.03,0.005260551915279886,0.0026592733364716784,0.09694557419634364,0.05017839798525037,63.859446133333336,0.0,232,PA,2015-07-01,Absolute lifetime-PD deterioration,0.0010995760266573318,63.454176299401304,71.07102578379386,61.38136740338132,0.027710995498483916
RM000404,2,64.18365037364245,102411.39,0.004238580478841935,0.0009522772099164966,0.07785993394234825,0.018016999234795827,31.0,0.0,229,NY,2015-04-01,Absolute lifetime-PD deterioration,0.0006267237499036235,63.45764934744459,70.64583261149903,61.499248441422566,0.0233979803604066
RM000222,2,64.17939161667805,213688.73,0.0029916510352218854,0.0007437429025360283,0.0553365612523985,0.014036923365953635,43.0,0.0,228,TX,2015-03-01,Absolute lifetime-PD deterioration,0.00030034055430381396,63.5690340815586,69.63144972975752,61.90960457447272,0.02
RM002914,2,64.14485518561858,145178.94,0.00396013751505632,0.001562772980668061,0.07537589086061436,0.030416720771347272,19.0,0.0,237,MA,2015-12-01,Absolute lifetime-PD deterioration,0.0004418330591587084,63.4751655255106,70.11164147679743,61.6647263799705,0.020743460746471414
RM002405,2,64.1301821778061,156803.78,0.003219820269842324,0.001083423922948593,0.06120350136547148,0.02100481393858744,26.0,0.0,235,CA,2015-10-01,Absolute lifetime-PD deterioration,0.00040898364935976737,63.427606119308194,70.38488114055325,61.53170329257668,0.021799128247292188
RM001021,2,64.11376844818419,141090.17,0.00390719437237091,0.0009473896926758961,0.07259119464273556,0.018080447357635476,29.0,0.0,231,MI,2015-06-01,Absolute lifetime-PD deterioration,0.0004544169763788943,63.43183414358243,70.18720859590857,61.58994216792209,0.02102984790017343
RM001399,2,64.10082276094795,146738.69,0.0025481110187550015,0.0013076574269688692,0.04812956479658348,0.02498061003242813,29.94667142857143,0.0,232,PA,2015-07-01,Absolute lifetime-PD deterioration,0.00043683654774993527,63.367759385470784,70.62432652944548,61.39134788305055,0.02532134099336727
RM002407,2,64.09033615129195,118917.7,0.0030400355089382812,0.0008716756156305636,0.05788196086378461,0.016932760027609794,29.0,0.0,235,CT,2015-10-01,Absolute lifetime-PD deterioration,0.0005389469872970294,63.35178273808856,70.6625087046781,61.3606956920358,0.025929564428993974
RM001634,2,64.08812005985736,77117.69,0.006064154315783788,0.0011485624494327134,0.11094594599099095,0.021973294112828112,30.0,0.0,232,WI,2015-07-01,Absolute lifetime-PD deterioration,0.0008310430468010304,63.372674426683254,70.45886797983117,61.44104575486426,0.02259637117759824
RM003451,2,63.92721501806436,393492.23,0.0015789909571690044,0.0007034191291285281,0.03085535365504044,0.013859120841565264,30.0,0.0,238,CA,2016-01-01,Relative lifetime-PD deterioration,0.00016246118765309383,63.32475173486783,69.30755877204044,61.68759402009149,0.02
RM000364,2,63.62016247894293,263386.03,0.0020884550391316176,0.0007434149047096946,0.03894355798169713,0.014030774293300796,47.0,0.0,228,GA,2015-03-01,Absolute lifetime-PD deterioration,0.0002415472167561162,62.960307154544914,69.49685490003645,61.178123015275986,0.020750249070862807
RM002897,2,63.49218862919729,215869.03,0.0018719515737954655,0.0005430969740022525,0.036329348751890644,0.010671727689810506,31.0,0.0,237,WA,2015-12-01,Absolute lifetime-PD deterioration,0.0002941236574287534,62.779915043892814,69.83133256545979,60.85911760508654,0.023883370909979613
RM001276,2,63.491318124700214,110413.78,0.005734319422790644,0.000907078344969141,0.10479573465972114,0.017317480784009187,28.0,0.0,231,CA,2015-06-01,Absolute lifetime-PD deterioration,0.0005750307445746374,62.871539586982486,69.02456734938048,61.18849639337518,0.020118950989899232
RM000135,2,63.48329914450214,453216.32,0.0014175405301620329,0.0006833242215487804,0.026477328167918257,0.01284739345041963,19.0,0.0,227,CA,2015-02-01,Relative lifetime-PD deterioration,0.00014007284456239824,62.86766718287974,68.9788662485464,61.196331404571346,0.02
RM000017,2,63.439133280763286,186793.75,0.003375099264157148,0.0009188203876824699,0.06195148864995159,0.017238692641485143,37.0,0.0,227,FL,2015-02-01,Absolute lifetime-PD deterioration,0.00033962128433506625,62.82005994779837,68.96464640386502,61.139904007025734,0.020087586135854804
RM001381,2,63.38492452943113,188219.02,0.0013479990081923683,0.0006673695587875638,0.025741777791404297,0.012823850051824515,56.392469027237354,0.0,232,PA,2015-07-01,Prior default history,0.00033676152670134577,62.63408209019445,70.06128117308725,60.61335644865162,0.03126476227293281
RM002713,2,63.374778520035136,126205.33,0.0049534841955281815,0.0008934785121306563,0.09304332994584874,0.017425979100601396,32.0,0.0,236,MA,2015-11-01,Absolute lifetime-PD deterioration,0.0005021561174954745,62.765976696519246,68.81133214563049,61.11186234353075,0.02007922975822167
RM002443,2,63.16536373764916,108784.06,0.002538007543366447,0.0013041956339636255,0.04854779763873662,0.025233347336222844,62.162319999999994,0.0,235,MA,2015-10-01,Absolute lifetime-PD deterioration,0.0005806490743004918,62.40952160325601,69.88519621315679,60.37600234415307,0.029054647905343175
RM001658,2,63.12880640778273,240223.62,0.0025496562196834043,0.0006366087825623262,0.04815807310265985,0.01223621030745814,45.0,0.0,232,IL,2015-07-01,Absolute lifetime-PD deterioration,0.00026279183707156995,62.53712618116395,68.41472319584187,60.92800708241257,0.02
RM001143,2,63.11139458935561,141203.8,0.004434296838467092,0.0009116576009058483,0.08199278760272999,0.017404179933217967,40.0,0.0,231,MN,2015-06-01,Absolute lifetime-PD deterioration,0.0004469525224487982,62.51731156132384,68.42040530509145,60.90055889357246,0.02
RM002868,2,63.075980764360224,236399.75,0.002099209658690442,0.0006243818519520688,0.040653511745430304,0.012259623881930692,26.0,0.0,237,UT,2015-12-01,Absolute lifetime-PD deterioration,0.00026681915173074516,62.396357687122055,69.12707914012209,60.561894754203365,0.021628302101865986
RM001110,2,63.02381134165747,207269.56,0.002657043660978166,0.0006395387616841022,0.049926721819510855,0.012239539544331546,46.0,0.0,231,IN,2015-06-01,Absolute lifetime-PD deterioration,0.00030406689405650046,62.37473122683422,68.80555849424033,60.62096157970415,0.020670959680269156
RM002178,2,62.954608876758854,55756.64,0.004487576250673011,0.0016651619683041008,0.08396863636083374,0.0319753458661306,55.11575908045977,0.0,234,OR,2015-09-01,Absolute lifetime-PD deterioration,0.001129096173599393,62.19658506633554,69.69638605397213,60.155475826223736,0.03173098881970169
RM000450,2,62.92871047319836,128483.14,0.004601113080585925,0.0010098318529584566,0.08424571285794746,0.019096010885278125,27.0,0.0,229,OR,2015-04-01,Absolute lifetime-PD deterioration,0.0004897818536595413,62.28045882194079,68.70642181066032,60.52667031226068,0.02049219903710434
RM002943,2,62.91579753524971,128606.68,0.004836752834223951,0.0007072579971645334,0.09094855656161094,0.013817971532107287,17.0,0.0,236,WA,2015-11-01,Absolute lifetime-PD deterioration,0.0004892109611666339,62.305160123453106,68.36720549434398,60.647096286735334,0.020102422265740636
RM001246,2,62.89842944457282,99262.8,0.006460877661186549,0.001002139066807922,0.11730487496175734,0.019115780894422896,28.0,0.0,231,AZ,2015-06-01,Absolute lifetime-PD deterioration,0.0006336556035551366,62.3015642369844,68.23357453350319,60.676381731466776,0.020002344197519735
RM001627,2,62.880094063234665,309100.91,0.002021931588763153,0.0008868261959607503,0.03837455079466934,0.01700663972127736,27.0,0.0,232,IL,2015-07-01,Prior default history,0.00020342901631455784,62.27973505743085,68.2412057461835,60.64859239446461,0.02
RM000914,2,62.751683431210374,184349.4,0.0032905507987081436,0.0006007777396084626,0.06121884076755035,0.011452284586214057,35.0,0.0,230,TN,2015-05-01,Absolute lifetime-PD deterioration,0.0003403953765578319,62.13567819087043,68.24743605215035,60.465453230973566,0.020165333911451925
RM002696,2,62.74615872663505,130369.82,0.0031213451341373724,0.0008669070834621947,0.029768126650456694,0.00834869078098599,28.0,0.0,116,MS,2015-11-01,Absolute lifetime-PD deterioration,0.00048129359023917534,61.89478720690225,70.30376593820978,59.61204011583703,0.03551484219205183
RM002434,2,62.56969621034021,101511.85,0.003252962033275354,0.000800747627150027,0.06181458426750863,0.015565180143936153,31.0,0.0,235,NY,2015-10-01,Absolute lifetime-PD deterioration,0.0006163782475675521,61.84582871551052,69.01116485278715,59.89434612793098,0.026866177638657
RM003409,2,62.53340454736579,156280.0,0.00402702584995373,0.001595112383933515,0.07660144522715817,0.031036777725655718,25.0,0.0,237,CO,2015-12-01,Absolute lifetime-PD deterioration,0.00040013696280628223,61.93872895816852,67.8459992971195,60.32151898308692,0.02
RM002441,2,62.48964655267475,75692.1,0.010986277481326379,0.0020723155698454386,0.10045641881382339,0.019683987070533426,23.0,0.0,115,TX,2015-10-01,Absolute lifetime-PD deterioration,0.0008255768640673828,61.69051779101221,69.6007938405082,59.53616966296544,0.02086966163108845
RM000081,2,62.45492769482243,193378.49,0.00279907330742272,0.0007640457484134935,0.051642159968600554,0.014354697633407687,28.0,0.0,227,CA,2015-02-01,Absolute lifetime-PD deterioration,0.00032296729431914806,61.784347805049954,68.42571471231001,59.97415573862109,0.021068309687748196
RM000094,2,62.42323702041171,67744.76,0.0051925155990443835,0.0015490233099223632,0.09378708101928845,0.028899268482097784,22.0,0.0,227,WI,2015-02-01,Absolute lifetime-PD deterioration,0.0009214474598538945,61.701636248590304,68.84733991876746,59.754370892375626,0.026601848418426357
RM001069,2,62.39897089366134,117931.69,0.005250350360227323,0.0015225629004407513,0.09637018693227084,0.028905672935518822,26.0,0.0,231,FL,2015-06-01,Absolute lifetime-PD deterioration,0.0005291111396238054,61.78398377349154,67.88741569511173,60.11532077295826,0.020155079424817486
RM001793,2,62.326071803831965,198510.14,0.0016275699508846932,0.0007920676961832973,0.031132803278302368,0.015267657640393839,73.3792346303502,0.0,233,PA,2015-08-01,Relative lifetime-PD deterioration,0.00031396920985412614,61.58728467254679,68.89239326299055,59.60092146268572,0.02599867210884203
RM001645,2,62.19742101019214,267389.93,0.002296559257905961,0.0006763188391702648,0.04347773005501743,0.012994750731086468,37.0,0.0,232,MI,2015-07-01,Absolute lifetime-PD deterioration,0.00023260943675101054,61.60704108968716,67.47024886050566,60.00245220975097,0.02000132779711897
RM002275,2,62.16292923865265,110869.93,0.0033626335588406876,0.000894683213692187,0.06357125678003817,0.017302690803247534,25.0,0.0,234,NM,2015-09-01,Absolute lifetime-PD deterioration,0.0005606833993550158,61.44850397821855,68.52100367177178,59.52205202251641,0.025237180971959178
RM003198,2,62.05377453939596,158493.65,0.0038690940611921347,0.0010959515391465143,0.07400446636969715,0.021513502974042198,36.0,0.0,238,CO,2016-01-01,Absolute lifetime-PD deterioration,0.0003915221495586477,61.470354529969065,67.26665933766884,59.88318488165238,0.02
RM002903,2,62.00962527351809,138605.88,0.00338067473112687,0.0011154491139756652,0.06469391716800332,0.02180125699355706,42.0,0.0,237,TX,2015-12-01,Absolute lifetime-PD deterioration,0.0004473809139519773,61.32943214911003,68.06343241898776,59.495028224262526,0.021884667532644658
RM002297,2,61.943021529555175,106636.48,0.0029125774899177092,0.0007005030550965958,0.05552040967405436,0.013629260882493832,30.0,0.0,235,WI,2015-10-01,Absolute lifetime-PD deterioration,0.000580880215940691,61.22738433415556,68.31136791187825,59.298011204182146,0.027725851858294254
RM003288,2,61.919683661309065,190427.93,0.0022809575177683396,0.0006969865954656778,0.0442803513300154,0.013733214192747645,39.0,0.0,238,TN,2016-01-01,Absolute lifetime-PD deterioration,0.0003251607243817074,61.2291754787764,68.06402696012142,59.367809813590256,0.02264253745274799
RM000253,2,61.847711984688885,177789.85,0.002848778499966528,0.0007226640599142136,0.052761183898886066,0.013641678178680783,33.0,0.0,228,WA,2015-03-01,Absolute lifetime-PD deterioration,0.00034786975738316264,61.17102353471834,67.87095980521194,59.34564417983513,0.021502610919778974
RM003061,2,61.762233171831916,86485.7,0.004074740726933989,0.0010104675592324643,0.07778859417343276,0.01985138623003746,46.0,0.0,238,PA,2016-01-01,Prior default history,0.0007141323151900478,61.04990940284592,68.09998065319996,59.13022084832217,0.025036320368692827
RM000800,2,61.741668114555466,58387.51,0.00919448309159928,0.001774433746693274,0.1616109304724791,0.03332428298380519,22.0,0.0,229,FL,2015-04-01,Absolute lifetime-PD deterioration,0.0010574465003654972,61.070385094532014,67.72435008518342,59.25449137853104,0.021360801412272583
RM001976,2,61.65549420870647,257588.48,0.0019262440947419674,0.0005509589299033649,0.03689995426719961,0.010689120841751554,35.0,0.0,234,NJ,2015-09-01,Absolute lifetime-PD deterioration,0.00023935656675603843,60.9926930393471,67.55586447290815,59.20427935196448,0.02140263344284723
RM001657,2,61.63569299524106,223486.56,0.002178207799415244,0.0006512696191252485,0.041281659537904525,0.01251632555845883,35.0,0.0,232,CA,2015-07-01,Absolute lifetime-PD deterioration,0.0002757914972392123,60.96718931246004,67.58631782437448,59.16373314557111,0.02159463067796348
RM000182,2,61.63476935154362,95756.85,0.006577593968929264,0.0011748865040171522,0.11784465620106355,0.022088366437796214,35.0,0.0,228,MI,2015-03-01,Absolute lifetime-PD deterioration,0.0006436591152647942,61.04291630021605,66.92331391985802,59.43259554142407,0.02003382881573359
RM002419,2,61.557498240152654,313266.96,0.001957268052187976,0.0007266817428430133,0.03779779498974234,0.014194891638056317,18.0,0.0,236,CA,2015-11-01,Absolute lifetime-PD deterioration,0.00019650172568518764,60.9690186490797,66.81213552282055,59.370417073120635,0.02
RM002238,2,61.50573339356124,82891.76,0.004237427532882194,0.0012529545347437932,0.07979542657732552,0.024253452319791036,34.0,0.0,235,OH,2015-10-01,Absolute lifetime-PD deterioration,0.0007420005727174963,60.79276687839772,67.85030074900982,58.87060276916013,0.025635132788900877
RM002244,2,61.47350951063581,221601.97,0.0025036646805111718,0.0010487225006105463,0.04790606714856582,0.02033858204732697,19.0,0.0,235,NY,2015-10-01,Absolute lifetime-PD deterioration,0.0002774050677917521,60.82874722750569,67.2166991201818,59.08670888256119,0.0207282800936722
RM002926,2,61.389817604698166,72462.33,0.0028017650438253317,0.0007428670800084707,0.05412639657650642,0.014630918200856047,24.0,0.0,238,MO,2016-01-01,Absolute lifetime-PD deterioration,0.0008471962964025331,60.678409482572775,67.72113807470252,58.76002760266304,0.03866230185491827
RM000836,2,61.314877747942425,255017.0,0.0021450498012182853,0.0006702510114524649,0.03997861679873438,0.012658240776427965,26.0,0.0,228,NY,2015-03-01,Absolute lifetime-PD deterioration,0.00024043447200752273,60.67246882156122,67.0368353565691,58.936970838109474,0.02075295829490034
RM002665,2,61.26939907252323,137484.89,0.003718106647635496,0.0010900322519741326,0.07063994359778991,0.02122059932802467,53.0,0.0,236,AR,2015-11-01,Absolute lifetime-PD deterioration,0.0004456446019087859,60.62574374401833,67.00070451411098,58.888062564746406,0.020969627593657315
RM001463,2,61.173407911419446,228893.99,0.002623142270367417,0.0007654196564419285,0.04951292530263851,0.014694742404639638,47.0,0.0,232,TX,2015-07-01,Absolute lifetime-PD deterioration,0.0002672565055614586,60.59652703135633,66.3266152927265,59.02799064643466,0.02
RM000894,2,61.115286158504674,82294.91,0.007165321991212497,0.0017593231573246734,0.06379289894818974,0.016011758817259802,20.0,0.0,110,NJ,2015-05-01,Absolute lifetime-PD deterioration,0.0007426374991904685,60.28022550284748,68.53200748451405,58.03857568278069,0.02619947556053532
RM000031,2,61.10894800426928,118145.98,0.003829962442160323,0.0013277168111883561,0.0700172289482357,0.024819468459585492,22.0,0.0,227,NJ,2015-02-01,Absolute lifetime-PD deterioration,0.0005172325626675515,60.416616813547144,67.27117637428313,58.549214039149184,0.02284122124314735
RM000156,2,61.06724248313838,72934.76,0.0049093159572863925,0.0010787287325634428,0.08889451791145253,0.020209951038185237,29.0,0.0,227,TN,2015-02-01,Absolute lifetime-PD deterioration,0.000837285849478882,60.35974717065021,67.36438619728557,58.45148041195782,0.025648856235521825
RM001724,2,61.045903608856804,222731.65,0.0026592039721025306,0.0006291556257463972,0.049966336032321146,0.01204196548499914,30.0,0.0,231,FL,2015-06-01,Absolute lifetime-PD deterioration,0.0002740782623792209,60.452682273270895,66.33963690998365,58.84338960800027,0.020109762880931328
RM002984,2,60.96215952800084,80147.96,0.008875369784388444,0.0019203615052918277,0.08325062815738071,0.0185669953238079,24.0,0.0,117,MD,2015-12-01,Absolute lifetime-PD deterioration,0.0007606202269901921,60.15743031487706,68.11484395095789,57.993586643903676,0.02226781700578948
RM002073,2,60.94388630507606,85669.88,0.005313155236897609,0.001203160480221888,0.09826879423484525,0.023104342004766187,42.0,0.0,233,NY,2015-08-01,Absolute lifetime-PD deterioration,0.0007113805494425353,60.26168665913668,67.01588317622317,58.421647637719296,0.02226149727094611
RM002239,2,60.939313464340266,115383.01,0.0026391150248415707,0.0011009980019166192,0.05043470917423898,0.02134205429043612,28.0,0.0,235,AL,2015-10-01,Absolute lifetime-PD deterioration,0.0005281480649910265,60.235990983850094,67.19804320221793,58.339838753811854,0.027932653240795753
RM002514,2,60.91160080105131,126990.24,0.0047260493589902875,0.002477573194485027,0.08823812284780119,0.04722130864422014,11.0,0.0,234,CA,2015-09-01,Absolute lifetime-PD deterioration,0.00047965576567971923,60.295643487346254,66.40475008829559,58.62701726529682,0.020270610613257627
RM002139,2,60.88175635500112,113183.81,0.00526449560165482,0.0009985369628882441,0.09780882597961504,0.019292666455349994,36.0,0.0,234,AZ,2015-09-01,Prior default history,0.0005379016341206497,60.29054689443183,66.15880501738626,58.68585555530816,0.020143693634257272
RM003118,2,60.864606497988696,211625.49,0.0025185373001375922,0.0006874820956963777,0.04878389006397599,0.013547150736727742,34.0,0.0,238,NC,2016-01-01,Absolute lifetime-PD deterioration,0.0002876052714537776,60.23503112682841,66.47252380960302,58.53402226965834,0.020703669267681062
RM003245,2,60.85951641047659,284970.34,0.00207335900173297,0.0006717383177284806,0.040328565812875694,0.013238871622353376,40.0,0.0,238,MN,2016-01-01,Absolute lifetime-PD deterioration,0.00021356438852715895,60.2883085597734,65.96160847799455,58.735493354446696,0.02
RM002830,2,60.6459004684407,124960.55,0.00483271581795806,0.000983192108570466,0.09124297084213051,0.019240096677033747,32.0,0.0,237,CO,2015-12-01,Absolute lifetime-PD deterioration,0.0004853203708565679,60.075526846407016,65.74320603193206,58.52318045788425,0.02
RM003300,2,60.60437568837148,100797.25,0.0022825791284005266,0.0006837450709667865,0.044311158932424655,0.013473984287324048,39.0,0.0,238,PA,2016-01-01,Absolute lifetime-PD deterioration,0.0006012502889550209,59.88890946802206,66.96835405826015,57.96191890626689,0.03346404630506929
RM002717,2,60.3581045636717,128678.94,0.00292131323542006,0.0008569174406608258,0.055912640984581374,0.016718601193739135,21.0,0.0,236,WA,2015-11-01,Absolute lifetime-PD deterioration,0.00046905969666576134,59.67492422934831,66.43927529693356,57.831939584372336,0.024563285567757765
RM001046,2,60.31045851917996,89338.88,0.006012407799051327,0.0008579890551239148,0.10960330037641608,0.016387616520181836,25.0,0.0,231,CT,2015-06-01,Absolute lifetime-PD deterioration,0.0006750751578616158,59.67609395670475,65.96339421029305,57.960553098582224,0.02085491019631226
RM003150,2,60.05976454177811,309496.94,0.0017993794530718505,0.000525315566961199,0.03508941397444454,0.010367380631087886,31.0,0.0,238,CA,2016-01-01,Absolute lifetime-PD deterioration,0.0001940560851482994,59.46069749861466,65.39990320438777,57.83943501188692,0.020314424876778425
RM002067,2,59.999511153173444,138766.71,0.0042795032636872695,0.0010202017070598522,0.07989915160160976,0.019623922030384433,28.0,0.0,233,TX,2015-08-01,Absolute lifetime-PD deterioration,0.0004323768370178514,59.41547605453031,65.21270943986242,57.830131553300546,0.020102064667430124
RM002465,2,59.96197533702036,174018.02,0.0017493968819416964,0.0007640223758270671,0.03370781695120195,0.01485636239752497,53.544006153846155,0.0,235,NJ,2015-10-01,Relative lifetime-PD deterioration,0.0003445733685340194,59.25793963901758,66.22240603919272,57.36300084587454,0.026758944877977413
RM000541,2,59.9102208211484,129122.83,0.0027536448658484957,0.0006194789341709948,0.05126067901071252,0.011755741078913085,28.0,0.0,229,WA,2015-04-01,Absolute lifetime-PD deterioration,0.00046397852975456317,59.2224239112,66.03079055533436,57.36812916393557,0.02528513909125034
RM001866,2,59.83432640131667,116582.66,0.0038640127193696095,0.000807364247101504,0.07241567541170146,0.01556032163794463,36.0,0.0,233,IN,2015-08-01,Absolute lifetime-PD deterioration,0.0005132352135499111,59.16866993245184,65.7587829603652,57.37345113478622,0.022161422045637952
RM003432,2,59.61701541935889,193476.77,0.003009133393003883,0.0008388919541983179,0.05801989108935979,0.016507243709266484,35.0,0.0,238,CO,2016-01-01,Absolute lifetime-PD deterioration,0.0003081352630569494,59.0558439509716,64.62985139139727,57.530049146447375,0.020010025716648394
RM002308,2,59.602492438602084,207714.7,0.0028443148374124563,0.0007487852658391381,0.054253325680364006,0.014562135584363145,37.0,0.0,235,TX,2015-10-01,Absolute lifetime-PD deterioration,0.0002869440267761602,59.03773843493605,64.64701466226417,57.50241612731916,0.02
RM001653,2,59.58042468833742,114700.32,0.00320397732899464,0.0009342378954795596,0.06015753392828871,0.01790808476811845,33.0,0.0,232,CA,2015-07-01,Absolute lifetime-PD deterioration,0.000519444276078196,58.895233404840575,65.67722023419871,57.04835982767158,0.024572299391856674
RM002885,2,59.56202528705208,82106.53,0.0073077948593363255,0.0015136458596517223,0.13485563935112665,0.029474065039310826,38.0,0.0,237,TX,2015-12-01,Absolute lifetime-PD deterioration,0.0007254237304517933,59.00544244009855,64.53907692000497,57.48861014423447,0.02
RM000033,2,59.544853629301784,97000.0,0.0018669666494234086,0.0003950851197559428,0.03473228814504503,0.007447300678143698,32.0,0.0,227,MO,2015-02-01,Absolute lifetime-PD deterioration,0.000613864470405173,58.84469146889399,65.77337803334127,56.95846511624675,0.04194622732100562
RM002362,2,59.47879531823213,101177.22,0.0027114717166907636,0.0006539401980905249,0.05156830991259809,0.012674992149343756,31.0,0.0,234,PA,2015-09-01,Absolute lifetime-PD deterioration,0.0005878674598712252,58.785963443963695,65.64333845798406,56.91865596916747,0.029477722345820127
RM001613,2,59.35475452547721,161914.25,0.003297516780609429,0.0020763514258568456,0.06186116984554757,0.039387836358312556,24.53246212121212,0.0,232,CA,2015-07-01,Absolute lifetime-PD deterioration,0.0003665814128495621,58.73030446619185,64.91692154513527,57.043208691912724,0.020755584294513674
RM001839,2,59.192821969628646,125805.27,0.003972680222960727,0.00109448611140729,0.07437846132320625,0.02103844814687028,34.0,0.0,233,TX,2015-08-01,Absolute lifetime-PD deterioration,0.0004705114656137111,58.55378770609905,64.88238515685316,56.82898362984471,0.02120790016009903
RM002334,2,59.13039705061543,226441.32,0.0019128183778103183,0.00046363381624295373,0.03664729519087084,0.009002191333133736,30.0,0.0,234,UT,2015-09-01,Absolute lifetime-PD deterioration,0.00026112900706732955,58.47761392141876,64.94052718947188,56.716945663837116,0.022376217244275777
RM003271,2,58.90794673904644,317730.58,0.0018205518914129097,0.0007464503911543344,0.035495248585591166,0.014700997095070667,23.0,0.0,238,CA,2016-01-01,Absolute lifetime-PD deterioration,0.0001854021943341004,58.349677743112494,63.8933675261974,56.83277908575206,0.02
RM002543,2,58.75220389741022,232579.73,0.002435118070108062,0.0007929670130204174,0.046236496312587305,0.01528486626373804,40.0,0.0,233,FL,2015-08-01,Absolute lifetime-PD deterioration,0.00025261102460395074,58.18411541305545,63.821784333079044,56.64291861612204,0.02010583138959826
RM001779,2,58.73802360084807,96236.89,0.0053542633136109685,0.0012753914403169841,0.09899210893588717,0.02447516032107966,29.0,0.0,233,MI,2015-08-01,Absolute lifetime-PD deterioration,0.0006103483144649424,58.11682620483839,64.27211651660892,56.4379117922365,0.02092394267831989
RM003395,2,58.70026017449251,105682.94,0.005540327322512203,0.0012267215039996765,0.10433487643125539,0.024050964603794855,36.0,0.0,238,MN,2016-01-01,Absolute lifetime-PD deterioration,0.0005554374260830794,58.14798465635797,63.636129546135145,56.644690317122325,0.020009974435776026
RM002472,2,58.696876133690175,119341.05,0.0020895162055156436,0.0005967293431608332,0.04013487884163813,0.01162138165931248,37.0,0.0,235,AL,2015-10-01,Absolute lifetime-PD deterioration,0.0004918414588583742,58.01073553815752,64.80079812512729,56.16219459451857,0.030763829952114543
RM000508,2,58.63118769483259,146886.0,0.0031811469199990506,0.00095208154727543,0.05899201246781094,0.018013329111518095,33.0,0.0,229,MD,2015-04-01,Absolute lifetime-PD deterioration,0.00039916117053247137,57.986154358668124,64.37246330072551,56.24630565640236,0.021708313641173267
RM001387,2,58.5686821372821,129030.06,0.004526379979380559,0.001048500893074064,0.08397229066023204,0.020077362529456577,43.0,0.0,232,TX,2015-07-01,Absolute lifetime-PD deterioration,0.0004539150190062851,58.01632828139732,63.50464886136786,56.51322762574936,0.02
RM001807,2,58.494309167589904,53542.14,0.002921883524017664,0.001302244966911083,0.05523237782542978,0.02498432827275865,18.0,0.0,233,MO,2015-08-01,Absolute lifetime-PD deterioration,0.0010924910578394868,57.8182738225886,64.51147583924666,55.99483702759475,0.048835744307321224
RM001979,2,58.448955579691756,46772.73,0.0034006697351885704,0.0018050982425522975,0.06400224258212772,0.03447246868183684,58.4659125,0.0,233,PA,2015-08-01,Absolute lifetime-PD deterioration,0.0012496374613945294,57.73998947601868,64.75317210757223,55.83181835529616,0.042228881082326315
RM002920,2,58.422483543105585,144118.64,0.00225165450964135,0.0007569570985280703,0.04354383298153952,0.014844284763990245,26.0,0.0,237,PA,2015-12-01,Absolute lifetime-PD deterioration,0.0004053777050845441,57.7536879436638,64.37407650945818,55.95054485143573,0.026143286703931127
RM003195,2,58.261628112491294,173005.3,0.0024751252343262345,0.0007724132095438461,0.04796248282993942,0.015208611147728535,40.0,0.0,238,IL,2016-01-01,Absolute lifetime-PD deterioration,0.0003367620998460238,57.619410831598394,63.9767388062788,55.887900408797485,0.02212410754126627
RM001215,2,58.1589847794572,120015.88,0.004170624470088172,0.0010238030507605067,0.07730118280751974,0.01952517002837828,32.0,0.0,231,TX,2015-06-01,Absolute lifetime-PD deterioration,0.0004845940785457491,57.54314473768959,63.64404183144616,55.87959303488675,0.020978458790275146
RM002029,2,58.022976261107445,91662.88,0.0028758080014247662,0.0008162362603022684,0.05461123646773702,0.01579700401041484,33.0,0.0,234,IN,2015-09-01,Absolute lifetime-PD deterioration,0.0006330040716711873,57.33982590398982,64.10026986294528,55.49935933980013,0.03001036451031382
RM001170,2,58.0152378617307,78802.76,0.005251612269260991,0.0010276605850996043,0.09599567446379831,0.019514042915930507,19.0,0.0,230,CA,2015-05-01,Absolute lifetime-PD deterioration,0.0007362081970445032,57.357372776728724,63.87250472509524,55.5817119263844,0.023276864301209357
RM000806,2,57.89475670474272,352448.69,0.001635802560772705,0.0004229835646032694,0.0308913563021338,0.008076111630600513,27.0,0.0,230,CA,2015-05-01,Absolute lifetime-PD deterioration,0.00016426435491856338,57.339987252906916,62.84815915553932,55.83311509268672,0.02
RM000973,2,57.74474439817206,65352.26,0.010419013169588747,0.0017800018932513939,0.09154384347649713,0.01619859170942828,20.0,0.0,110,GA,2015-05-01,Absolute lifetime-PD deterioration,0.0008835921573052265,56.96814311603941,64.64735008115191,54.87997941269011,0.022737100505942315
RM000174,2,57.73936103373411,123737.69,0.003804931809513654,0.000966070869982952,0.03403471590816087,0.008740958906171103,31.0,0.0,109,NY,2015-04-01,Absolute lifetime-PD deterioration,0.0004666271128363081,56.94032202825267,64.83005014921623,54.7994874408017,0.02939456062109404
RM000661,2,57.736202650677974,318510.58,0.0017731873987465747,0.0005390692879911019,0.033301249980910885,0.010237251621927013,48.0,0.0,229,FL,2015-04-01,Absolute lifetime-PD deterioration,0.0001812693400975188,57.19000594327166,62.614365945328785,55.7055383448315,0.02
RM001953,2,57.67206334255909,146525.1,0.0038935589916548412,0.0008921844366318993,0.07294973968696694,0.017181662590925684,42.0,0.0,233,NC,2015-08-01,Absolute lifetime-PD deterioration,0.00039359852573080714,57.12018940636132,62.60051666213514,55.62057166412489,0.02004724258185196
RM000902,2,57.60739013358301,82796.84,0.005440560417970995,0.0007743037164884733,0.0743740188967138,0.010913561846128128,31.0,0.0,170,MA,2015-05-01,Absolute lifetime-PD deterioration,0.0006957679801980729,56.90567872163292,63.84847393984002,55.01610397017094,0.0240028643891592
RM002099,2,57.589951315724974,67229.78,0.004192594502655382,0.0006468974872280299,0.07866120738570193,0.01253930240818879,25.0,0.0,234,MO,2015-09-01,Absolute lifetime-PD deterioration,0.0008566137107056572,56.923440207657926,63.52263465834498,55.12549774061367,0.0285792090958423
RM002084,2,57.58926954428911,103955.76,0.006480943010075537,0.0020086582628388804,0.05990029226304927,0.018920167529350662,24.0,0.0,114,IL,2015-09-01,Absolute lifetime-PD deterioration,0.0005539786303740083,56.821972193635965,64.4057879923406,54.76111507946137,0.02234053367931315
RM000435,2,57.51270232665777,149503.77,0.0038162423137856416,0.0013219205070852844,0.07036750791299018,0.02492738925526472,24.0,0.0,229,OR,2015-04-01,Absolute lifetime-PD deterioration,0.00038469064911645886,56.9510182585349,62.52599904331762,55.42660981408891,0.02009762358487176
RM002790,2,57.47894243495372,154321.57,0.0019252065819762173,0.0009499033989506879,0.03734431758797874,0.01859445784655578,74.41903121827411,0.0,237,MA,2015-12-01,Relative lifetime-PD deterioration,0.0003724621414553631,56.79829134805648,63.528523252801456,54.968256975064406,0.025828125002745388
RM002032,2,57.40838159326353,78618.08,0.003822907879019958,0.0011349064541229564,0.07196846067608897,0.0218998814569763,33.0,0.0,234,NJ,2015-09-01,Absolute lifetime-PD deterioration,0.0007302185654147688,56.737554654065946,63.377282815421495,54.9294537033371,0.027160096509715983
RM001651,2,57.141787292678494,147067.48,0.0030182611943296166,0.00085704630534556,0.05676638372448384,0.01644002950581447,36.0,0.0,232,IL,2015-07-01,Absolute lifetime-PD deterioration,0.00038854128249616086,56.512247232414545,62.74466010231985,54.814526854364814,0.021833356067788176
RM001330,2,57.129123373905784,140851.74,0.00404272847340233,0.0008166274294408018,0.07501731081165464,0.015603484544957857,39.0,0.0,231,TX,2015-06-01,Absolute lifetime-PD deterioration,0.00040559756928743506,56.58874694951226,61.95739441679507,55.11868726670771,0.02
RM002197,2,57.11972092810052,68302.37,0.007412787671088682,0.0023596428310545415,0.1350536342480404,0.04502241303192589,23.0,0.0,234,TX,2015-09-01,Absolute lifetime-PD deterioration,0.0008362772906430702,56.50503045973513,62.59672816732853,54.84310632830617,0.021094566251258096
RM002933,2,57.11348025278426,56711.94,0.0022112427798372755,0.0010987468751964028,0.042778441697531755,0.02147816836487293,57.45814973684211,0.0,237,LA,2015-12-01,Absolute lifetime-PD deterioration,0.0010070803476795937,56.42529319552373,63.23266815012864,54.57322320225096,0.050382894731392944
RM001508,2,57.078138181491866,201916.31,0.0028195015396390447,0.000584769007099042,0.05312420802656259,0.01124513641497138,34.0,0.0,232,AZ,2015-07-01,Absolute lifetime-PD deterioration,0.0002826821576795449,56.5345854123859,61.932974311277334,55.05711034681565,0.02
RM000093,2,57.035980232532665,149593.36,0.0037085638925121907,0.0008706281909210759,0.0678710114678116,0.01634156077504445,41.0,0.0,227,IL,2015-02-01,Absolute lifetime-PD deterioration,0.0003812734751898926,56.481640369089384,61.98362862445607,54.97723010043436,0.02012234623793613
RM002180,2,56.97998513970123,52312.45,0.0020981061581557482,0.0009675357736623083,0.040296672418334234,0.018778198587908523,73.08356985294117,0.0,235,MO,2015-10-01,Absolute lifetime-PD deterioration,0.001089224173971994,56.28084678417404,63.19414728242482,54.40092582824212,0.05493393788673913
RM002504,2,56.911512785416406,279822.79,0.001577257672472219,0.0007618865597561575,0.03043944627571149,0.014815125062990098,33.0,0.0,235,WA,2015-10-01,Relative lifetime-PD deterioration,0.00020338412316386529,56.29143694382824,62.43071642709699,54.61886001712824,0.021787755561949
RM000049,2,56.82566548839184,212297.23,0.004008018602552758,0.0008608634811721282,0.0351763856771965,0.007649927825183478,28.0,0.0,107,IL,2015-02-01,Absolute lifetime-PD deterioration,0.0002676703105753751,56.10794100387065,63.21349616733735,54.17232629738109,0.020009311020650553
RM002884,2,56.75439876418611,285348.39,0.0019511938492524645,0.0006836926769344412,0.03768261900463632,0.013360500031235678,31.0,0.0,236,NC,2015-11-01,Absolute lifetime-PD deterioration,0.00019889510771091472,56.21712382720834,61.552627044751596,54.757075089641404,0.020000870956693464
RM001882,2,56.709849020725166,98867.15,0.004282943661634642,0.0013220562678420119,0.07996087751444692,0.025359807454876537,31.0,0.0,233,IL,2015-08-01,Absolute lifetime-PD deterioration,0.0005735964779072237,56.077262578929854,62.34070825174082,54.370736960600375,0.0223247770594564
RM000397,2,56.70721570982322,132006.54,0.004213413939827989,0.0015005850848004746,0.07676560959762835,0.028007690936711627,23.0,0.0,227,MD,2015-02-01,Absolute lifetime-PD deterioration,0.00042957883533515246,56.125312193249556,61.8944329794475,54.55044835806428,0.020336001886396435
RM003142,2,56.515986619104275,286691.46,0.0017508982393314957,0.0005699698505011006,0.034159512216037746,0.011243933944271922,31.0,0.0,238,CA,2016-01-01,Absolute lifetime-PD deterioration,0.00019713174092839833,55.927806613457825,61.754450155518875,54.33913146111292,0.020692210346278897
RM002269,2,56.42345215446913,89691.69,0.0033312979368994517,0.0007116159169222575,0.06325747713189345,0.013844049947499326,24.0,0.0,235,WI,2015-10-01,Absolute lifetime-PD deterioration,0.0006290822723316857,55.77414702871765,62.20243329986798,54.02298972718316,0.027072702436990264
RM002018,2,56.30325769640027,105058.06,0.004447599199227729,0.0010007012572351536,0.08325105630721996,0.01933409651246032,28.0,0.0,234,FL,2015-09-01,Absolute lifetime-PD deterioration,0.000535925160776815,55.69392395446225,61.72916484748273,54.048758113359455,0.021358078183762213
RM001663,2,56.251503694882764,86495.23,0.006144735826956611,0.0009945064547063078,0.11233842685621909,0.01905284746721092,30.0,0.0,232,NC,2015-07-01,Absolute lifetime-PD deterioration,0.0006503422639015211,55.6842912783754,61.310148105662805,54.147576128087536,0.02039161308836402
RM000109,2,56.15752225619948,111819.88,0.004256036164499477,0.0007603487868194001,0.0775128492496141,0.01428571233481346,35.0,0.0,227,NY,2015-02-01,Prior default history,0.0005022141166329232,55.55919404855115,61.4858256572413,53.94347468267944,0.021106587340527623
RM002737,2,56.04941699369206,76450.29,0.007255045100695273,0.0012645389811898737,0.13394723770462702,0.02468077265356383,30.0,0.0,237,IL,2015-12-01,Absolute lifetime-PD deterioration,0.0007331485203482166,55.51239326766063,60.84680600139561,54.052079253411975,0.0201003561506968
RM000133,2,56.04680650533285,132255.86,0.004343594838537109,0.001285442010386235,0.07904610413634328,0.024038285239729174,20.0,0.0,227,FL,2015-02-01,Absolute lifetime-PD deterioration,0.00042377560060728395,55.50694750832334,60.86935555296045,54.03903720632688,0.02
RM000579,2,56.01111709614008,204942.06,0.002200019668195038,0.0006626218631129201,0.04080691567347661,0.012460468979525352,36.0,0.0,227,OH,2015-02-01,Absolute lifetime-PD deterioration,0.00027330220598026627,55.401049274772525,61.44107312003825,53.755580942586,0.021523936306340828
RM003220,2,55.955918949527515,138116.47,0.003492480692965909,0.0008579441741225734,0.06676405764104487,0.016808799150545672,40.0,0.0,237,OH,2015-12-01,Absolute lifetime-PD deterioration,0.0004051357448501798,55.37053533737404,61.16939365013681,53.78946963443309,0.020836227290014754
RM000987,2,55.91147637972363,144356.68,0.0031917099489677863,0.0006759889704775818,0.04427799967131141,0.009534009064377624,25.0,0.0,170,NJ,2015-05-01,Absolute lifetime-PD deterioration,0.0003873147843225796,55.23910900097141,61.89138814550501,53.42867606409093,0.023359731446763753
RM001238,2,55.905709370534346,356500.79,0.00155128664246497,0.0005445389552114736,0.02944329973968607,0.010430451553343545,25.0,0.0,231,CA,2015-06-01,Relative lifetime-PD deterioration,0.0001568179115971506,55.37187667188617,60.67234299485777,53.92175817591695,0.02
RM000967,2,55.87404488677751,104332.11,0.0040941004034744655,0.0009517899473577103,0.07561934701760831,0.01808578094857427,31.0,0.0,230,IL,2015-05-01,Absolute lifetime-PD deterioration,0.0005355402558884078,55.253892523915546,61.394332917166764,53.58083694453614,0.02210316467314513
RM003233,2,55.79750139869034,183909.52,0.0023138421646494646,0.0005687111702101904,0.044720521691043236,0.01117236111050135,29.0,0.0,237,CA,2015-12-01,Absolute lifetime-PD deterioration,0.00030339648213257447,55.18683019543792,61.23322845592453,53.53946400345806,0.0219347404748639
RM000948,2,55.79708599167952,115104.47,0.0030011033149554707,0.0009966662246394412,0.05597972319620126,0.018930813282128645,31.0,0.0,230,DE,2015-05-01,Absolute lifetime-PD deterioration,0.0004847516868083361,55.1585797998181,61.47891700044339,53.437246877330466,0.024498331930584517
RM002444,2,55.5724138424511,97358.15,0.004632547912828256,0.0012996680099882484,0.0862128663672963,0.024935477698260433,33.0,0.0,233,TX,2015-08-01,Absolute lifetime-PD deterioration,0.0005708039218334685,54.96940035384246,60.94165467669056,53.341559839273316,0.02147274967875416
RM003348,2,55.554250685692374,57447.16,0.005677722590071209,0.0013727128298068917,0.10636205318582281,0.026764998451434985,30.0,0.0,237,OH,2015-12-01,Prior default history,0.0009670495579884605,54.913889187879825,61.25477067898782,53.18608340533704,0.02532859677444286
RM003242,2,55.54318588287397,112507.13,0.003042504945082518,0.000943064715741686,0.058645043321844725,0.018538941949532983,23.0,0.0,238,UT,2016-01-01,Absolute lifetime-PD deterioration,0.0004936859191312939,54.91067969194903,61.17268404343289,53.204807156613164,0.02467511604060431
RM000953,2,55.54071932294666,83467.94,0.005337189881507566,0.001420068857768959,0.09748512018605549,0.02686973933971404,24.0,0.0,230,VA,2015-05-01,Absolute lifetime-PD deterioration,0.000665413802268831,54.92314287543148,61.03944495758025,53.2561137290802,0.02192930171583163
RM002453,2,55.479544636518554,253009.92,0.0019649080825423102,0.0004546456588581573,0.03778494541506072,0.008865965531102304,27.0,0.0,235,NH,2015-10-01,Absolute lifetime-PD deterioration,0.00021927813991055588,54.90771892621753,60.573664563215004,53.362331444148616,0.02060780477042399
RM001851,2,55.39553071287616,160447.68,0.002436930834501511,0.0006892819460003216,0.04627014811404051,0.013298949468683374,35.0,0.0,233,DE,2015-08-01,Absolute lifetime-PD deterioration,0.0003452560405540059,54.773042411714925,60.9344632860856,53.095135514732064,0.022781239357690542
RM000526,2,55.38993642903155,108033.52,0.002354058252405578,0.000621384048137639,0.04397980096159304,0.01179169126405788,35.0,0.0,229,PA,2015-04-01,Absolute lifetime-PD deterioration,0.000512710651555476,54.74120519837624,61.16108331641075,52.99343622441047,0.029539591387259007
RM002901,2,55.38525149610797,134493.54,0.003976713938358837,0.0009891420960734302,0.07537277970745437,0.019274578561846334,37.0,0.0,236,SC,2015-11-01,Absolute lifetime-PD deterioration,0.00041180603541335863,54.85024835601655,60.160542816079044,53.39816102485478,0.02012429997602527
RM002624,2,55.375718257341795,103950.92,0.003320440226760687,0.0009436991974790031,0.06331726193815679,0.018396853703975147,25.0,0.0,236,TN,2015-11-01,Absolute lifetime-PD deterioration,0.000532710227647257,54.747504753122925,60.96733025709725,53.05299355193323,0.024383549046631592
RM002812,2,55.36539379821231,180231.92,0.0034452509044121155,0.0008403724547779204,0.049357865719977245,0.012254933672941282,29.0,0.0,176,TX,2015-11-01,Absolute lifetime-PD deterioration,0.0003071897242076337,54.78841776277645,60.514302500387664,53.22309839154849,0.020016086058285205
RM003132,2,55.279875751900136,105817.89,0.004992991312146167,0.0012153086096657088,0.09450697911773853,0.023829757808404906,44.0,0.0,238,TX,2016-01-01,Absolute lifetime-PD deterioration,0.0005224057647709677,54.7465233294865,60.04065493049477,53.29876664841792,0.02016061619966609
RM000248,2,55.20310225372989,93711.47,0.004768592573825608,0.0014618086891785764,0.08681790659190036,0.027411967080104627,20.0,0.0,228,CA,2015-03-01,Absolute lifetime-PD deterioration,0.0005890751927563391,54.589845042512245,60.66332277704503,52.93450715198818,0.021899692427971282
RM001856,2,55.184516532955726,49888.86,0.0028244635181341386,0.0014612280330742011,0.05343843157892947,0.027993635757279534,62.361075,0.0,233,CA,2015-08-01,Absolute lifetime-PD deterioration,0.0011061490788315412,54.51214767844565,61.1621982898971,52.703225046502105,0.04415942328096972
RM002652,2,55.05087584444377,218642.41,0.0020531729543597464,0.0005757293138799911,0.039614562338504467,0.011262040188543376,34.0,0.0,236,SC,2015-11-01,Absolute lifetime-PD deterioration,0.0002517849846443047,54.46095441942231,60.3025011815175,52.86916054010121,0.02128444602068522
RM000667,2,55.03464709182117,215385.38,0.002596063912301712,0.0012239915923910661,0.04839568969114327,0.023101133014262087,16.0,0.0,229,CA,2015-04-01,Absolute lifetime-PD deterioration,0.0002555170972691887,54.502816364387364,59.78347051624597,53.05809182516268,0.02
RM000514,2,54.915492655895775,80423.47,0.004225217421084309,0.0009965408422004081,0.07729823232667421,0.018765412155354655,32.0,0.0,228,NE,2015-03-01,Absolute lifetime-PD deterioration,0.0006828291872496397,54.28222785662673,60.55101456684381,52.57480086796007,0.024659409355715874
RM000591,2,54.89768692464993,127911.06,0.0033780273313588024,0.0008538268031425412,0.06253246213165908,0.01616868210000788,33.0,0.0,229,IL,2015-04-01,Absolute lifetime-PD deterioration,0.0004291863965840791,54.29241776414485,60.285027138009404,52.65982816711881,0.021802502106140084
RM002246,2,54.848058995751884,260667.56,0.0020549123047220647,0.0004770983554876194,0.039318179965101674,0.009262474503516804,42.0,0.0,234,TX,2015-09-01,Absolute lifetime-PD deterioration,0.0002104138274657264,54.330891296571004,59.467252565134785,52.925121947117084,0.02
RM001221,2,54.58662931525463,115999.05,0.006987211369663028,0.001147851338205417,0.06279998861657743,0.010567490833712556,29.0,0.0,111,MN,2015-06-01,Absolute lifetime-PD deterioration,0.0004705782445223011,53.91089517082449,60.606361389675826,52.0847291623738,0.02
RM003293,2,54.57364446374733,139446.02,0.003792500290566204,0.0010911239460290494,0.03667440122904686,0.010677826197126317,29.0,0.0,118,DE,2016-01-01,Absolute lifetime-PD deterioration,0.00039136035911062453,53.842024628710234,61.06998309014625,51.87917150828635,0.024619997621465467
RM000983,2,54.57196065048183,319436.61,0.001713841115357775,0.000504566416762286,0.03234223448451545,0.009626661095380351,24.0,0.0,230,CA,2015-05-01,Absolute lifetime-PD deterioration,0.0001708381536182776,54.04676571135009,59.26102511912278,52.62040940875225,0.02000051462474671
RM000768,2,54.51527490888653,96132.61,0.0045114567408176725,0.0011587037930117494,0.08267038565257312,0.021881793990019105,28.0,0.0,229,IL,2015-04-01,Absolute lifetime-PD deterioration,0.0005670841029790675,53.91224477927082,59.883799653258976,52.2849427816227,0.021849813506894543
RM000280,2,54.51236247805277,191863.82,0.002174940865747657,0.000556921447593636,0.04035076140637961,0.010482701552899543,34.0,0.0,227,NJ,2015-02-01,Absolute lifetime-PD deterioration,0.0002841200726538895,53.905499193675965,59.91255013206214,52.26951533884755,0.0221077579754101
RM002970,2,54.512150357174896,156261.71,0.003374906825117171,0.0006820709458898586,0.06458700348433954,0.013385109275930507,34.0,0.0,237,CA,2015-12-01,Absolute lifetime-PD deterioration,0.00034885161795026367,53.983623324546336,59.22878978878797,52.54968563782586,0.020123294603016352
RM001454,2,54.49098938822213,143446.75,0.0030633089324871876,0.0007772232422417527,0.057349038840638245,0.01485591040800105,27.0,0.0,231,NC,2015-06-01,Absolute lifetime-PD deterioration,0.00037986911092947125,53.89324915146051,59.81185161744505,52.28060614153327,0.02164836279408925
RM003164,2,54.46923639384461,75390.45,0.0021156060909785094,0.0007314817240866529,0.04096478204671106,0.014348120788048035,41.0,0.0,237,LA,2015-12-01,Absolute lifetime-PD deterioration,0.0007224951753682942,53.823331270955656,60.21413035956235,52.08392670199672,0.04107222921935476
RM002523,2,54.41798380880432,51000.69,0.010186876929463778,0.0018712975164502856,0.18029400521629524,0.03571501337372007,16.0,0.0,233,IL,2015-08-01,Absolute lifetime-PD deterioration,0.0010670048544206819,53.85997916391685,59.39684444882077,52.34663372472614,0.02055228936556223
RM002948,2,54.404673137194024,56440.79,0.005794957828713851,0.001410727932583352,0.10844069530742062,0.02749644496678394,30.0,0.0,237,TN,2015-12-01,Absolute lifetime-PD deterioration,0.0009639247277933924,53.778808355072634,59.976283234714735,52.09002245622492,0.02498842013652546
RM000868,2,54.38013647480089,131522.47,0.004739994247430785,0.0010723062278854103,0.06509426065621937,0.015084231250743096,42.0,0.0,170,MD,2015-05-01,Absolute lifetime-PD deterioration,0.00041346650861104486,53.81059792432687,59.464192900407234,52.26443045497311,0.020004578227078646
RM003054,2,54.34706410289094,152280.18,0.005942753382682865,0.0007592408401584742,0.028397972830492058,0.003664327750889762,14.0,0.0,58,CA,2016-01-01,Absolute lifetime-PD deterioration,0.0003568886253148042,53.51333156958209,61.74103359958094,51.282643013830565,0.021839714819672888
RM002085,2,54.27084327317127,125688.69,0.003690433656644616,0.0011334953007896783,0.06955896316264909,0.02187293566406545,41.0,0.0,234,TX,2015-09-01,Absolute lifetime-PD deterioration,0.00043178780265090894,53.695186348179135,59.396677067055414,52.141076184628986,0.020972611758549062
RM002610,2,54.23670621527178,182669.69,0.0022223399952869777,0.0007577896682620974,0.04281123157461708,0.014798259812120018,39.0,0.0,236,MD,2015-11-01,Absolute lifetime-PD deterioration,0.000296911360693018,53.63982670685118,59.54829636250193,52.03059285551823,0.022002445838467284
RM002525,2,54.2162711046081,152966.08,0.0035241485920845905,0.0007858433200582217,0.06680068407322104,0.015277577108430362,25.0,0.0,235,FL,2015-10-01,Absolute lifetime-PD deterioration,0.00035443329073091306,53.69299548687937,58.88802626840884,52.271968682728605,0.020054747039776322
RM000078,2,54.01700136503164,27304.97,0.018521373955153356,0.0014238399321452083,0.07060574998611413,0.0055651372726875925,23.812473837209303,0.0,47,PA,2015-02-01,Absolute lifetime-PD deterioration,0.001978284589400085,53.12426384964611,61.92286548409511,50.74339522758792,0.0454345000727967
RM003381,2,53.82993556622367,95338.5,0.0016258287034176615,0.0007961662866059632,0.031756664819573954,0.015672803736823337,59.5865625,0.0,238,PA,2016-01-01,Relative lifetime-PD deterioration,0.0005646190737868087,53.18116080538701,59.5976647379042,51.435843181727144,0.039547959576361695
RM000489,2,53.80116810700425,80522.3,0.004454112222363499,0.0010116465672304759,0.08166145455668183,0.019130014152205166,27.0,0.0,229,CA,2015-04-01,Absolute lifetime-PD deterioration,0.0006681524013472572,53.18401092145996,59.29393485320594,51.51961613590403,0.02390225026733634
RM001939,2,53.77400914943305,109584.76,0.0035214408148555917,0.0009450064279064394,0.06620216459043082,0.018190076719153736,28.0,0.0,233,NC,2015-08-01,Absolute lifetime-PD deterioration,0.0004907070029576471,53.175461050402475,59.102001396185884,51.56067987324476,0.022621103461709764
RM002231,2,53.74996177700689,85912.77,0.005311285143545654,0.0011256563202698146,0.09903590274528795,0.021815052838789595,24.0,0.0,235,FL,2015-10-01,Prior default history,0.0006256341377074314,53.16971286100879,58.91800347446965,51.602314973310854,0.021262282691298137
RM001493,2,53.72384522703494,136353.98,0.0036444085251451427,0.0010908864921203335,0.06815358393768423,0.02088089521049341,38.0,0.0,232,TX,2015-07-01,Absolute lifetime-PD deterioration,0.00039400276564743425,53.16855712685266,58.6711202213954,51.667538870739584,0.02052562771452915
RM000386,2,53.490860933870884,114976.56,0.003996657291516266,0.0009506401723119668,0.07326594291145494,0.017908457032369207,32.0,0.0,228,MD,2015-03-01,Absolute lifetime-PD deterioration,0.0004652327477345894,52.91625384905083,58.607448065540964,51.364909468772716,0.021099839912361668
RM002700,2,53.485772611588416,117249.56,0.00446756549901619,0.0008740137125424822,0.08429312674832168,0.017049437340513895,36.0,0.0,236,MI,2015-11-01,Absolute lifetime-PD deterioration,0.00045617034820078146,52.97814454873449,58.02007447322483,51.59809421981534,0.020049071222740016
RM003188,2,53.47835484003608,200192.1,0.0019721624905084984,0.0004988244838500372,0.03839659763862413,0.009847018087324022,31.0,0.0,238,CA,2016-01-01,Absolute lifetime-PD deterioration,0.00026713519084936956,52.88240861739258,58.78142535763379,51.27583570163789,0.022368663264052315
RM002102,2,53.44250034194941,305085.5,0.0015984031161267256,0.0005471294901766425,0.030712290703465706,0.010615201622479864,44.0,0.0,234,IL,2015-09-01,Absolute lifetime-PD deterioration,0.00017517220694510035,52.90445498125505,58.2370868549208,51.4494158429257,0.02039333516869402
RM001661,2,53.43275660554514,101282.45,0.0053610008303722305,0.0010402195433066867,0.09830313415615155,0.019835288256380257,38.0,0.0,231,TX,2015-06-01,Absolute lifetime-PD deterioration,0.000527561849121394,52.923958301598,57.979359352515715,51.539479055995656,0.02000518174405839
RM001608,2,53.39007354699698,91395.1,0.00580871300714724,0.0012397436429851603,0.10651811412894385,0.023697934107683283,23.0,0.0,232,TX,2015-07-01,Absolute lifetime-PD deterioration,0.0005841677895970022,52.86678020662589,58.06131730519201,51.446157324301105,0.020139462551072067
RM001484,2,53.3394043582946,169856.48,0.002836007483390511,0.0006442427629320923,0.05342717859469959,0.012382077301255734,42.0,0.0,232,NJ,2015-07-01,Absolute lifetime-PD deterioration,0.0003140263142053491,52.78928348880475,58.23991135204771,51.3027265351541,0.020570957822064116
RM001346,2,53.270103536271506,60806.48,0.004296895514492842,0.0008618763187100885,0.07988103257123558,0.01653194929968449,22.0,0.0,232,PA,2015-07-01,Absolute lifetime-PD deterioration,0.0008760596491734352,52.654705670700935,58.74827397540888,50.99433873318231,0.028761383218734882
RM001382,2,53.261245542691384,305342.81,0.0017300303375114342,0.0007511320912607777,0.03292209094863752,0.014422331033379754,25.0,0.0,232,MA,2015-07-01,Relative lifetime-PD deterioration,0.00017443097986388276,52.75247985003686,57.804142509327285,51.370394288391786,0.02
RM002777,2,53.17509555815846,71904.51,0.0068886975817204175,0.0009826945654978303,0.1276133525147053,0.019230449733895316,21.0,0.0,237,MA,2015-12-01,Absolute lifetime-PD deterioration,0.0007395237872862003,52.63263138919755,58.012501556827864,51.16331819594696,0.020517817923376768
RM003201,2,52.99585943506981,62818.16,0.008073808048888513,0.001117048812034431,0.11329911083450284,0.01644214649293918,39.0,0.0,178,IL,2016-01-01,Absolute lifetime-PD deterioration,0.0008436391552231044,52.388837533114135,58.40048205832097,50.750384989461246,0.02133515187239577
RM001814,2,52.66813749305889,114724.94,0.00438635105876127,0.0010484085596108549,0.08181432960158086,0.020161266011672008,39.0,0.0,233,NC,2015-08-01,Absolute lifetime-PD deterioration,0.0004590818482281088,52.14498772210062,57.3341410931429,50.727426919378075,0.020258688535722928
RM001638,2,52.66688007725056,152289.17,0.003170076035591767,0.00112619062821874,0.059539364994085964,0.02154970278392876,39.0,0.0,232,TX,2015-07-01,Absolute lifetime-PD deterioration,0.00034583470431449957,52.13292132405158,57.4255522524433,50.688594795911094,0.020440868222278568
RM002813,2,52.62980308864215,221941.17,0.002157159260652311,0.0006766911372599749,0.041580740012061135,0.013224540945737329,34.0,0.0,236,NC,2015-11-01,Absolute lifetime-PD deterioration,0.00023713402560075782,52.09317775516796,57.41100295099911,50.64247337522656,0.020480510356119624
RM000503,2,52.55834633867964,99393.0,0.005150360176315188,0.0008874757217328922,0.09384056962811382,0.01680078054669376,31.0,0.0,229,MT,2015-04-01,Absolute lifetime-PD deterioration,0.0005287932383435417,52.038028833092135,57.20081061648521,50.62698016842004,0.02021169368665211
RM002986,2,52.48977517437082,223044.89,0.0022935761710970912,0.0006451080978537158,0.04433720810884223,0.012664122801445021,49.0,0.0,237,MD,2015-12-01,Absolute lifetime-PD deterioration,0.000235332785137426,51.99685228932825,56.8928075646808,50.656724438581,0.02
RM001903,2,52.45044402767074,161247.97,0.003258825899407356,0.0010046910596965952,0.061412189625055014,0.01932832321285005,24.0,0.0,233,FL,2015-08-01,Absolute lifetime-PD deterioration,0.00032527816646417775,51.949666544565254,56.92326694872385,50.5884343178622,0.020003884763776306
RM001911,2,52.409686688206584,86255.12,0.0040994286445091245,0.0008100922749934133,0.017979429530204594,0.003572959284600108,15.0,0.0,53,MO,2015-08-01,Relative lifetime-PD deterioration,0.0006076124720272441,51.52006904214079,60.258600323923424,49.16731516552556,0.07026389938377472
RM003422,2,52.38749218701257,138507.81,0.002833341905950856,0.0010398868561197665,0.0544967253541766,0.020338770528889993,37.0,0.0,237,IL,2015-12-01,Absolute lifetime-PD deterioration,0.0003782277128416987,51.80930963957664,57.53296574008864,50.2503044252268,0.022038057756102406
RM001188,2,52.26225600200362,173743.3,0.0015876149916775708,0.0005925709555239818,0.030122859044678152,0.011345520555143485,45.0,0.0,231,NY,2015-06-01,Relative lifetime-PD deterioration,0.00030080156185593126,51.65194596613837,57.69014575731242,50.00867457210249,0.02654266798368601
RM002381,2,52.22975716765591,74147.81,0.004200362082112539,0.0006104515997831505,0.07912440775035434,0.011887110885350882,41.0,0.0,235,VA,2015-10-01,Absolute lifetime-PD deterioration,0.0007044005368149903,51.624552254462046,57.61448836261275,49.993511189431885,0.024777021943228582
RM003170,2,52.173069704629825,193631.51,0.001794549113479713,0.000526756776563651,0.03485235042200863,0.010352230299717324,37.0,0.0,237,KY,2015-12-01,Absolute lifetime-PD deterioration,0.00026944514198453453,51.58855020936558,57.37414412784758,50.01299420381036,0.023176121513563516
RM002344,2,52.16000899803671,183567.26,0.002794408562802037,0.0006782165220625806,0.05310516639267804,0.013142581040159085,40.0,0.0,234,FL,2015-09-01,Absolute lifetime-PD deterioration,0.00028414657928672415,51.66789990751548,56.555990737751294,50.329837001791034,0.02
RM002664,2,52.15222052303784,118298.12,0.002704748689072161,0.0006681711677396043,0.051871709395256316,0.013059072312534559,31.0,0.0,236,CA,2015-11-01,Absolute lifetime-PD deterioration,0.0004408541786043417,51.55641361830505,57.45384932748959,49.950352633687494,0.024481561665724863
RM001275,2,52.07577964551925,204684.89,0.0025424281429551757,0.0006181396491679963,0.047620723681151556,0.011781389358110017,32.0,0.0,230,NV,2015-05-01,Absolute lifetime-PD deterioration,0.00025441926683263843,51.57817942207054,56.51978282185838,50.22588160647583,0.020000256049769342
RM002645,2,52.02992609899189,138643.13,0.00331299598562734,0.0009765158278976373,0.06317966193947777,0.019030778269777948,19.0,0.0,236,MA,2015-11-01,Absolute lifetime-PD deterioration,0.0003752795114982754,51.483294905684005,56.89923941277499,50.006240422231116,0.020831459602013207
RM001944,2,52.02241821702303,143202.95,0.0017148669321704003,0.0005537270962877843,0.03291473291528191,0.010742551165369596,43.0,0.0,234,WA,2015-09-01,Absolute lifetime-PD deterioration,0.0003632775596942872,51.41168112233254,57.454192151583065,49.76720176522249,0.028459072369422807
RM000726,2,51.99937496714209,68709.36,0.0031239239392104744,0.0007444859383977714,0.028020005617025667,0.006742101807626799,23.0,0.0,109,MO,2015-04-01,Absolute lifetime-PD deterioration,0.0007568019112263902,51.27906738206299,58.3907201754486,49.349633657988036,0.05888926553670828
RM000037,2,51.96884822086339,213618.78,0.0023249280839992823,0.0011416245672054468,0.043075797599311905,0.021376286050383886,58.7451645,0.0,227,CO,2015-02-01,Prior default history,0.00024327846185088873,51.46621412428814,56.45414171772351,50.10271124542612,0.020123757368686036
RM001212,2,51.83402105657505,151013.91,0.0024553033731254696,0.0005821530118327508,0.0462204458400336,0.011147114000660152,31.0,0.0,231,NH,2015-06-01,Absolute lifetime-PD deterioration,0.0003432400436262795,51.25463474432245,56.99012967524297,49.6924361715169,0.022668165099276584
RM000227,2,51.799401078970185,311518.76,0.0016365145907534775,0.0005182119646046666,0.030640027789475055,0.0098002409344069,33.0,0.0,228,CO,2015-03-01,Absolute lifetime-PD deterioration,0.00016628019795331166,51.306331655574695,56.20252893915075,49.96662459523183,0.02
RM001223,2,51.76387724079154,126183.15,0.002258054170752373,0.001167336331062612,0.042403049120943614,0.0221382858088226,40.378608,0.0,230,NY,2015-05-01,Absolute lifetime-PD deterioration,0.00041022812666185256,51.158373827152595,57.14936880589868,49.52780789587109,0.02611904207090918
RM000582,2,51.7150292713103,236757.65,0.002168940893008161,0.0004473437108145803,0.04058885558730485,0.008502367837330715,32.0,0.0,229,NC,2015-04-01,Absolute lifetime-PD deterioration,0.00021843023560721398,51.221630267437526,56.121335336825716,49.880869043017434,0.02
RM000849,2,51.6825031863836,81277.41,0.0030913464713724355,0.0004670135460986437,0.0568864078176623,0.008797476831547524,29.0,0.0,227,IN,2015-02-01,Absolute lifetime-PD deterioration,0.0006358778310773386,51.082348074298466,57.023150183315366,49.46434539999598,0.028581851731166768
RM002047,2,51.61051111115679,163404.44,0.0025463806006757214,0.0007342453165311085,0.04850205192786938,0.014220955833514792,36.0,0.0,234,MI,2015-09-01,Absolute lifetime-PD deterioration,0.00031584521883956635,51.05069885764817,56.59328562048129,49.540696893524554,0.021439265163129415
RM000284,2,51.541536696097154,46707.02,0.011139827440068462,0.0017368339488457083,0.09590520289800597,0.015523347179904556,47.95810089285714,0.0,108,NJ,2015-03-01,Absolute lifetime-PD deterioration,0.001103507282119415,50.82296211308913,57.92109121124164,48.89574939131301,0.024654044978081966
RM002719,2,51.42015175464273,103460.32,0.0035650716823217325,0.0008567127542586869,0.06782839277921138,0.016714639592879887,36.0,0.0,236,WI,2015-11-01,Absolute lifetime-PD deterioration,0.0004970036024887873,50.84043942903182,56.57865732698718,49.2777022818775,0.02264999117704316
RM002690,2,51.374883791959114,308758.41,0.001654456089792387,0.0007804340831364123,0.03204006517182756,0.015237249587053303,18.0,0.0,236,GA,2015-11-01,Relative lifetime-PD deterioration,0.00016639185242584687,50.88348971230845,55.762326348571904,49.54882372639658,0.02
RM001730,2,51.32420926840615,164131.54,0.003100629163568548,0.0010053374161802145,0.058271840513175466,0.01925844046709868,27.0,0.0,232,FL,2015-07-01,Absolute lifetime-PD deterioration,0.0003127016859063538,50.83237898388911,55.71611988095331,49.49614116139479,0.02002992767112195
RM001797,2,51.29285090511914,118215.87,0.0029222482668554415,0.0014511678300053376,0.05523908833965496,0.027803472814519226,69.99623881578947,0.0,233,MI,2015-08-01,Absolute lifetime-PD deterioration,0.0004338914132689557,50.708262655260256,56.49062693016555,49.13516097881595,0.02280794743978022
RM003214,2,51.25958474437764,77461.35,0.005088312287382558,0.0013678254374046921,0.09584159859703234,0.026670922520071194,32.0,0.0,237,TX,2015-12-01,Absolute lifetime-PD deterioration,0.0006617440148458249,50.692599839468045,56.30733489811841,49.162485735062404,0.02200100395570597
RM001326,2,51.25880510609787,95695.65,0.001961235371704358,0.0009474213846938107,0.037085687995033645,0.01808104696650703,61.739129032258056,0.0,231,WA,2015-06-01,Relative lifetime-PD deterioration,0.0005356440455349629,50.637242090768545,56.783740149527105,48.96572060105716,0.03323634733745593
RM000277,2,51.153806467194016,149285.77,0.0032717847564919028,0.0007914411115989186,0.029063625637362867,0.007100461952138315,27.0,0.0,108,PA,2015-03-01,Absolute lifetime-PD deterioration,0.0003426569489321991,50.44898470542702,57.4088134834353,48.560310225668125,0.02636812646418543
RM003326,2,51.137192893725356,87355.2,0.004132350980684104,0.0012675739782551023,0.07884605111080967,0.024842384625929026,20.0,0.0,238,ID,2016-01-01,Absolute lifetime-PD deterioration,0.0005853938047617698,50.56586069100291,56.22389475687774,49.02384676601781,0.02296291379693925
RM000609,2,51.0105111065013,121786.98,0.002813151079025847,0.0006700597880004552,0.05189538881022637,0.012599499388604163,37.0,0.0,227,SC,2015-02-01,Absolute lifetime-PD deterioration,0.00041885028355659445,50.424868964126205,56.22039512993461,48.84708331306798,0.02354603027475901
RM000527,2,50.96076848589015,87004.16,0.002071909648968054,0.0009766420189141788,0.03880690578576995,0.01847391823739042,58.74639863247864,0.0,229,NY,2015-04-01,Absolute lifetime-PD deterioration,0.0005857279523863014,50.343728161157316,56.445992384445276,48.68403837962824,0.034317682406046775
RM002062,2,50.95661122558107,101746.66,0.0028430545091891963,0.0012370727961560086,0.05400549770062979,0.02384886463185165,21.0,0.0,234,PA,2015-09-01,Absolute lifetime-PD deterioration,0.0005008185155717256,50.36994162980409,56.1775261892992,48.7881115475876,0.026213944038726934
RM001433,2,50.94550273585516,215148.19,0.002239774076642312,0.0006520966593261921,0.04224570204107703,0.012478445705547347,39.0,0.0,231,MN,2015-06-01,Absolute lifetime-PD deterioration,0.00023679261599112293,50.446520249372504,55.396191896868686,49.09428606196839,0.020187962805854106
RM001218,2,50.93318364566859,142965.72,0.0035603168993676186,0.00091854590047281,0.06607689543155293,0.0174593418560951,30.0,0.0,230,CO,2015-05-01,Absolute lifetime-PD deterioration,0.00035626151251970465,50.44789640031767,55.26816651963884,49.12842266156378,0.02000557134685214
RM000871,2,50.91660268619482,136118.28,0.0036508944073943583,0.0006064957055479677,0.06798681962831288,0.011610654230164497,31.0,0.0,231,ID,2015-06-01,Absolute lifetime-PD deterioration,0.00037406146100431786,50.423740655233736,55.316013088033685,49.085856401132155,0.020100170221241068
RM001799,2,50.85607124464232,197378.32,0.0025294506989598947,0.0007692421954788148,0.047986173922038855,0.01483079121001818,48.0,0.0,233,TX,2015-08-01,Absolute lifetime-PD deterioration,0.00025765783822986394,50.376377659943266,55.14097585248979,49.07218783559866,0.02
RM000299,2,50.84950075983713,112210.21,0.004035759952340327,0.000673377900966045,0.07364485575883761,0.012661515896053355,32.0,0.0,227,NY,2015-02-01,Absolute lifetime-PD deterioration,0.0004531628695805589,50.30973031655147,55.65678824597596,48.851829446546226,0.020851564554025967
RM002915,2,50.802518596918546,269869.29,0.0018348763419412284,0.0008002270941512508,0.03562214494375737,0.015686477324679537,29.0,0.0,237,FL,2015-12-01,Relative lifetime-PD deterioration,0.00018824860952840745,50.323281399099486,55.08258066613612,49.02084938472395,0.02
RM002930,2,50.79881533898789,154384.57,0.0032221320200983305,0.0008366879101874819,0.0614985774799518,0.016326995706620773,30.0,0.0,236,TX,2015-11-01,Absolute lifetime-PD deterioration,0.0003290407541309853,50.30991489985258,55.1632433009279,48.9825281274934,0.020071315264041358
RM003452,2,50.78861801344691,168953.22,0.0020335236706109996,0.0005892941433476685,0.03924260300730775,0.011525929254947886,36.0,0.0,236,CA,2015-11-01,Absolute lifetime-PD deterioration,0.00030060757654365455,50.21508540539717,55.8913990372868,48.66950318550311,0.02317257106226135
RM001525,2,50.73960029599029,64448.45,0.006002872690367963,0.001194865635895421,0.10943886434913008,0.02275209306002013,24.0,0.0,231,VA,2015-06-01,Absolute lifetime-PD deterioration,0.0007872896911561146,50.16998682283956,55.81148309148862,48.632285534449416,0.022429233252254422
RM000141,2,50.67198382266726,54912.48,0.0034324782383182584,0.001688379991089646,0.0632410353750461,0.031596395017310375,56.45931042253522,0.0,228,TN,2015-03-01,Absolute lifetime-PD deterioration,0.000922777186946706,50.05569804482156,56.15128498657579,48.397507972546926,0.03361939896999562
RM001475,2,50.63293947246116,189323.52,0.002624521629266548,0.000760394879935752,0.049538338858907904,0.01459894651987026,39.0,0.0,232,TX,2015-07-01,Absolute lifetime-PD deterioration,0.00026744135896301295,50.155055619308335,54.90176737653694,48.85572608819968,0.02
RM002165,2,50.50641566164785,87997.18,0.004646574269887277,0.0008823440741601505,0.08681734805574426,0.017066002063279906,31.0,0.0,234,KS,2015-09-01,Absolute lifetime-PD deterioration,0.0005739549342563915,49.95153552969352,55.44631676565333,48.45414426112345,0.021620068636631268
RM003137,2,50.459217874064244,59819.03,0.0033387036878404683,0.0018535932845557266,0.06417652026121845,0.036128264227904605,57.4262688,0.0,238,SC,2016-01-01,Absolute lifetime-PD deterioration,0.0008435311952411171,49.85172258129269,55.86092870627903,48.21680327023602,0.031355301720988604
RM003337,2,50.31072932557593,144653.4,0.0034388713938755754,0.0007501485540028889,0.06604014649490675,0.014773317183880863,34.0,0.0,238,TX,2016-01-01,Absolute lifetime-PD deterioration,0.0003478019135780834,49.836396228874236,54.54834629893128,48.54637855543509,0.02
RM003187,2,50.27859742112883,71450.96,0.005024458359091749,0.001345526094358733,0.09469482934005136,0.02624157967393559,30.0,0.0,237,MI,2015-12-01,Absolute lifetime-PD deterioration,0.0007036798024985084,49.71344707298499,55.30954765863691,48.18859927789034,0.022778473447536758
RM002526,2,50.172474277211386,180778.96,0.0024117305452195092,0.0012821368109972335,0.045802233894518096,0.024603082564432333,62.3375724137931,0.0,233,CO,2015-08-01,Absolute lifetime-PD deterioration,0.0002775349204200057,49.65653284309407,54.76729724826462,48.26315482973176,0.020650423690094528
RM001231,2,50.163559114743876,58141.55,0.005546621056140871,0.001258550036109129,0.10153692334467757,0.023950860999676027,25.0,0.0,231,PA,2015-06-01,Absolute lifetime-PD deterioration,0.0008627833127039763,49.59012410458924,55.268871657594744,48.04250974459284,0.02430104094302911
RM003066,2,50.14760181252448,236067.17,0.0020924004444443185,0.0005469188865415773,0.040691678547603694,0.010791540925064402,31.0,0.0,238,OR,2016-01-01,Absolute lifetime-PD deterioration,0.00021242937682747022,49.67254397328121,54.39023580944526,48.38153931888708,0.02
RM000586,2,50.14702958886074,177279.46,0.001048071571627861,0.0003125265791007214,0.019726635130938974,0.005921332485538944,29.0,0.0,228,MO,2015-03-01,Relative lifetime-PD deterioration,0.0002828699364769091,49.5662593796832,55.314149792968955,48.00120975026787,0.0358549199815784
RM001282,2,50.037756830014466,119616.52,0.0039146778530708744,0.0009378434144262785,0.07242216757279385,0.017823023509860425,32.0,0.0,230,TX,2015-05-01,Absolute lifetime-PD deterioration,0.00041831811216389226,49.51974099539947,54.65341211357241,48.11916871801758,0.020508687297992302
RM001641,2,50.00875008314642,66925.34,0.007666971086782445,0.0010929894327383748,0.1382579156614937,0.0209207458152606,23.0,0.0,232,FL,2015-07-01,Absolute lifetime-PD deterioration,0.0007472319166872581,49.53558387742271,54.239439830122386,48.24637860336397,0.02
RM003416,2,49.96296339732182,353503.34,0.0013727171677815461,0.00046761442586082754,0.02687648341160287,0.009233627676171863,42.0,0.0,238,VA,2016-01-01,Relative lifetime-PD deterioration,0.0001413366091458197,49.49235999586291,54.16558940109215,48.2136134526588,0.02
RM000877,2,49.877980358714495,131983.75,0.0035123035829660388,0.0008604046687300022,0.06521399935961181,0.016362838320646222,33.0,0.0,230,FL,2015-05-01,Absolute lifetime-PD deterioration,0.00037791001057868487,49.365965593015304,54.440567103704375,47.981346810846624,0.020474950095125174
RM001752,2,49.87087779545084,172179.2,0.00149810593651296,0.0004377121302586958,0.028690418498417913,0.008464741720336844,37.0,0.0,233,IN,2015-08-01,Absolute lifetime-PD deterioration,0.00028964519405044764,49.292702558783105,55.01404373841976,47.73523094062331,0.027063674509635996
RM002877,2,49.79729975747618,97568.64,0.005338254821638289,0.0010463854027405032,0.050849024139128285,0.010155678421920777,18.0,0.0,117,OH,2015-12-01,Absolute lifetime-PD deterioration,0.0005103822268863867,49.135988689522634,55.67257109148246,47.35958436122489,0.023710020868901786
RM002851,2,49.74383637580251,208736.72,0.002004833997996251,0.0005907884219660348,0.038699264274330236,0.011554994739186197,23.0,0.0,236,NJ,2015-11-01,Absolute lifetime-PD deterioration,0.00023830898739715038,49.216629861738404,54.43859087424214,47.793093400148564,0.021091697823870003
RM001350,2,49.74328631415426,107317.75,0.004594384071896051,0.000981375027755274,0.08483022625111902,0.01872324612496301,34.0,0.0,231,MI,2015-06-01,Absolute lifetime-PD deterioration,0.0004635140628102458,49.25861692891748,54.069678046039606,47.94289688605246,0.020107637292254506
RM000970,2,49.72769562299522,227188.73,0.0018641770790645505,0.0007555866994849667,0.03513145112994698,0.014383112776512275,25.0,0.0,230,NY,2015-05-01,Absolute lifetime-PD deterioration,0.00021888275718164022,49.19766765985491,54.447137565638094,47.766808177877785,0.02108551571581218
RM000487,2,49.71461585040393,134899.69,0.003629838608705654,0.0008185213968549416,0.06704232499990659,0.015505052385963336,43.0,0.0,229,FL,2015-04-01,Absolute lifetime-PD deterioration,0.000368530245328243,49.24652101799624,53.89715107532952,47.97303046638776,0.02
RM000905,2,49.65611956042682,87237.13,0.005410517436523641,0.0013818150565159371,0.09875950765566277,0.026154978981497323,39.0,0.0,230,TX,2015-05-01,Absolute lifetime-PD deterioration,0.0005692085418264771,49.1595161604058,54.085301440632385,47.81392296840647,0.02031916224084415
RM000274,2,49.627105559257146,307467.13,0.0015953474653634461,0.000543927863755312,0.02988029352030863,0.010284193373015671,32.0,0.0,228,CO,2015-03-01,Relative lifetime-PD deterioration,0.00016140621457408192,49.15340199756764,53.857050001702035,47.866479230997626,0.02
RM002727,2,49.61306336455298,47926.95,0.014567215298987376,0.0022337181366113555,0.06618818310026509,0.010381414733681704,33.10743256578947,0.0,56,AL,2015-11-01,Absolute lifetime-PD deterioration,0.0010351809026978138,48.78014704320259,56.97279860745878,46.56986633711897,0.029620165332593252
RM002387,2,49.59864083349806,383000.24,0.0012691402505401051,0.0005729601237869173,0.024563076341366674,0.011160934193674699,30.0,0.0,235,MA,2015-10-01,Relative lifetime-PD deterioration,0.00012950028656247856,49.12777147049295,53.80310187479443,47.84866683475789,0.02
RM002927,2,49.59467505123688,102857.78,0.004771242953727839,0.0012207394456168446,0.045179960079409054,0.0117382526280011,21.0,0.0,116,CA,2015-11-01,Absolute lifetime-PD deterioration,0.00048216746512744956,48.92835206739696,55.51233245465415,47.139930257553175,0.024771816027998148
RM002725,2,49.56840034925092,221280.14,0.001710604909192154,0.0004984794100370026,0.03311015424115982,0.009757951807454313,37.0,0.0,236,CA,2015-11-01,Absolute lifetime-PD deterioration,0.00022400745204359922,49.02800112457186,54.37784193075179,47.570728197636555,0.021797997199848797
RM000030,2,49.563211872101654,118054.51,0.0037728174034105996,0.0008914791712030285,0.06900753962012507,0.016729811695610275,31.0,0.0,227,TX,2015-02-01,Absolute lifetime-PD deterioration,0.0004198332776282893,49.0374573816596,54.24559277645533,47.61746584037833,0.02080686603988833
RM002189,2,49.538224663557855,144484.45,0.0032901413504120725,0.0008982844319708457,0.06249966418326047,0.017445345932384115,45.0,0.0,235,TX,2015-10-01,Absolute lifetime-PD deterioration,0.00034286198039690675,49.06043550851141,53.80244513184575,47.763902753322434,0.020121995701762173
RM000940,2,49.51239095469334,144109.47,0.0034025776663621026,0.0007090387804439813,0.06323916579566746,0.013502739116264206,41.0,0.0,230,FL,2015-05-01,Absolute lifetime-PD deterioration,0.00034357485982491876,49.04412853264582,53.69583640814052,47.77057845822388,0.020000590530716244
RM000004,2,49.48165151276062,182656.67,0.001626695831488084,0.00048616956995495595,0.030327330011718168,0.00915676315632541,33.0,0.0,227,IN,2015-02-01,Absolute lifetime-PD deterioration,0.0002708997788734494,48.91192843642374,54.550048520441656,47.37694324269736,0.025090966664809467
RM000798,2,49.477603855286326,141637.37,0.0029006088916414367,0.0007685062790915246,0.053925273561875375,0.014564200591236642,30.0,0.0,229,VA,2015-04-01,Absolute lifetime-PD deterioration,0.0003493259148718049,48.93532851771934,54.30423840131639,47.47266155207118,0.021440536364445237
RM002138,2,49.43684430071218,134166.49,0.0036849240637195873,0.0007861077858727982,0.06917230422665632,0.015153606250647211,34.0,0.0,233,IL,2015-08-01,Absolute lifetime-PD deterioration,0.0003684738588652963,48.967501758231826,53.629768573646956,47.69112944597705,0.02
RM003131,2,49.43454027873202,91011.02,0.003491998579001777,0.0008691705067310357,0.06675514041743524,0.017026956577071428,40.0,0.0,237,MS,2015-12-01,Absolute lifetime-PD deterioration,0.000543170928957087,48.868780609202176,54.468100411034136,47.34418862054323,0.023729059763761443
RM000854,2,49.38236622175474,92590.53,0.00442569362860472,0.0006946704036083299,0.0818400655814282,0.013287976996797735,26.0,0.0,231,PA,2015-06-01,Absolute lifetime-PD deterioration,0.0005333414359087775,48.849477554115175,54.127921586035555,47.410462401624386,0.021344624378840278
RM001665,2,49.3540475493777,30739.03,0.005027558391847549,0.0019357538717465373,0.09284742379186406,0.03676786674799204,45.20445588235294,0.0,232,PA,2015-07-01,Absolute lifetime-PD deterioration,0.0016055824646834236,48.75928306416904,54.64506438974459,47.15693411325439,0.03957693073824535
RM003447,2,49.34036665312541,305568.07,0.0014940142956944966,0.0007287004516182488,0.02909712951990251,0.014293937754277342,37.0,0.0,237,ND,2015-12-01,Prior default history,0.0001614709503290884,48.87073215687071,53.530683737451554,47.59708664719323,0.02013328949506889
RM002765,2,49.30260711990858,81088.26,0.003523047101613083,0.0009713383173345407,0.06705490753073062,0.018930789219845257,35.0,0.0,236,OH,2015-11-01,Absolute lifetime-PD deterioration,0.0006080116544603199,48.73037119578827,54.39383849419421,47.188292057518545,0.02534885252367305
RM001935,2,49.294493731422996,222397.91,0.00218725301261667,0.0005111495370230091,0.041624557994543676,0.00987824401827464,36.0,0.0,233,IL,2015-08-01,Absolute lifetime-PD deterioration,0.00022164998642038944,48.826718842877206,53.47220613938606,47.55542459802078,0.02
RM002616,2,49.28685868902195,130980.68,0.003299700980066646,0.000687586795335637,0.06293386817249746,0.013436110100826237,18.0,0.0,236,ID,2015-11-01,Absolute lifetime-PD deterioration,0.0003762910582615845,48.76543846960791,53.93115285332522,47.356805967885734,0.020915849521794264
RM002548,2,49.265229919274375,175641.4,0.002331604299170695,0.0011206379668499025,0.04431301761906126,0.021535971775260565,28.0,0.0,233,DE,2015-08-01,Absolute lifetime-PD deterioration,0.00028048757251578717,48.73670647499574,53.97069271804359,47.31030194621192,0.02123029513365932
RM000335,2,49.24500959936824,150827.53,0.0018286696558178002,0.0004928292233035034,0.03417877632237987,0.009322338412463549,30.0,0.0,228,PA,2015-03-01,Absolute lifetime-PD deterioration,0.000326498813574473,48.67644724015145,54.30344383180554,47.14434410590292,0.02617566343691766
RM000317,2,49.216012233229876,149417.64,0.004940125860821366,0.001019381209506392,0.04319782271003847,0.009052891998408086,26.0,0.0,107,FL,2015-02-01,Absolute lifetime-PD deterioration,0.00032938555469909624,48.594166117351065,54.75114479946867,46.916698002421924,0.020025824014095923
RM001538,2,49.20426955852182,223845.8,0.0017545809255321266,0.0005505098452859659,0.033381801201955996,0.010589651633015396,25.0,0.0,232,NY,2015-07-01,Absolute lifetime-PD deterioration,0.00021981323553321895,48.67213383775593,53.941698250902185,47.23611151069289,0.021584339793896463
RM000562,2,49.20008076772412,109958.45,0.0027681128456463135,0.0012272362749028696,0.05130419263727293,0.023061726898274237,73.56375176056338,0.0,228,SC,2015-03-01,Absolute lifetime-PD deterioration,0.0004474424727496988,48.62292175520659,54.329905381220165,47.07109143293848,0.023890355003310992
RM002557,2,49.173489221273755,156006.12,0.0027227152404170722,0.0009194234431696502,0.05220757521755681,0.017927664549611144,49.0,0.0,236,MN,2015-11-01,Prior default history,0.00031520230886630444,48.6711876988042,53.64774250296237,47.314036499634234,0.02065815504158721
RM001024,2,49.14626770341896,187788.78,0.001803534038687003,0.0006475406986875562,0.03400724550081713,0.012338465987822622,62.377391958041954,0.0,230,NY,2015-05-01,Absolute lifetime-PD deterioration,0.0002617103519359301,48.59257055210657,54.070126626527944,47.10209166180261,0.022601465037867988
RM003431,2,49.12383960070993,90921.97,0.0032860916713378066,0.0008548136296001992,0.06319625660804429,0.016818025063271347,33.0,0.0,238,SC,2016-01-01,Prior default history,0.0005402856933336346,48.5601703381614,54.139400780933194,47.04080688608115,0.024551280609054708
RM003068,2,49.09431027289913,116979.64,0.0030492588455035747,0.001089469632870538,0.05877151679068682,0.021387565186490987,19.0,0.0,238,NJ,2016-01-01,Absolute lifetime-PD deterioration,0.00041968252144474995,48.55096503989478,53.93155363395032,47.08467914870681,0.0225700071541045
RM001117,2,49.01386137223599,138205.21,0.003339968669220806,0.0010140024290344115,0.06211056553383498,0.01925707404807231,14.0,0.0,230,CA,2015-05-01,Absolute lifetime-PD deterioration,0.00035464554029646203,48.50932432488565,53.510374597557224,47.144548645768765,0.020467432928193256
RM001409,2,49.010343232340716,137848.92,0.0031624570286584407,0.0007842458738730663,0.0591520747218196,0.014989182802770395,32.0,0.0,231,IL,2015-06-01,Absolute lifetime-PD deterioration,0.00035553665006835537,48.50010302696488,53.5554112459794,47.12143447571421,0.02070044414638546
RM003086,2,48.95891413941681,159385.57,0.0019372562451483175,0.00048769827534811145,0.03772933743230433,0.00962838926223919,46.0,0.0,238,MS,2016-01-01,Absolute lifetime-PD deterioration,0.00030717281457422283,48.403571444441404,53.89893959987562,46.907627933448865,0.02361261976686721
RM001794,2,48.933077385708096,158576.61,0.002099960955551578,0.0005905015325020498,0.03999531476150553,0.011403440189008074,26.0,0.0,233,NY,2015-08-01,Absolute lifetime-PD deterioration,0.00030857689154603635,48.38330323961325,53.82580874395194,46.90084728367734,0.023297943405656392
RM000462,2,48.90892253354759,237618.24,0.0020021601746320495,0.0005038262887281881,0.037363280194268156,0.009529416364654764,43.0,0.0,228,MN,2015-03-01,Absolute lifetime-PD deterioration,0.00020582983248065297,48.447794621721044,53.02782281891239,47.194192383468774,0.02
RM000060,2,48.907312023482746,122067.88,0.00405947530004703,0.0007640760523889835,0.07406202784640159,0.014355263086655135,35.0,0.0,227,NC,2015-02-01,Absolute lifetime-PD deterioration,0.00040065668399813894,48.439468704183234,53.08684085629409,47.16717483847209,0.02
RM002182,2,48.84690869655218,152247.97,0.003065711620004312,0.001057600244486505,0.058357011100571676,0.020509066611551496,35.0,0.0,235,TX,2015-10-01,Absolute lifetime-PD deterioration,0.0003208378324949238,48.356345816445575,53.22025609398114,47.02844269721509,0.020281416722905392
RM000369,2,48.84381704540533,381059.41,0.0012861799140291448,0.00042394039616000214,0.024156591267018412,0.008024208179328807,25.0,0.0,228,CA,2015-03-01,Relative lifetime-PD deterioration,0.00012817900769175424,48.37252881135438,53.05110697196635,47.092901500164736,0.02
RM001052,2,48.81811261676948,98577.19,0.003751637670446946,0.0006328051192514272,0.06950782309910075,0.012059300690699715,16.0,0.0,230,NJ,2015-05-01,Absolute lifetime-PD deterioration,0.0004952272692777049,48.27860809510745,53.62199325649608,46.82212653516996,0.022332402131532904
RM000471,2,48.78463464261613,95455.61,0.006951668711956178,0.001582498598465405,0.06139901467635889,0.014282767522827977,27.0,0.0,109,MN,2015-04-01,Absolute lifetime-PD deterioration,0.0005110714251641798,48.14641361168927,54.45780382496395,46.42998378498726,0.020831123455329913
RM003406,2,48.78163870046606,114091.21,0.002865672294227727,0.0008226713162056832,0.055327928679897,0.016190530862004948,32.0,0.0,238,NJ,2016-01-01,Absolute lifetime-PD deterioration,0.00042756702028548966,48.23139738032508,53.678122490923585,46.74795523561399,0.0232689658489732
RM000581,2,48.74707816560418,206181.42,0.0023396033513557735,0.0005764098238060435,0.04371542809324469,0.010942680711526376,36.0,0.0,229,FL,2015-04-01,Absolute lifetime-PD deterioration,0.00023642808438124142,48.28355059738764,52.8870577513051,47.023664395877866,0.02
RM001265,2,48.70263001451356,177862.29,0.0025084195868466386,0.0006973495913204303,0.0469981585477659,0.013281541193024604,38.0,0.0,230,MN,2015-05-01,Absolute lifetime-PD deterioration,0.0002738221239280882,48.21118546471548,53.08241241059951,46.88185776862897,0.020411421645975876
RM002045,2,48.648737901530346,62605.83,0.006513400797667828,0.0011500101173002482,0.11964210762058347,0.022188239876002824,33.0,0.0,234,IL,2015-09-01,Absolute lifetime-PD deterioration,0.0007770640194616115,48.12344562407847,53.32757924733274,46.70431299414853,0.02130808375948887
RM000388,2,48.57863768702008,235467.46,0.0017392133028339817,0.0006920969436460602,0.03267319491808618,0.013125192690479959,47.57526685421994,0.0,229,SC,2015-04-01,Relative lifetime-PD deterioration,0.00020630722260740435,48.067284888891486,53.131088068562214,46.687316884291775,0.0209329694322031
RM001397,2,48.56209713938318,305163.08,0.001514661912086935,0.0007650255415544645,0.028880416546413157,0.014687229039517469,35.0,0.0,232,OR,2015-07-01,Prior default history,0.00015913490301442486,48.11166937089906,52.5851864537166,46.88731460739636,0.02
RM000678,2,48.51148007073329,62159.21,0.008048064693562252,0.0014426405253516,0.14290392793882656,0.027174220072147204,34.0,0.0,229,TX,2015-04-01,Absolute lifetime-PD deterioration,0.0007804391347755754,48.049392487926035,52.64263055701029,46.79069827769827,0.020016307081592095
RM002247,2,48.47646939257702,79700.0,0.004588011725907792,0.001077711760158975,0.08611936168233514,0.020895175812520983,17.0,0.0,235,CA,2015-10-01,Absolute lifetime-PD deterioration,0.0006082367552393604,47.93988407967559,53.25468641042965,46.49106081470959,0.022357520273566182
RM001691,2,48.33697247077808,184152.36,0.0023560466433934675,0.0007710433338153951,0.04457974602210857,0.014801945685402607,37.0,0.0,232,TX,2015-07-01,Absolute lifetime-PD deterioration,0.0002624835895167354,47.83952168390513,52.76833377837698,46.49526321280464,0.020574788506391026
RM001910,2,48.310174057531256,91320.47,0.0038670985928643646,0.0013775921968817446,0.07247146782860658,0.026411636600091715,22.0,0.0,233,MT,2015-08-01,Absolute lifetime-PD deterioration,0.0005290180181675725,47.77228585099027,53.09880680137577,46.32074554780418,0.0225865979849964
RM001833,2,48.26060395054866,148867.06,0.002202693789755598,0.0010850079857860232,0.04191247583398949,0.020858073162402957,74.43352999999999,0.0,233,MA,2015-08-01,Absolute lifetime-PD deterioration,0.0003241859142683994,47.71055766421049,53.15036497312204,46.23100805203536,0.02269750894733367
RM001355,2,48.175239515902526,154392.62,0.00346709050330045,0.0009140299931180414,0.031895979264112806,0.008498529334760696,25.0,0.0,112,CA,2015-07-01,Absolute lifetime-PD deterioration,0.00031203071439491424,47.52667380431944,53.93371739412494,45.786909241857614,0.023115721505255756
RM000348,2,48.17038359927483,20328.86,0.025372051181547933,0.0030796444352320157,0.0976906765532729,0.012261789223869335,11.0,0.0,48,AL,2015-03-01,Prior default history,0.0023695565614242427,47.39258344249317,55.06574637743054,45.31327911820237,0.04247076073529574
RM002420,2,48.09819821312635,122415.7,0.0038000112516760848,0.0006771243175961284,0.0718469532576449,0.01317725239271983,30.0,0.0,235,CA,2015-10-01,Absolute lifetime-PD deterioration,0.0003929087381204074,47.62900131249862,52.28499706730359,46.35628183261083,0.020150179696220016
RM000837,2,48.09754988887104,230086.08,0.0020944333178793476,0.0008607551024608179,0.039052944347359175,0.01622826899951635,20.0,0.0,228,CA,2015-03-01,Absolute lifetime-PD deterioration,0.00020904154605472458,47.62999935064192,52.270839526920554,46.36094789519261,0.02003481387592646
RM002680,2,48.017949816202496,183143.0,0.002111136160792115,0.0006094283700683247,0.040711004956179075,0.011917495581931004,39.0,0.0,236,DE,2015-11-01,Absolute lifetime-PD deterioration,0.000262188289021161,47.49993968705626,52.62846123654234,46.10282099874269,0.021362975816152777
RM001088,2,47.97002431621975,145052.48,0.0028425713604369462,0.0005716945760383872,0.05332309217164388,0.010947898317973825,19.0,0.0,231,MT,2015-06-01,Absolute lifetime-PD deterioration,0.0003307080603945534,47.45672330452484,52.54103948072816,46.07067393442644,0.02110230256634145
RM002397,2,47.96147874240074,129386.5,0.002752231496791778,0.000846248998716781,0.0523239021694516,0.016373317634910012,46.0,0.0,234,WV,2015-09-01,Absolute lifetime-PD deterioration,0.00037068379423201605,47.42993261502138,52.69081705468054,45.99741953405765,0.022050320626054304
RM001790,2,47.9354329214776,141705.78,0.003371327498918345,0.0006878352584182414,0.06346701331909699,0.013271213696382955,30.0,0.0,233,IL,2015-08-01,Prior default history,0.0003382743662359969,47.48033205169211,52.00087508737896,46.242860298035744,0.02
RM000876,2,47.93167144053922,123952.55,0.010397408939742786,0.0015622439407422639,0.042614676554706965,0.006493266690619226,20.0,0.0,50,MN,2015-05-01,Absolute lifetime-PD deterioration,0.0003866937101377843,47.13064483148931,55.01072256173248,45.00424838429808,0.02
RM001410,2,47.91266555104454,166859.08,0.002416302053928894,0.0007824566264230148,0.04550235295685323,0.014955228879399929,33.0,0.0,231,IL,2015-06-01,Absolute lifetime-PD deterioration,0.00028714449073460397,47.401544138293715,52.46323488727964,46.02207977855721,0.02109542468367695
RM002715,2,47.88035195971341,88472.44,0.005395977883680963,0.0010990211224136846,0.10094246307969845,0.021393803311716586,38.0,0.0,236,MN,2015-11-01,Absolute lifetime-PD deterioration,0.0005411894592227071,47.43068686574874,51.899432217823104,46.20651302593402,0.020002642160276366
RM002864,2,47.86422049612455,248347.76,0.0018913018363288308,0.0005157927246225639,0.03654627591139359,0.010095238083286162,34.0,0.0,236,OR,2015-11-01,Absolute lifetime-PD deterioration,0.00019273063101565542,47.411171362630945,51.910263652183616,46.18000133850879,0.02
RM001093,2,47.800673768982534,133099.23,0.002797076580848179,0.0005726218941224582,0.052491307006623855,0.010965563711277326,20.0,0.0,231,ID,2015-06-01,Absolute lifetime-PD deterioration,0.00035913561460109523,47.27341447442729,52.49438029736858,45.8507602434427,0.022013801984523223
RM000139,2,47.73796833319592,180430.79,0.0010202623229128513,0.0004795900170897649,0.019124574255598215,0.00903337236651236,60.14359666666667,0.0,227,PA,2015-02-01,Relative lifetime-PD deterioration,0.00026457772718944435,47.1647552563455,52.83337731171618,45.62309162425745,0.03235747571358098
RM002997,2,47.73430636327245,310020.36,0.0014481310231501793,0.0004459695336549837,0.028215606409709215,0.008771169769223652,30.0,0.0,237,CA,2015-12-01,Relative lifetime-PD deterioration,0.00015397152097775918,47.26375427422471,51.93003077441303,45.98949689484075,0.020217496997632606
RM000992,2,47.70424877868928,231714.29,0.002008944498540891,0.00040842648527977316,0.037810149895183054,0.007799200522895178,39.0,0.0,230,MN,2015-05-01,Absolute lifetime-PD deterioration,0.0002058752991828397,47.25378297338337,51.72771582590476,46.02929916586872,0.02
RM000746,2,47.68236455068001,140910.58,0.0022895416318657563,0.0006112598796354023,0.042799288890696174,0.01160063035934844,35.0,0.0,229,CA,2015-04-01,Absolute lifetime-PD deterioration,0.00033838739823993354,47.13975381174649,52.50979596535971,45.67765953250494,0.023350560626541464
RM000038,2,47.59736164980578,200585.49,0.0011823235442029948,0.00041295933983503106,0.0221303035215088,0.007782982124220794,47.0,0.0,227,PA,2015-02-01,Relative lifetime-PD deterioration,0.0002372921473522625,47.03681820330745,52.581844454553114,45.52808425009807,0.02776684496928251
RM002606,2,47.57225070459295,63152.1,0.006739364222976717,0.0015979475051816066,0.12452568657263674,0.030961984816400223,17.0,0.0,236,FL,2015-11-01,Absolute lifetime-PD deterioration,0.0007532964177690521,47.06358907488045,52.10473240909179,45.68818998419888,0.020999935545672168
RM001867,2,47.55758416875697,167597.54,0.004022274171879425,0.001189775494665047,0.03724161284776817,0.01114778722205323,33.0,0.0,113,TX,2015-08-01,Absolute lifetime-PD deterioration,0.00028376063377038213,46.96684528236907,52.815662729609755,45.37340190678684,0.020110299886948627
RM000478,2,47.53119732322232,133938.17,0.0035363541605566355,0.0007159641328563039,0.06509449128100608,0.013516017743956055,40.0,0.0,228,TX,2015-03-01,Absolute lifetime-PD deterioration,0.0003548741730846578,47.080095178596935,51.5612899503325,45.853245763739885,0.02
RM000296,2,47.50324263825571,139967.28,0.002773983682267535,0.0007812660387805861,0.05141030388208501,0.014740140977239746,33.0,0.0,228,IL,2015-03-01,Absolute lifetime-PD deterioration,0.0003393881958573155,46.983297223395134,52.130958161202535,45.58097291918856,0.021488341939400427
RM001748,2,47.50283405803901,99594.84,0.004741440275835719,0.0008001833443245094,0.08851302350235912,0.015488619610569021,30.0,0.0,234,AR,2015-09-01,Absolute lifetime-PD deterioration,0.00047696079493715746,47.04518383769136,51.589536516292746,45.80180162752865,0.02006856523916975
RM002866,2,47.48496873899671,55673.03,0.007381250454608411,0.0009596151505858428,0.13611910867639643,0.01878286020227593,15.0,0.0,237,PA,2015-12-01,Absolute lifetime-PD deterioration,0.0008529258913875662,46.98238102259154,51.96482895606501,45.622392421939466,0.02110236805828391
RM003253,2,47.476764438689905,206973.07,0.0017994751242330932,0.0005320602264620128,0.035091248169844325,0.010499824038829986,30.0,0.0,238,CA,2016-01-01,Absolute lifetime-PD deterioration,0.0002293861923132797,46.96497941144478,52.03264249765066,45.58412873635085,0.021566239460920303
RM002105,2,47.40993847593387,97007.18,0.004052707070335099,0.001426648535883526,0.07613411140746729,0.027455561845308285,23.0,0.0,234,IL,2015-09-01,Absolute lifetime-PD deterioration,0.0004887260765227262,46.89671017083356,51.98006833100841,45.51101769215322,0.021381808507663785
RM000169,2,47.36897141458112,96286.82,0.0047174884483285155,0.001116543604160286,0.08592656618853389,0.02100249078033034,27.0,0.0,228,OR,2015-03-01,Absolute lifetime-PD deterioration,0.0004919569616545766,46.88589215100216,51.67569550941311,45.578183747370225,0.02037607693821899
RM000954,2,47.183192088665436,77883.82,0.004658600941377746,0.0011903245322859135,0.08561034726677064,0.02256955208436573,29.0,0.0,230,MI,2015-05-01,Absolute lifetime-PD deterioration,0.0006058150728696336,46.65948926244786,51.84541035592093,45.246315193288744,0.022088636524635087
RM002953,2,47.174544980602136,90911.59,0.002978986183670665,0.0012313923123567533,0.05698601534954828,0.023941059898271333,27.0,0.0,236,NY,2015-11-01,Absolute lifetime-PD deterioration,0.0005189057300681039,46.6337000764959,51.98762788200018,45.17544479351399,0.025509286052856697
RM000010,2,47.11746770731775,93334.81,0.004237653232897939,0.0006567540307431328,0.07719063566037354,0.012350773807913495,29.0,0.0,227,WA,2015-02-01,Absolute lifetime-PD deterioration,0.0005048220241442368,46.60636407471554,51.66831387925655,45.22665395447745,0.021316103227130543
RM002221,2,47.10319617324405,89452.25,0.003580781433554105,0.0006964209795661269,0.06756007361712013,0.013493081207272661,37.0,0.0,234,PA,2015-09-01,Absolute lifetime-PD deterioration,0.0005265736320019234,46.566956309716055,51.87446307395107,45.12168097624609,0.02321710584300898
RM001361,2,47.08392913120281,143226.52,0.0023494239118331387,0.0005840134738438876,0.044457118151278174,0.011230685145405483,41.0,0.0,232,WI,2015-07-01,Absolute lifetime-PD deterioration,0.00032873750707063755,46.55646314377393,51.77673425493102,45.135101858582196,0.022512855384936387
RM001430,2,47.00098326097307,89881.21,0.004776612597456337,0.0008945576920212566,0.08768604006802527,0.01700708125359418,32.0,0.0,230,OH,2015-05-01,Absolute lifetime-PD deterioration,0.0005229233480609915,46.51184737796208,51.359281223898876,45.189378437518975,0.020637209513995187
RM000860,2,46.99291392221129,265617.61,0.0017880920796881322,0.0006920919731366265,0.03372078295102365,0.013182034429192413,13.0,0.0,230,FL,2015-05-01,Absolute lifetime-PD deterioration,0.00017691942157830307,46.538383348475136,51.05075705026655,45.30415304935657,0.02
RM000473,2,46.95342181669845,72743.18,0.004724492555572688,0.0008210752946310622,0.08604877811667344,0.015485683067532396,19.0,0.0,228,ME,2015-03-01,Absolute lifetime-PD deterioration,0.0006454683699103951,46.4271516434119,51.63921675708409,45.00656298491711,0.02279997572555209
RM003124,2,46.93551589774424,64608.28,0.005091599180481488,0.0014849070926612558,0.0962850988752938,0.029042464845440152,32.0,0.0,238,OK,2016-01-01,Absolute lifetime-PD deterioration,0.0007264628604529363,46.405571108968495,51.65274168476091,44.97593227397023,0.022951638332777722
RM000535,2,46.9138807813908,126871.09,0.0037219556118677976,0.0007901511042563807,0.06839752769236873,0.014906585573319142,32.0,0.0,228,CO,2015-03-01,Absolute lifetime-PD deterioration,0.0003697759732448961,46.46606060719476,50.91437841628888,45.24832221807374,0.02
RM002355,2,46.90605124308394,260304.39,0.0015933341999939893,0.0007140456141777899,0.030745131440537032,0.013891005151107527,25.0,0.0,235,NY,2015-10-01,Relative lifetime-PD deterioration,0.000180196927309155,46.41695285766985,51.262180413276056,45.09582384249038,0.020734002664275848
RM000368,2,46.89598616767459,177998.26,0.001995059104390051,0.0005001861649448524,0.037393343315077265,0.009502173610720588,32.0,0.0,229,CA,2015-04-01,Absolute lifetime-PD deterioration,0.0002634631718741216,46.37926372164246,51.49469551777984,44.985848322108446,0.022044469141596156
RM000816,2,46.77874817053643,263540.41,0.0015060661185411258,0.0007450960580687359,0.020879754590865662,0.010380974774454765,41.2204231025641,0.0,168,NY,2015-03-01,Relative lifetime-PD deterioration,0.0001775012347083183,46.21752997190228,51.76812719084346,44.70772505628957,0.022757790180799785
RM001930,2,46.7321728110859,173186.51,0.0025914413806277506,0.0005909921094323203,0.04913431628670806,0.011412862457065076,41.0,0.0,233,SC,2015-08-01,Absolute lifetime-PD deterioration,0.0002698372570189555,46.276146298219444,50.800560964978764,45.03975091491844,0.020147567050373297
RM002991,2,46.66185676759889,105127.27,0.0032875398821308,0.0011429430693445724,0.06296615365290614,0.02233288036380443,20.0,0.0,237,CA,2015-12-01,Absolute lifetime-PD deterioration,0.00044386063452041404,46.14495225882074,51.26356751465005,44.75011357115923,0.022407964063138976
RM002643,2,46.59031044542249,109745.72,0.002647494887323212,0.0006853834401062093,0.050590938336186886,0.013336958122235565,28.0,0.0,235,RI,2015-10-01,Absolute lifetime-PD deterioration,0.000424529634918086,46.05960068317829,51.31295124564563,44.62883941387313,0.024324377447981167
RM000009,2,46.535426459981174,176226.43,0.002270326681537872,0.0004757670856577472,0.0422660445040709,0.009000972193989099,41.0,0.0,228,CT,2015-03-01,Prior default history,0.00026406610211635777,46.04665710130644,50.88742740015116,44.72722541959668,0.020865855916351532
RM000193,2,46.479260562442036,84069.8,0.004945062642797183,0.00093154124628356,0.08988950934993511,0.017551675557275104,37.0,0.0,228,WV,2015-03-01,Absolute lifetime-PD deterioration,0.0005528651259125398,45.99296686799973,50.811661309891306,44.67856895587685,0.020742247383524752
RM000310,2,46.47364737326584,117792.26,0.0035426453443400817,0.0008251982532505299,0.0649301321009903,0.015495140107719574,21.0,0.0,227,AZ,2015-02-01,Absolute lifetime-PD deterioration,0.0003945390586212188,45.97966348993401,50.87336995465015,44.64528333576463,0.020850728095468
RM000396,2,46.44467287388063,70518.82,0.0038018947250783534,0.0007784926509219401,0.06981674666384508,0.014688181439210801,26.0,0.0,228,IN,2015-03-01,Absolute lifetime-PD deterioration,0.0006586138689484683,45.90819734454256,51.21913077798072,44.461548223210336,0.025807787909467042
RM001821,2,46.40030528127091,93005.14,0.0036893955444157146,0.0009901209311797598,0.06925341539962782,0.01905057161343693,34.0,0.0,233,FL,2015-08-01,Absolute lifetime-PD deterioration,0.0004989004401398773,45.87260367673786,51.095473011007996,44.45042767089772,0.022589706102490194
RM002804,2,46.36583381169444,113965.24,0.003772674753171365,0.0008885877169163026,0.07164051802944071,0.01733138075063534,19.0,0.0,236,FL,2015-11-01,Absolute lifetime-PD deterioration,0.00040684189154249523,45.88701027194277,50.63264797052516,44.59215179489721,0.02053484371327947
RM001900,2,46.259132929668255,152003.43,0.002644975674967893,0.0009280937849717616,0.05012477917633806,0.01786730767320399,43.0,0.0,233,OK,2015-08-01,Absolute lifetime-PD deterioration,0.0003043295334168989,45.771154207471646,50.60386120326556,44.45401403206476,0.02083822960256362
RM002161,2,46.18704827584949,59957.12,0.0059828161153568805,0.001824527986646614,0.11042842171048484,0.0349841877930851,13.0,0.0,234,CA,2015-09-01,Absolute lifetime-PD deterioration,0.0007703346704419674,45.676391593446,50.73573514111443,44.29665915455281,0.02224262343606597
RM001050,2,46.14789291083726,137616.92,0.003187890238709875,0.0005215204652065366,0.059614057568431966,0.009991636300487161,30.0,0.0,231,TN,2015-06-01,Absolute lifetime-PD deterioration,0.00033533589409527007,45.68729665320923,50.25495920727309,44.43992272617016,0.020268972876341017
RM001005,2,46.12974985976376,97525.01,0.004652888354807705,0.0011263907313919129,0.04185007154324216,0.010277885692324351,30.0,0.0,110,IL,2015-05-01,Prior default history,0.00047300430791818185,45.52836432800209,51.4728000820595,43.91281364974457,0.02383379181825851
RM001166,2,46.08640452715696,103583.2,0.0032371143030344,0.0005866475597314972,0.06050757975802701,0.0112327159214759,35.0,0.0,231,PA,2015-06-01,Absolute lifetime-PD deterioration,0.0004449216139987658,45.572515363844694,50.659682409890834,44.18688606914564,0.02240897352184243
RM000249,2,46.0280940013884,315144.83,0.0014686038304219295,0.00048683501889654516,0.027418603534684394,0.009169241958532526,24.0,0.0,227,CA,2015-02-01,Relative lifetime-PD deterioration,0.0001460537810548515,45.58360329594875,49.99628674312123,44.37664802933859,0.02
RM001942,2,46.00150490075358,175450.73,0.002597031121508733,0.000742624437135185,0.04923778046733873,0.014321111057691294,30.0,0.0,233,OR,2015-08-01,Absolute lifetime-PD deterioration,0.00026219044458095775,45.5554821305407,49.98247909187748,44.34497165574392,0.02006213200531671
RM000225,2,45.99350375528708,217545.03,0.0020229002727068343,0.0005285054413148473,0.037743308550168386,0.009993982749635477,29.0,0.0,228,CA,2015-03-01,Absolute lifetime-PD deterioration,0.00021142061372437273,45.53145254017841,50.112554854376874,44.280805870357355,0.02026122654830049
RM002628,2,45.95086634880051,105999.55,0.004104752280939234,0.0008430628562460894,0.07770756527713474,0.01645041858868157,38.0,0.0,236,IL,2015-11-01,Absolute lifetime-PD deterioration,0.0004335005794722761,45.50243106242312,49.95185281332407,44.28639952836298,0.020204886444110476
RM002859,2,45.84304056320076,151676.3,0.00280500620299154,0.0007770596633229886,0.053965948372175165,0.015235639335014484,32.0,0.0,237,FL,2015-12-01,Absolute lifetime-PD deterioration,0.0003022426085235516,45.37902819049957,49.978391042386704,44.12387232909163,0.020391449446687176
RM001216,2,45.77760047854311,314201.3,0.0014437963199048869,0.0005665295231973532,0.027312829689510543,0.010802785762054623,31.0,0.0,230,OR,2015-05-01,Relative lifetime-PD deterioration,0.00014569513391110447,45.33990147015613,49.68571709579946,44.151012283951204,0.02
RM002676,2,45.77657932544349,181603.06,0.0021029924985356387,0.0005018507507612843,0.04055702972076747,0.009823638536454515,23.0,0.0,236,UT,2015-11-01,Absolute lifetime-PD deterioration,0.00025206942727420723,45.28934806902125,50.11512742783342,43.97390483930458,0.021162312332342184
RM001792,2,45.72279149850063,65620.24,0.0061855655110848356,0.0009807021168606975,0.11350168593934973,0.018870980248715363,27.0,0.0,233,TN,2015-08-01,Absolute lifetime-PD deterioration,0.0006967787910940378,45.24065852999054,50.018833397660686,43.937027873034204,0.020875245721539766
RM003402,2,45.691916426578686,59757.78,0.0038239381390276347,0.002053452134124856,0.07317157511580752,0.03994881022549468,58.97149342105263,0.0,238,TX,2016-01-01,Absolute lifetime-PD deterioration,0.000764618706159745,45.14588289878842,50.547039519068846,43.676428768335285,0.027007333095918264
RM001530,2,45.667885965341746,114100.15,0.0039739050475294255,0.000980955274486228,0.07409338003615684,0.01879556179804076,46.0,0.0,232,MN,2015-07-01,Absolute lifetime-PD deterioration,0.0004002438731705589,45.23674439493541,49.52011542890491,44.06386914248853,0.020002965420819238
RM002335,2,45.656550788356576,112657.65,0.0036229644785316134,0.0014111920393986806,0.06832952510597678,0.027161974497675656,27.0,0.0,234,TX,2015-09-01,Prior default history,0.0004052680913223077,45.18165008563127,49.887316128796506,43.89813730401923,0.020691557968634103
RM001136,2,45.649627210268534,292484.17,0.0015527063718346586,0.0005769918162540237,0.029344180958991606,0.01100124036244765,30.0,0.0,230,CA,2015-05-01,Relative lifetime-PD deterioration,0.00015607554832888405,45.212400041614586,49.55353548142339,44.02478936951059,0.02
RM001099,2,45.54983460356522,133611.39,0.0022086531807634273,0.0004973029672102905,0.041670481537383064,0.009529764499541016,29.0,0.0,231,WA,2015-06-01,Absolute lifetime-PD deterioration,0.00034091281142696904,45.03175104800827,50.15974014456636,43.635284512736334,0.02391125263790337
RM002762,2,45.48443610328333,194999.57,0.0021863141481771767,0.0007058830786292825,0.04230600771324433,0.013849317004471007,31.0,0.0,237,FL,2015-12-01,Absolute lifetime-PD deterioration,0.0002332540328334228,45.029595358186604,49.53894649785232,43.7986419819889,0.0202973774229845
RM002505,2,45.47678077272498,75432.49,0.005469519457535485,0.0011171588692731383,0.1018385327528637,0.021652078311146683,27.0,0.0,235,VA,2015-10-01,Absolute lifetime-PD deterioration,0.000602880546203963,45.00482427663788,49.68274837212194,43.72830248077079,0.02066502034097216
RM002756,2,45.44404245558453,134390.71,0.002329945930969739,0.00048819670729846045,0.04483935190153554,0.009557579525697468,21.0,0.0,236,TX,2015-11-01,Absolute lifetime-PD deterioration,0.00033814868941152654,45.06546833402438,48.842032235232345,44.02516878443316,0.02
RM002001,2,45.33240570502603,102587.24,0.003075389018147039,0.0006661775954791825,0.058052570903917466,0.012855906398048234,25.0,0.0,233,ID,2015-08-01,Prior default history,0.000441891269372546,44.820352038535866,49.889518823862694,43.4395571662634,0.023154014654437442
RM000760,2,45.19476965002763,241341.14,0.0018241140713398671,0.0005274490132381413,0.03424197164275433,0.010017626725160822,37.0,0.0,229,MN,2015-04-01,Absolute lifetime-PD deterioration,0.00018726508729521881,44.766229371026654,49.02179768559288,43.601753134126476,0.020010718073629054
RM003107,2,45.192053851618155,165439.64,0.0020285785923587086,0.0006206982111852545,0.03931155291758104,0.012187716506893986,39.0,0.0,237,OH,2015-12-01,Absolute lifetime-PD deterioration,0.00027316339573525515,44.69619222289198,49.60463429404543,43.35934994601687,0.02198868862539714
RM003382,2,45.173347345647315,161948.22,0.0026927960356977615,0.0006494910532133466,0.05207430250245293,0.012803091678152079,43.0,0.0,238,OK,2016-01-01,Absolute lifetime-PD deterioration,0.0002789369796447736,44.752171367591274,48.93625286311146,43.606596730276294,0.02
RM003075,2,45.124411901574234,168749.47,0.0023888537995290244,0.0008617065838155851,0.046328126346560805,0.01695254238101107,27.0,0.0,238,MI,2016-01-01,Absolute lifetime-PD deterioration,0.00026740476222873017,44.6604479954268,49.25773713560353,43.40649883219009,0.020595975507760298
RM003205,2,45.01092085052448,114873.45,0.0025272818348395744,0.0006721185844353272,0.048949265471894376,0.013246318707538451,26.0,0.0,238,TN,2016-01-01,Absolute lifetime-PD deterioration,0.0003918304956499912,44.50347047034928,49.527121484521196,43.13505141763968,0.023783243093987355
RM002672,2,45.00768820503653,112761.64,0.0034424573463639244,0.0007922145047161823,0.06556990473660063,0.015465554094101441,27.0,0.0,236,OR,2015-11-01,Absolute lifetime-PD deterioration,0.0003991400639883965,44.525030225103635,49.30526124465807,43.22210443258597,0.021055590404245126
RM001266,2,44.994583873965595,181451.62,0.002420171673713317,0.0005958117690262397,0.04557362335339876,0.011407233161361163,42.0,0.0,231,GA,2015-06-01,Absolute lifetime-PD deterioration,0.00024797014142924486,44.57080419139885,48.78014213583671,43.418559075996875,0.02
RM003361,2,44.93371830099464,61195.74,0.005109977230114126,0.0012737263216271153,0.09700172249119088,0.02506507372419209,29.0,0.0,239,MI,2016-02-01,Absolute lifetime-PD deterioration,0.0007342621937571904,44.42579577019176,49.455115477346844,43.05543212850397,0.023082336301024905
RM003125,2,44.907618635269515,112656.88,0.0034326071052512078,0.0009020035035501077,0.06592370240722267,0.017738594800723706,33.0,0.0,238,FL,2016-01-01,Absolute lifetime-PD deterioration,0.0003986229570290737,44.43386805352264,49.126527653664276,43.15455070073998,0.020908893757611867
RM000580,2,44.89489342450663,172843.91,0.0025561441658081396,0.000769060427526441,0.04746546643129068,0.014511448909330982,41.0,0.0,228,TX,2015-03-01,Absolute lifetime-PD deterioration,0.0002597424081907579,44.467431545440284,48.71251893018748,43.30573174250973,0.020016875166991084
RM000161,2,44.81708764090486,46297.84,0.0038030803366306365,0.0013773996216687714,0.0695423812771897,0.025736785059310208,50.051718918918915,0.0,227,MI,2015-02-01,Absolute lifetime-PD deterioration,0.0009680168154908493,44.27972197541074,49.59641957879253,42.83273007747388,0.032189549491362386
RM000847,2,44.806313009464475,308494.02,0.0014138043550682815,0.0005483614098919521,0.026637970113648768,0.010412840866333872,35.0,0.0,229,MA,2015-04-01,Relative lifetime-PD deterioration,0.00014524207960162232,44.38054335288404,48.6081394201492,43.22390555048738,0.02001196116964176
RM000159,2,44.64782509025464,179084.84,0.0036441384427628744,0.0012629592198696205,0.03202877418079131,0.011205251925629267,17.0,0.0,107,CA,2015-02-01,Absolute lifetime-PD deterioration,0.0002493110253791144,44.067977841312974,49.802315749515564,42.50839783068371,0.020310225073082937
RM002311,2,44.644537995984805,59445.09,0.0038257892664755994,0.0009098663359580244,0.0723171771921094,0.0176683777434401,30.0,0.0,235,KS,2015-10-01,Absolute lifetime-PD deterioration,0.0007510214551947824,44.12375383828059,49.27870383499349,42.71985247111485,0.027634981212100878
RM002670,2,44.61223989541227,70631.41,0.005506622913021363,0.0010440330923307138,0.10290740210461591,0.02033379910011157,35.0,0.0,236,OH,2015-11-01,Absolute lifetime-PD deterioration,0.0006316204064935455,44.145499479436666,48.77062934938175,42.88382413528337,0.020847757652582573
RM002689,2,44.58327187399646,41752.24,0.014219160583320681,0.0034571741435575403,0.12928317894420072,0.0329230897601418,20.0,0.0,116,TX,2015-11-01,Absolute lifetime-PD deterioration,0.0010678055087342969,44.01669714593344,49.62822695222854,42.48711168245877,0.02090985108922204
RM000476,2,44.48372572637635,92688.59,0.00430572934528622,0.0011069004637041153,0.07904589312039201,0.02091326989809128,27.0,0.0,229,VA,2015-04-01,Absolute lifetime-PD deterioration,0.0004799266633182828,44.017462423504405,48.63759875125166,42.757256109917186,0.02074808854355257
RM002415,2,44.48026491184403,128436.03,0.003408662098408533,0.0007813763537796883,0.063881654724955,0.014998893594515228,37.0,0.0,232,IL,2015-07-01,Absolute lifetime-PD deterioration,0.0003463223280246519,44.049002033318295,48.329670845470766,42.878434562399434,0.020087699445683657
RM000635,2,44.442497836466735,188374.8,0.0025300139301756923,0.0006244717798605584,0.02274736704816216,0.005657990102962418,60.10819829059829,0.0,109,FL,2015-04-01,Relative lifetime-PD deterioration,0.00023592591915939253,43.833124996451815,49.8473612072989,42.2022947051926,0.022995304797671704
RM001862,2,44.42456356309569,215205.47,0.0020652189607542285,0.0007825785333680767,0.03934614994364882,0.015086063060786525,16.0,0.0,233,CA,2015-08-01,Absolute lifetime-PD deterioration,0.00020642859850679302,43.989901174963045,48.30315909652433,42.810885560819976,0.02006035722250001
RM003463,2,44.38646728015765,187235.69,0.002040827707522695,0.0007362878911125939,0.039707905000957666,0.014502236537112356,46.0,0.0,238,TX,2016-01-01,Absolute lifetime-PD deterioration,0.0002370620007337151,43.929890778586085,48.452761130210305,42.69673040683892,0.020689911032307117
RM002013,2,44.32224140918785,128287.89,0.0022356340146862134,0.0006886055646933498,0.04270498760431651,0.013342621310516445,25.0,0.0,234,PA,2015-09-01,Absolute lifetime-PD deterioration,0.00034549045439275563,43.820845461298326,48.78428325415104,42.468939197477226,0.023907708670894774
RM001629,2,44.31176096652049,232459.71,0.0018083526273730537,0.000775684497275397,0.034387953521840875,0.01489041112642886,63.0,0.0,232,TX,2015-07-01,Relative lifetime-PD deterioration,0.00019062125202909568,43.9001341662774,47.9890370275407,42.78074498835289,0.0200062476248903
RM000305,2,44.226074279101866,44750.3,0.002331983512914088,0.00048417335581339146,0.043203803189494794,0.009119328344818989,27.0,0.0,227,MO,2015-02-01,Absolute lifetime-PD deterioration,0.0009882855372835907,43.704056314062726,48.87000088374831,42.297651285750106,0.05463336305238181
RM003138,2,44.21194888200866,85779.97,0.0037440504477093232,0.0009832507354714005,0.07140609747922921,0.019241233397570334,28.0,0.0,237,MI,2015-12-01,Absolute lifetime-PD deterioration,0.0005154111021723214,43.716406374433966,48.62247188188445,42.379896299697265,0.022583219443238756
RM003343,2,44.156676804516174,135916.16,0.002333985092673395,0.0006567026943500262,0.04528728853378394,0.012944373489832683,36.0,0.0,238,IL,2016-01-01,Absolute lifetime-PD deterioration,0.00032488172712145615,43.66388622070367,48.541430027814584,42.335660041964765,0.02245439701928374
RM000853,2,44.11780388308775,95191.36,0.0032244490657628885,0.0009056998757269101,0.06002480629081142,0.0172171744440337,36.0,0.0,230,IL,2015-05-01,Absolute lifetime-PD deterioration,0.0004634643720090537,43.620204902007785,48.5455663596767,42.27886662625716,0.022901316529773664
RM001945,2,44.01684316418478,92456.53,0.002662881639743443,0.0005524306510433066,0.05087773626962844,0.010763081937976926,24.0,0.0,235,UT,2015-10-01,Absolute lifetime-PD deterioration,0.0004760814965063558,43.507507192186644,48.54884779122141,42.13466314561449,0.026316795076072336
RM001066,2,43.849755068177124,118544.2,0.0022289520886490245,0.00045073630109952506,0.04204571185367767,0.008641079229791737,21.0,0.0,231,PA,2015-06-01,Absolute lifetime-PD deterioration,0.00036990215521448647,43.34902549497642,48.305870545677976,41.99891336167534,0.025184251099573986
RM001949,2,43.82794626167052,132882.52,0.001843824108239154,0.0005414494035886744,0.03534789718638953,0.01050554993692332,34.0,0.0,234,CT,2015-09-01,Absolute lifetime-PD deterioration,0.0003298247674838686,43.32122465433276,48.33565854961137,41.956122632067256,0.025827908663565734
RM000934,2,43.81900115173609,90464.31,0.0034921013754333854,0.000754734890499799,0.06485069914500552,0.014367008968782069,38.0,0.0,230,FL,2015-05-01,Absolute lifetime-PD deterioration,0.0004843788799332697,43.324358926643384,48.22019060302896,41.99116852738699,0.022609249257180265
RM002878,2,43.801362853109495,234511.1,0.001857995407061655,0.0007025869954985345,0.03591379544447548,0.013727309786442099,25.0,0.0,236,MA,2015-11-01,Absolute lifetime-PD deterioration,0.00018677735447537234,43.38302525140873,47.53680232381158,42.24659334122225,0.02
RM001480,2,43.752541264446904,49042.49,0.008289779667781357,0.00157541745576246,0.14865435153444007,0.030022193969893363,28.0,0.0,232,TX,2015-07-01,Absolute lifetime-PD deterioration,0.0008921353965601442,43.2981128584296,47.804275105495826,42.06766845956736,0.02065377173744762
RM003196,2,43.743997353673464,92635.93,0.0031936344955610157,0.0008918946336360287,0.06147123779146724,0.017541462091686055,36.0,0.0,238,IL,2016-01-01,Absolute lifetime-PD deterioration,0.00047221415441798305,43.24923325258918,48.14638748598275,41.91563588014931,0.023128759896196605
RM002438,2,43.62347661005782,150547.12,0.00227924938225914,0.0007154059372777752,0.043702522421407264,0.01391729319874413,36.0,0.0,235,FL,2015-10-01,Absolute lifetime-PD deterioration,0.0002897662646090993,43.14461834690145,47.8847868399564,41.85359040355173,0.021677496756650757
RM000537,2,43.550231166951555,88673.04,0.003812946909393688,0.000755675067990643,0.07030882011964579,0.014322690916699354,38.0,0.0,229,NY,2015-04-01,Absolute lifetime-PD deterioration,0.0004911327182078291,43.07000681668108,47.82436283741409,41.774847058370185,0.021826152268462986
RM002017,2,43.447520074839616,112553.45,0.0030501219934819155,0.0009372124187426518,0.05782879098223703,0.018118069535847714,29.0,0.0,234,VA,2015-09-01,Absolute lifetime-PD deterioration,0.0003860167775829139,42.97223235593837,47.67822722550146,41.69004040197932,0.02168537581504824
RM001771,2,43.42346719761708,135251.62,0.0020987596665476777,0.0006065340226431351,0.039972875254881135,0.011711324193103945,32.0,0.0,233,CA,2015-08-01,Absolute lifetime-PD deterioration,0.0003210569100585788,42.92564475076055,47.852135106476226,41.584435215360166,0.023857114733939474
RM000671,2,43.4167105544033,165616.73,0.002594455615947792,0.0012203860647233898,0.048160369675220305,0.022934410384146675,12.0,0.0,228,CA,2015-03-01,Prior default history,0.0002621517195418802,42.99897800318101,47.14547499919586,41.865048688241416,0.02004647731212172
RM003453,2,43.383615583384284,101526.19,0.0027502359754274608,0.0007368936221436332,0.05293920486676906,0.01445354394217968,30.0,0.0,237,OH,2015-12-01,Absolute lifetime-PD deterioration,0.00042731452429549735,42.890696501951936,47.769797690684065,41.56193122293096,0.02382569459183822
RM002918,2,43.38011468423842,66609.48,0.002244993878596906,0.0008771338553321104,0.04341772176565328,0.017181677705823795,63.890725714285715,0.0,237,WV,2015-12-01,Absolute lifetime-PD deterioration,0.000651260371410172,42.85417201194977,48.055305452417656,41.43965747125209,0.03407244996388736
RM001272,2,43.34352802288782,157244.19,0.002257196957133228,0.0007931437450257953,0.0423872801422831,0.015092896695733216,25.0,0.0,230,UT,2015-05-01,Absolute lifetime-PD deterioration,0.00027564470282105696,42.87250662575097,47.53648633269993,41.601670608482266,0.02145549085361163
RM002337,2,43.230280296709424,128893.25,0.0034365250239427685,0.0011793261772780254,0.03245184524327849,0.011244844158150857,21.0,0.0,115,NJ,2015-10-01,Absolute lifetime-PD deterioration,0.00033539599860124114,42.64981831523816,48.38452880632335,41.09243736669461,0.02425344592168812
RM002212,2,43.153098835585745,97606.71,0.00991997314362734,0.0019531845896694107,0.04466532951880586,0.008920821221491959,18.0,0.0,55,FL,2015-10-01,Prior default history,0.00044211201090156344,42.472289153829756,49.18217632702982,40.65662118047364,0.02021863848414702
RM003306,2,43.12480660606964,82525.79,0.004020473314581493,0.0011916858072200161,0.07617136441355665,0.02317763778860027,23.0,0.0,236,AZ,2015-11-01,Absolute lifetime-PD deterioration,0.0005225615726437716,42.648569046151216,47.36465256077027,41.36335298901238,0.022048817953817204
RM002709,2,43.08375435341595,50002.5,0.005318832776942417,0.0021275934848491392,0.09957003105451956,0.04102209808281454,27.0,0.0,236,OH,2015-11-01,Absolute lifetime-PD deterioration,0.0008616320054680456,42.58739821589573,47.50198221061782,41.24838101403491,0.024780226438386458
RM000244,2,43.07936304145254,193446.76,0.0022155655506485195,0.0006183906352721725,0.04126679820452772,0.011684259057321067,30.0,0.0,228,MN,2015-03-01,Absolute lifetime-PD deterioration,0.0002226936395391297,42.66761604863588,46.75641874924397,41.5487736246332,0.020000843080521226
RM003185,2,43.060382304653515,148643.13,0.001938733462996519,0.000581160853062836,0.03744631046348268,0.01136771292673966,39.0,0.0,236,MD,2015-11-01,Absolute lifetime-PD deterioration,0.0002896896903654647,42.56934013142811,47.42824940271139,41.2467237193459,0.02332831751897713
RM002746,2,43.04513996801731,167962.01,0.0022937843431913444,0.0006907172933036535,0.044158245974282084,0.013496889362278441,39.0,0.0,236,TX,2015-11-01,Absolute lifetime-PD deterioration,0.0002562790238579385,42.60017969824141,47.00827240101849,41.39819539915906,0.020601194063505232
RM002913,2,43.01463712439751,67879.94,0.004131987412120372,0.0011267465625863712,0.07852148399554182,0.02201973776985522,35.0,0.0,237,MI,2015-12-01,Absolute lifetime-PD deterioration,0.0006336870233591472,42.52454072674937,47.37602248326674,41.2031681678723,0.02363406911150486
RM000802,2,43.009793502151126,91230.24,0.0025748343065328284,0.0006760908256700874,0.04800908682373972,0.012823499236540359,35.0,0.0,229,TN,2015-04-01,Absolute lifetime-PD deterioration,0.00047144229262305044,42.50835194284885,47.470482766952266,41.15750980430022,0.026316719963334262
RM000382,2,43.006180387094595,96723.42,0.0027327883209421256,0.0009337412094491787,0.05088195471162604,0.01766925426171151,24.0,0.0,229,NY,2015-04-01,Absolute lifetime-PD deterioration,0.0004446304771594573,42.515642333833064,47.37175790739967,41.19290223655133,0.024733402772611178
RM001443,2,42.981989854570635,122886.98,0.0023145469694738317,0.000629179556279553,0.043811083153961206,0.012094236056676921,29.0,0.0,232,CA,2015-07-01,Absolute lifetime-PD deterioration,0.0003497684608619289,42.49377839057335,47.32607007038454,41.177846390457205,0.023634572631963134
RM000460,2,42.92462132851537,132343.03,0.0032266692930152043,0.000556604479845976,0.05955850466803958,0.010522674579295122,32.0,0.0,228,MN,2015-03-01,Absolute lifetime-PD deterioration,0.0003243436494427804,42.516633346928394,46.569219940435005,41.40725442863729,0.02
RM001733,2,42.9227381516379,94075.99,0.002666256473004921,0.0005311801013964664,0.05030696450472383,0.010219631433635024,39.0,0.0,232,OH,2015-07-01,Absolute lifetime-PD deterioration,0.00045625603463368176,42.42940448856088,47.3117120910067,41.100127343986955,0.024839382742297113
RM003115,2,42.88797767865906,110577.38,0.00462855578391309,0.0008618590948668559,0.044225413571801764,0.008371511508979634,32.0,0.0,117,MN,2015-12-01,Absolute lifetime-PD deterioration,0.0003878548911057493,42.32522350695703,47.88666891238583,40.81421831153211,0.02164513059001272
RM001963,2,42.82127713689334,148872.19,0.0022912729111561254,0.0006538535400169506,0.043562589715231526,0.012619506326765006,36.0,0.0,233,NC,2015-08-01,Absolute lifetime-PD deterioration,0.00028763785322761317,42.35131039915918,47.0034427959151,41.084267861763706,0.0216084628067626
RM002743,2,42.73613090591842,65706.91,0.00409379952853803,0.0008488391051817319,0.0775080603651177,0.01656223763274156,24.0,0.0,236,WV,2015-11-01,Absolute lifetime-PD deterioration,0.0006504054277688361,42.24901833220516,47.07197522320688,40.93500735434318,0.024363611355579212
RM000422,2,42.732588746509535,142601.65,0.0029419732307644493,0.0008360485280156797,0.05444183727945762,0.01576596131526664,18.0,0.0,228,CA,2015-03-01,Absolute lifetime-PD deterioration,0.00029966405540545664,42.305571962360375,46.540868689010296,41.148707230163176,0.02018949496460337
RM001150,2,42.572955667869095,141274.04,0.0029742138154277026,0.0006135025999027601,0.05572602519143899,0.011744043240960012,30.0,0.0,231,AZ,2015-06-01,Absolute lifetime-PD deterioration,0.0003013501678572305,42.1613826209428,46.246951468934675,41.04402986116077,0.0200635003244514
RM003084,2,42.503195921760394,109778.92,0.003370420564193176,0.000981383187717882,0.06476699636289063,0.019285270196481186,33.0,0.0,238,OK,2016-01-01,Absolute lifetime-PD deterioration,0.0003871708331778122,42.06297418196822,46.424664274568364,40.87342524510704,0.020738108750151796
RM001784,2,42.48939147495051,173139.54,0.002440413514937931,0.0006702825016491612,0.0463347967481017,0.012934634802069578,28.0,0.0,233,OR,2015-08-01,Absolute lifetime-PD deterioration,0.00024540547742561003,42.08453109931136,46.105133997858786,40.98427554789319,0.02
RM001285,2,42.43322893681816,50955.89,0.00693278833320158,0.0013039641129221863,0.12534078444807484,0.024804864482997235,22.0,0.0,231,FL,2015-06-01,Absolute lifetime-PD deterioration,0.0008327443390119996,41.968514473807275,46.57282834556249,40.712815141346645,0.021580132413787714
RM001947,2,42.38717965549736,76684.76,0.004622072427975729,0.0010216774187168725,0.08602611985492015,0.0196520414449729,41.0,0.0,233,OH,2015-08-01,Absolute lifetime-PD deterioration,0.0005527458083652784,41.93399055920266,46.422538759680336,40.710496512877484,0.021142891039466916
RM001805,2,42.36111932821433,76592.18,0.005565035036008317,0.0009487687375131825,0.1026920939393069,0.018261864771155767,30.0,0.0,233,MI,2015-08-01,Absolute lifetime-PD deterioration,0.0005530736862198509,41.9560603100157,45.97989773304122,40.85441309214044,0.020035746623699564
RM000125,2,42.34350885951182,142190.16,0.002912165620030044,0.0007968956396804475,0.05367463908871295,0.01496747575985058,27.0,0.0,227,VA,2015-02-01,Absolute lifetime-PD deterioration,0.00029779493081315766,41.925872687402794,46.06929290995655,40.79363621065272,0.020146800363559453
RM002031,2,42.304370817002834,35615.33,0.004203934464701429,0.0007473648475569748,0.07886577857581711,0.014473303188939579,34.9030234,0.0,234,AL,2015-09-01,Absolute lifetime-PD deterioration,0.0011878135290899405,41.802102262943166,46.773228862634156,40.4484840707029,0.03614227137301957
RM002343,2,42.277421123408274,176677.13,0.002338332535861311,0.0005702447564584276,0.044810919424441265,0.011108320270231564,45.0,0.0,235,TX,2015-10-01,Absolute lifetime-PD deterioration,0.00023929198489588477,41.87942434838904,45.83248126931642,40.79740604418301,0.02
RM000167,2,42.264846334613225,311490.78,0.001338947658230934,0.0004450415142001641,0.02502690028898691,0.00838522212246584,34.0,0.0,227,MD,2015-02-01,Relative lifetime-PD deterioration,0.00013568570580038748,41.86103112628708,45.87048864460594,40.7641330404195,0.020001319103841893
RM000393,2,42.18721297537708,213618.78,0.001941960429634367,0.0005440888877222986,0.036103286455380634,0.010242335467412711,52.0,0.0,227,OK,2015-02-01,Absolute lifetime-PD deterioration,0.00019748831528471926,41.78708549692254,45.76084972311544,40.699582136125116,0.02
RM001970,2,42.13244902977564,123446.27,0.0033654132771977186,0.0010673341239098985,0.06335909735123468,0.020521643711981397,34.0,0.0,233,CO,2015-08-01,Absolute lifetime-PD deterioration,0.0003413019205017344,41.719510942391004,45.81706137516704,40.59951136716183,0.020119321257202526
RM001273,2,42.066733226477744,187997.09,0.0020677164689079618,0.0005776334546695363,0.03889562199876162,0.01101341008896295,37.0,0.0,230,VA,2015-05-01,Absolute lifetime-PD deterioration,0.00022376268285045128,41.639935779737414,45.8699137093747,40.48578725119734,0.02040030409807371
RM000820,2,42.051599985602124,198789.41,0.0016267778041452658,0.0006031486515992664,0.030328836082905153,0.011348122940013416,29.0,0.0,227,PA,2015-02-01,Relative lifetime-PD deterioration,0.00021153843147681822,41.58385584173492,46.21385383493465,40.32289544214925,0.022117042339805527
RM000981,2,42.04577624952448,69194.97,0.004553628318253686,0.002681773680665478,0.08376023550120038,0.05016757829770557,30.75332,0.0,230,GA,2015-05-01,Absolute lifetime-PD deterioration,0.0006076420908849947,41.57411074642132,46.24398256010442,40.30186480600478,0.02237309731951922
RM001860,2,42.038058646691475,137798.04,0.0030867056549282604,0.0008977077939957731,0.05826016309074944,0.01728715388129598,27.0,0.0,233,CO,2015-08-01,Absolute lifetime-PD deterioration,0.00030507007680727154,41.634718668778,45.64023466927218,40.53858692569403,0.02
RM002272,2,42.009496334528,94284.74,0.0022547171120895523,0.000622995847522579,0.04288192964563997,0.012027358401314303,35.0,0.0,233,PA,2015-08-01,Absolute lifetime-PD deterioration,0.0004455598682727237,41.517832216858,46.382917340164774,40.19352598776216,0.02754279766143255
RM000602,2,42.000194815876185,81839.58,0.0058756862599917475,0.001434998617073912,0.051655213667101796,0.012841103281289068,17.0,0.0,108,CA,2015-03-01,Absolute lifetime-PD deterioration,0.0005132014951185744,41.427160691262436,47.08863678601432,39.88960772347892,0.02334787310870963
RM001078,2,41.985745520621656,59775.35,0.0034368489887217435,0.0009438323456680988,0.06439340131745608,0.01809040995193656,37.0,0.0,232,IN,2015-07-01,Absolute lifetime-PD deterioration,0.0007023922991771969,41.49146927407277,46.38284505322364,40.159827985059096,0.02814755270925403
RM000058,2,41.97101535165864,111497.29,0.003667662286561562,0.0006570560506747305,0.06714685182412006,0.012356420148695868,35.0,0.0,227,SC,2015-02-01,Absolute lifetime-PD deterioration,0.0003764308114722667,41.552829671850006,45.70084751835633,40.419680033484426,0.02020883036039836
RM003373,2,41.88538715489234,198689.82,0.0015318537153998484,0.0006841703365429216,0.029947474894270187,0.013482310735643543,25.0,0.0,238,NY,2016-01-01,Relative lifetime-PD deterioration,0.00021080791736029727,41.42038901479212,46.02367059497427,40.166517410529394,0.022528068035426074
RM000977,2,41.81747106087907,330124.36,0.0012689691865626442,0.0005105794262734635,0.024043588928148063,0.009740852357951302,18.0,0.0,230,MA,2015-05-01,Relative lifetime-PD deterioration,0.00012667187317191338,41.41424985341693,45.41707311091255,40.31946243872481,0.02
RM002531,2,41.794148330975034,98708.58,0.004287371592755164,0.0011947599873161192,0.060399539886833775,0.017185001133253497,26.0,0.0,174,IL,2015-09-01,Absolute lifetime-PD deterioration,0.00042340947799041415,41.31757194782549,46.03605633882951,40.03208581650233,0.020944751645598225
RM002327,2,41.7851655122264,115427.25,0.0036167338214201984,0.0007925866216325753,0.0684972122078028,0.01540771004050967,31.0,0.0,235,GA,2015-10-01,Absolute lifetime-PD deterioration,0.0003620043405021466,41.38853716149372,45.328391572552086,40.3099763966195,0.020001044843250677
RM000843,2,41.751080567905824,250146.51,0.0016504290902671155,0.0006750981076675931,0.031030077985152782,0.0128047849805768,28.0,0.0,229,GA,2015-04-01,Relative lifetime-PD deterioration,0.00016690650838145142,41.352487683645464,45.31031378421424,40.26962617861558,0.02
RM001412,2,41.71948431137557,55204.87,0.006373168925741242,0.0008594195214566683,0.057927710123071297,0.007992585719361012,28.0,0.0,112,OH,2015-07-01,Absolute lifetime-PD deterioration,0.0007557210860450458,41.1438888103148,46.82925555106275,39.600418643291704,0.02813340221673985
RM003227,2,41.681704508729865,94855.72,0.0034592398509176486,0.000858489946372583,0.06641867145577995,0.01688977126207758,31.0,0.0,238,AZ,2016-01-01,Absolute lifetime-PD deterioration,0.0004394221509122472,41.22508186448356,45.746200416606506,39.99328802895953,0.0216946155865145
RM002545,2,41.64815249481384,171060.86,0.0018669538916627545,0.0005729393602163539,0.03563353108076073,0.01106607613504873,29.0,0.0,233,CA,2015-08-01,Absolute lifetime-PD deterioration,0.00024346979487191778,41.1903487921926,45.72254833742401,39.9557826760842,0.02193552774899923
RM001470,2,41.625582048008525,319986.31,0.0013219519601863543,0.000532689465181125,0.02525038476397179,0.010248529197493084,16.0,0.0,232,CA,2015-07-01,Relative lifetime-PD deterioration,0.0001300855091207137,41.22119697130252,45.235062605744645,40.12359482163225,0.02
RM002902,2,41.607085717747694,129223.99,0.0029158157880254123,0.0006171411082266367,0.055810265271997506,0.012067452333652917,39.0,0.0,236,OH,2015-11-01,Absolute lifetime-PD deterioration,0.0003219764822131532,41.18447321180504,45.37283800923709,40.04173363897438,0.020477296817867273
RM001324,2,41.589733026957255,128029.34,0.0032038903203188665,0.001102412215573023,0.05990458165589285,0.021009305044188298,18.0,0.0,231,FL,2015-06-01,Absolute lifetime-PD deterioration,0.00032484532863293097,41.177871603883965,45.26381807419138,40.06141351028286,0.02014901777304269
RM000513,2,41.58177877534546,127941.18,0.004058200777097764,0.0008358567704293913,0.036263141551701183,0.007566767276859454,20.0,0.0,109,TN,2015-04-01,Absolute lifetime-PD deterioration,0.0003250069975542313,41.02360922902526,46.538441617294836,39.52579496436997,0.021851479556149096
RM003145,2,41.578631876538026,57458.39,0.005982029742447313,0.0012262590677419802,0.11174807485835192,0.023942204759615504,38.0,0.0,237,OH,2015-12-01,Absolute lifetime-PD deterioration,0.0007236302979693309,41.1297085934237,45.57648405868034,39.9174088550932,0.021321432219659806
RM003295,2,41.53649338058846,276178.31,0.0014837417067660285,0.0006141654448092951,0.029019989009972047,0.01211075733067346,21.0,0.0,238,CA,2016-01-01,Relative lifetime-PD deterioration,0.0001503973768996865,41.140998628125644,45.06779757561832,40.06673225098429,0.02
RM002501,2,41.30514180418384,129954.43,0.0031182713489940643,0.0005317397488944411,0.0593287436347969,0.010361947558227613,30.0,0.0,235,NH,2015-10-01,Absolute lifetime-PD deterioration,0.0003178432763252768,40.90464054987946,44.87964927149328,39.81778709202085,0.020089259996792595
RM002593,2,41.19925463846398,258725.48,0.0015606327688422854,0.0007533640311705522,0.030249463297764567,0.014712441709811674,28.0,0.0,236,VA,2015-11-01,Relative lifetime-PD deterioration,0.000159239262551427,40.808653842519675,44.687243184686004,39.74742308518049,0.02
RM002027,2,41.18915211974779,66776.45,0.004229195138169432,0.0013144625260089306,0.07932132238032352,0.025322741980522312,32.0,0.0,234,VA,2015-09-01,Absolute lifetime-PD deterioration,0.0006168215309401412,40.72272325280211,45.340320006918525,39.46489134424897,0.023163201603294846
RM001986,2,41.16672821195374,49217.51,0.005114672005256528,0.0015471881822684528,0.09515537569852883,0.029742261631281464,28.0,0.0,234,OH,2015-09-01,Absolute lifetime-PD deterioration,0.0008364244394312865,40.69118903635071,45.39931949237602,39.40855781844074,0.02492067222848433
RM001652,2,41.15082400470126,164693.27,0.0036371333809937316,0.0009221469190125611,0.033436674879979034,0.00857370965279547,24.0,0.0,112,FL,2015-07-01,Absolute lifetime-PD deterioration,0.0002498634218915033,40.64031068012769,45.69576062300371,39.26263522305269,0.02
RM000361,2,41.1437178730654,164068.34,0.001484798997281778,0.00035729109876815016,0.027837342747691007,0.006766745675347963,32.0,0.0,228,WI,2015-03-01,Absolute lifetime-PD deterioration,0.0002507718300378086,40.67133743217824,45.346245380146115,39.398541777726784,0.02515096117999307
RM000301,2,41.110363024743265,79740.42,0.0017865161002679772,0.00035825671014259164,0.03340352138737257,0.006784974499154939,35.0,0.0,228,MO,2015-03-01,Absolute lifetime-PD deterioration,0.0005155523763825581,40.62403349886527,45.435947052515075,39.314356018766595,0.03681172503850764
RM000727,2,41.08442108504753,182027.44,0.001149599307118998,0.0005309177466290981,0.02171164071619458,0.010083191129500069,66.9439758677686,0.0,229,AL,2015-04-01,Relative lifetime-PD deterioration,0.0002257045480892745,40.59608046799987,45.42471204860349,39.28313415952826,0.026503949657300234
RM002448,2,41.07078577684422,116069.64,0.0031016341954491484,0.0009678443349815657,0.05902125630424715,0.01878413350204977,34.0,0.0,235,FL,2015-10-01,Absolute lifetime-PD deterioration,0.00035384606841930603,40.63737856829608,44.930202160320796,39.46715393889127,0.0208316572216051
RM001126,2,41.0682440979963,151886.63,0.0017647094155525075,0.0007451493842107236,0.03342913883637144,0.01424700956135816,65.09427000000001,0.0,231,ME,2015-06-01,Relative lifetime-PD deterioration,0.0002703874863639828,40.59927432930171,45.23772303162996,39.33749494279764,0.02311013646727985
RM003460,2,41.00830001145587,163875.35,0.0023061882206356406,0.0006777783220464687,0.044391925762636064,0.013245653561139159,38.0,0.0,236,TX,2015-11-01,Absolute lifetime-PD deterioration,0.0002502408080986913,40.59192820108952,44.718348505528716,39.46612762758419,0.020413728397261136
RM003454,2,41.00331548170436,175910.81,0.0022719074834159935,0.0009779760290404838,0.043745970080098506,0.0190589761979838,31.0,0.0,236,FL,2015-11-01,Absolute lifetime-PD deterioration,0.0002330915051877958,40.60635565783296,44.545772159584835,39.52941190506104,0.02008441426912868
RM001964,2,40.88992409390529,100771.45,0.005454396679772218,0.001410724164766274,0.05019903023444927,0.013205727339243856,18.0,0.0,113,FL,2015-08-01,Absolute lifetime-PD deterioration,0.0004057689364785889,40.358317993426645,45.61491210294527,38.928940275426896,0.020831556623652638
RM003376,2,40.8780383874217,200317.27,0.0019238918411441201,0.0005019578724224684,0.03747375001467679,0.00990858057147359,32.0,0.0,238,GA,2016-01-01,Absolute lifetime-PD deterioration,0.00020406647109069378,40.47328193250462,44.48682030601077,39.37738117765389,0.020234849413259485
RM002023,2,40.8194711487609,49102.7,0.006311187880966862,0.0015168933306294937,0.11614137763307286,0.029168032915884323,28.883941176470586,0.0,234,FL,2015-09-01,Absolute lifetime-PD deterioration,0.0008313080777383097,40.36420610044296,44.87330632597507,39.1351135607886,0.02227503610084701
RM001260,2,40.71401529311872,89903.49,0.004568287978013186,0.0007294128814842961,0.08401882069563349,0.0138881718030891,30.0,0.0,230,TX,2015-05-01,Absolute lifetime-PD deterioration,0.00045286356840116795,40.326686999662535,44.174838240171454,39.27295860267971,0.02
RM003064,2,40.61944230015045,206923.25,0.0014351806534716367,0.0005063794312517764,0.028082992743298063,0.009995445881961773,38.0,0.0,238,CA,2016-01-01,Relative lifetime-PD deterioration,0.00019630197331692043,40.16956676792174,44.622192225847165,38.957113924802364,0.022230100769355138
RM001248,2,40.60326805905889,105507.7,0.003119770167986807,0.0007093963825185498,0.0583762033874321,0.013567842085666415,29.0,0.0,231,SC,2015-06-01,Absolute lifetime-PD deterioration,0.0003848370124555733,40.15995898373303,44.54940054992703,38.96398320247042,0.021523162596439098
RM003127,2,40.581398873559706,205912.42,0.0014309210626645887,0.000391979280371202,0.02788476760877867,0.007713207815659873,21.0,0.0,237,WA,2015-12-01,Absolute lifetime-PD deterioration,0.00019708086998132364,40.13361773433979,44.56711904249466,38.92572595133111,0.02254666827952462
RM000928,2,40.50460147352902,107963.13,0.003541650017852739,0.0006897580429512211,0.0657415036872585,0.013137858937967928,28.0,0.0,230,NC,2015-05-01,Absolute lifetime-PD deterioration,0.0003751706853397917,40.093488957080176,44.16916917756106,38.98097587187167,0.02037175929956085
RM000835,2,40.500578411567716,225905.23,0.0017632699678479817,0.0005388563747636928,0.03311795340237289,0.01023322794596826,33.0,0.0,229,VA,2015-04-01,Absolute lifetime-PD deterioration,0.00017928127831112062,40.11312850208003,43.959925469216564,39.06079915083593,0.020018356079565744
RM002530,2,40.468919067478836,180217.36,0.0018659673943913389,0.0006269461387589791,0.035615024414936136,0.0121031818527354,26.0,0.0,233,CA,2015-08-01,Absolute lifetime-PD deterioration,0.00022455616410915598,40.028652545436216,44.38761209888392,38.84112544203715,0.021364317012082277
RM001153,2,40.4534678049324,113657.74,0.002384826082038741,0.0006155505978776055,0.044922443160364534,0.011783027393612366,26.0,0.0,231,NJ,2015-06-01,Absolute lifetime-PD deterioration,0.0003559235631900863,39.99440995972892,44.538360542953775,38.75691057841158,0.02357345315510941
RM002847,2,40.3821061538832,75537.82,0.0041878941156647306,0.0013171733753680958,0.07954262534655687,0.025695427853415054,32.0,0.0,237,TX,2015-12-01,Absolute lifetime-PD deterioration,0.0005345945402433271,39.939288565032065,44.32409728684057,38.74448101876576,0.021744990498782524
RM002288,2,40.371814048825385,81749.22,0.004038889195798589,0.001223663789812262,0.07619574276564034,0.023692899038708193,33.0,0.0,235,MN,2015-10-01,Absolute lifetime-PD deterioration,0.0004938495321279565,39.93378482022234,44.27144985438117,38.751714272971064,0.021394754285519704
RM003424,2,40.273678583884866,96380.33,0.002045222950967058,0.0005699502509606052,0.039791783608861264,0.0112435493715769,31.0,0.0,238,NY,2016-01-01,Absolute lifetime-PD deterioration,0.0004178620117184167,39.803291073099615,44.458042051266574,38.53615818126953,0.028233721793402274
RM000564,2,40.253697044422005,104628.99,0.002152876066330705,0.0009608972574676755,0.04029404624467725,0.018178676052628684,67.26149357142857,0.0,229,KY,2015-04-01,Absolute lifetime-PD deterioration,0.0003847279520180975,39.77841343661416,44.47817380576972,38.50041383540948,0.025054599640158513
RM000257,2,40.231161449381986,154187.72,0.0025193326846785404,0.0004904510326241932,0.04679731727977887,0.00927755099406724,38.0,0.0,228,OH,2015-03-01,Absolute lifetime-PD deterioration,0.000260923252833507,39.83934255273981,43.72730251547781,38.776641806991684,0.020124183829010458
RM001603,2,40.20227508960551,126540.82,0.0027673573156052314,0.0007163581965736814,0.05216648402248325,0.013759022156974554,36.0,0.0,232,MN,2015-07-01,Absolute lifetime-PD deterioration,0.0003177020276113708,39.77341543733292,44.02028742981215,38.616083006755574,0.020926183979099542
RM002967,2,40.08578780744287,86775.04,0.0014362707447309257,0.00034103741120874407,0.027987619645108763,0.006713997384237724,44.0,0.0,237,MO,2015-12-01,Absolute lifetime-PD deterioration,0.00046195066931047074,39.610217624173316,44.31502079361303,38.329956176363225,0.038444287179350736
RM000717,2,40.07973854954753,71670.32,0.005792047352815758,0.0010742376250406796,0.10536278356348816,0.020389878269190698,11.0,0.0,230,OR,2015-05-01,Absolute lifetime-PD deterioration,0.0005592236584062625,39.69406100064463,43.52592655728957,38.64474606229934,0.02
RM000488,2,39.89333530657566,214325.24,0.001830454640108229,0.0004202192064453908,0.03435903440390242,0.007988787233624395,36.0,0.0,229,FL,2015-04-01,Absolute lifetime-PD deterioration,0.00018613456495639833,39.51432959218991,43.27808481108387,38.484397345609125,0.02
RM002396,2,39.84042223361416,75715.36,0.004125202876965272,0.0010876074411430062,0.07744458321777503,0.020996328935825703,30.0,0.0,234,IL,2015-09-01,Absolute lifetime-PD deterioration,0.000526186790020072,39.39822216137606,43.77639926084855,38.20542976143982,0.02190725715962122
RM002923,2,39.807613135233225,184162.99,0.0023466654399635508,0.0009411247638865981,0.02951093660133053,0.011933218318072258,35.0,0.0,153,MD,2015-12-01,Relative lifetime-PD deterioration,0.0002161542508363555,39.34074001318752,43.960862345097915,38.08297414373863,0.020800749705447964
RM000018,2,39.75571766327188,119528.13,0.0008284817762716717,0.00020663774427986682,0.01562433162317911,0.003918824128082976,34.0,0.0,228,MO,2015-03-01,Relative lifetime-PD deterioration,0.00033260553531015566,39.2905678876985,43.89327358452058,38.037689529423446,0.049934397209442045
RM002219,2,39.750793081798854,43423.21,0.018073432026871845,0.0023545669162016994,0.0773953664467244,0.010357586348180736,13.0,0.0,53,GA,2015-08-01,Absolute lifetime-PD deterioration,0.0009154273275006351,39.08605644228753,45.628784983162845,37.31915879334701,0.024185368162741843
RM002509,2,39.7219724803059,220640.29,0.0020272896767332235,0.0006938235583622556,0.019260022023852907,0.006629378236867489,24.0,0.0,115,NY,2015-10-01,Relative lifetime-PD deterioration,0.000180030458083181,39.19488686132289,44.40263368311101,37.780464073791975,0.022792964446171043
RM002855,2,39.717315923644165,69685.63,0.0026037284435969027,0.000692760213413063,0.05018751662185894,0.01359351780210516,34.0,0.0,237,NY,2015-12-01,Absolute lifetime-PD deterioration,0.0005699498723573879,39.2527170437431,43.850531549395015,38.00094449326749,0.029237558304590704
RM002619,2,39.70338167877649,88291.64,0.0037524451208908595,0.000582917243214585,0.07185144690321743,0.011497950380767397,24.0,0.0,238,WI,2016-01-01,Absolute lifetime-PD deterioration,0.00044968449650246035,39.28098625476296,43.46519868566627,38.14018445145248,0.021156692446071233
RM001453,2,39.676348746490696,225199.8,0.0016486988266692754,0.0005189550981278458,0.03126447848153946,0.009942719748298967,27.0,0.0,231,KS,2015-06-01,Absolute lifetime-PD deterioration,0.0001761828773670789,39.275278702877394,43.25071763960123,38.1904022521411,0.020345037999214638
RM002233,2,39.66254989081767,73103.8,0.005222727745206266,0.0009866089419745276,0.09746376330063833,0.019144990715859955,30.0,0.0,235,MI,2015-10-01,Absolute lifetime-PD deterioration,0.0005425511381189169,39.27249533360506,43.142937360079245,38.214587069509804,0.020215299442027723
RM001365,2,39.616634476446755,63019.22,0.0018119931069727911,0.0007976983016309874,0.03431009679699604,0.015244429292016304,57.94870804597701,0.0,231,PA,2015-06-01,Relative lifetime-PD deterioration,0.0006286436816648437,39.135827742102585,43.890722649909776,37.84262582388798,0.040221691998365464
RM002271,2,39.56318085886878,92279.1,0.0034700697944997387,0.0009151487645899805,0.06580839025069218,0.01777008510152267,49.0,0.0,235,AR,2015-10-01,Absolute lifetime-PD deterioration,0.00042873392630475137,39.1410182435451,43.321197229118596,38.002011235806194,0.021206944717355448
RM002210,2,39.549998927745975,72014.81,0.004011857669532015,0.0006576536230141466,0.07539491873068238,0.012746530440987835,29.0,0.0,234,PA,2015-09-01,Absolute lifetime-PD deterioration,0.0005491925748015717,39.11009762639976,43.46577684592635,37.92332906358934,0.022423234668486062
RM000376,2,39.5426183300394,85633.98,0.0040096443194166595,0.001064679999145633,0.07349550847285236,0.02003624852908137,21.0,0.0,228,GA,2015-03-01,Absolute lifetime-PD deterioration,0.0004617631731006711,39.11572446936117,43.344115394569656,37.96303163079904,0.021135287064744133
RM003180,2,39.427986732718125,83097.23,0.003587693236516707,0.0007381246633825642,0.06852353293109259,0.014477522989964742,31.0,0.0,237,CT,2015-12-01,Absolute lifetime-PD deterioration,0.0004744801569525016,38.99047815042497,43.321928963439596,37.81052713914143,0.02209790846568332
RM001872,2,39.416871279253044,172169.7,0.001185709470832675,0.0005492537551855898,0.022869489661440756,0.010656206704232951,58.0,0.0,234,DC,2015-09-01,Relative lifetime-PD deterioration,0.00022894197573239102,38.953095422854,43.539916571690924,37.70546326980802,0.026278957429546404
RM000950,2,39.38404513059593,135174.1,0.0031058898855650116,0.000731107618023636,0.028112247744967678,0.006681847417244646,24.0,0.0,110,VT,2015-05-01,Absolute lifetime-PD deterioration,0.00029135792382265483,38.8483423736045,44.13929629884459,37.41210027784083,0.02392845488001608
RM000366,2,39.36840768950766,89324.79,0.0035070078435369733,0.0009711070890730561,0.06484503805883302,0.01837013808258736,31.0,0.0,229,FL,2015-04-01,Absolute lifetime-PD deterioration,0.0004407332800839237,38.937550891741125,43.203734905871016,37.7751429043367,0.02164795243081154
RM001184,2,39.3668051374978,189726.21,0.002028035580340731,0.0005538348235259335,0.03816287452767464,0.01056193494520219,26.0,0.0,230,FL,2015-05-01,Absolute lifetime-PD deterioration,0.00020749270824256595,38.98100607823469,42.80866552619812,37.93501496066806,0.020111466075335947
RM000693,2,39.32170053282839,137193.55,0.004162248654244659,0.0008043775448596094,0.03717729607974318,0.007282721032512818,24.0,0.0,109,CA,2015-04-01,Absolute lifetime-PD deterioration,0.0002866147900745217,38.82167736218181,43.76974696242972,37.474673278365,0.020172667943486187
RM002016,2,39.298070262271885,33009.38,0.00984909684386051,0.002126117634087393,0.17552580956000563,0.0406539553198364,15.0,0.0,234,GA,2015-09-01,Absolute lifetime-PD deterioration,0.0011905122199287563,38.87058401282714,43.108992131029034,37.71349035128436,0.021718071177768285
RM001502,2,39.286369357326116,53603.79,0.0076254763878507055,0.0008940852765495798,0.13701067314368176,0.017071443261107766,12.0,0.0,231,AR,2015-06-01,Absolute lifetime-PD deterioration,0.0007329028293955728,38.91088812691784,42.64302802950506,37.88824844192977,0.02
RM001211,2,39.228446054226715,119258.31,0.002268296962054809,0.0007084899665665326,0.04277261493818152,0.013550617955983335,32.0,0.0,231,OH,2015-06-01,Absolute lifetime-PD deterioration,0.00032893679320314634,38.78338276161364,43.18814186102143,37.58405957970473,0.023137538344947257
RM003040,2,39.149480505905096,246229.9,0.001543741931360155,0.0006231479754273715,0.03005165442901303,0.012235538258858702,20.0,0.0,237,CA,2015-12-01,Relative lifetime-PD deterioration,0.000158995639871133,38.769458344669566,42.54013194976947,37.73890766913949,0.02008736980868423
RM000578,2,39.10880829451337,234966.68,0.0016192743190605334,0.00048541792079649843,0.03045287441750566,0.00922284724540745,47.0,0.0,229,IL,2015-04-01,Absolute lifetime-PD deterioration,0.00016644406047067344,38.73927032743781,42.40913878006132,37.73497605164208,0.020002586576369115
RM002200,2,39.08048580574065,178994.16,0.0018914345294299734,0.0007757954449040204,0.03639678040343097,0.015083641894262145,21.0,0.0,235,CA,2015-10-01,Absolute lifetime-PD deterioration,0.00021833385963955835,38.66201692465102,42.80616239954641,37.53261037833791,0.021029943129751413
RM000022,2,39.06950438929114,139283.55,0.001981911037933919,0.0005206880650733181,0.03683289008275037,0.009803873363755877,36.0,0.0,227,SC,2015-02-01,Absolute lifetime-PD deterioration,0.000280503364462574,38.62639578110646,43.01134459813365,37.43265378594456,0.022879812448754692
RM000238,2,39.03777770636903,104104.33,0.002493839549633098,0.0006197037881937756,0.04633434230708733,0.01170893240784121,25.0,0.0,228,WA,2015-03-01,Absolute lifetime-PD deterioration,0.00037498707024356267,38.59394675164913,42.987309447819655,37.397404353360194,0.023734374509098155
RM001612,2,39.03304200057736,177974.72,0.002154928713734681,0.0007870768346235661,0.04084914213326618,0.01510752908172841,25.0,0.0,232,OR,2015-07-01,Absolute lifetime-PD deterioration,0.00021931790088264985,38.65058552219961,42.44520294614356,37.61357524001488,0.02010316627655246
RM003017,2,39.021854022927315,164032.3,0.0022702771209291146,0.0006634111480042199,0.043896346472281356,0.013021199226318503,37.0,0.0,237,CO,2015-12-01,Absolute lifetime-PD deterioration,0.00023789128130817722,38.64328325174421,42.39937699164144,37.61678919412451,0.02013530635010295
RM000492,2,38.96396600554932,250515.03,0.0014531837787394297,0.0004737106873162608,0.02725234013661071,0.008962233159883759,49.0,0.0,228,IL,2015-03-01,Relative lifetime-PD deterioration,0.00015553544234670996,38.5798244174332,42.38915489823467,37.53959930833467,0.02022880271152716
RM002000,2,38.959664340154056,169051.59,0.002313240963471349,0.0007354098502556802,0.0441558980028921,0.014243357512899513,29.0,0.0,234,CO,2015-09-01,Absolute lifetime-PD deterioration,0.00023046020649763812,38.586351312487494,42.29321274195305,37.57213306690216,0.02
RM000961,2,38.95845699041347,317021.69,0.0012336033496729247,0.0005184372106153551,0.023380987903917405,0.009890058377108768,19.0,0.0,230,CA,2015-05-01,Relative lifetime-PD deterioration,0.00012288893226962945,38.582345243191796,42.31596940627737,37.56121707982954,0.02
RM001723,2,38.95533486806635,115676.14,0.0017996654236985894,0.000432937043869114,0.033935486690525374,0.008265408884055803,27.0,0.0,230,PA,2015-05-01,Absolute lifetime-PD deterioration,0.0003367620571369891,38.50545890403495,42.957946934090586,37.293100556072126,0.026889147159309262
RM001955,2,38.90217534693699,165218.86,0.0018979137075420356,0.000522622131412154,0.03636672998039614,0.010142014908819053,36.0,0.0,234,MI,2015-09-01,Absolute lifetime-PD deterioration,0.00023545844189299571,38.480040251608806,42.65903271544638,37.34172452606845,0.021420029932650835
RM000989,2,38.85553697795472,236470.72,0.0015440755879755168,0.00040490045798598223,0.029183349482339804,0.007732115872434164,21.0,0.0,230,NJ,2015-05-01,Absolute lifetime-PD deterioration,0.00016431436829876747,38.45542492534201,42.420223037144865,37.37391285009803,0.02043558200699805
RM003363,2,38.75931531804198,93437.37,0.0026810623834749403,0.0008504026538249408,0.05206518103405777,0.01680164317941435,33.0,0.0,239,KY,2016-02-01,Absolute lifetime-PD deterioration,0.0004148159919103243,38.31636416138321,42.70016509571817,37.12276940247962,0.023770111395393142
RM000998,2,38.731388333396545,160831.18,0.002366617102843114,0.00046471064973775493,0.04439814375481532,0.008869456572827339,38.0,0.0,230,VA,2015-05-01,Absolute lifetime-PD deterioration,0.0002408201465250491,38.36474453038065,42.006264802706895,37.3680499822296,0.02
RM001662,2,38.69664020693846,159412.21,0.002391835446630188,0.0004629506412794381,0.04524216074580656,0.008912497619626869,35.0,0.0,232,GA,2015-07-01,Absolute lifetime-PD deterioration,0.00024274577340680783,38.32993943755567,41.97191229288279,37.33316645487437,0.02
RM001450,2,38.683119404646966,62173.13,0.0038622859681377458,0.0009182262933380934,0.07178598596705987,0.017528532463624624,27.0,0.0,231,OH,2015-06-01,Absolute lifetime-PD deterioration,0.000622183882404617,38.236465923696805,42.657791473574335,37.03229834269816,0.024736265936924615
RM001109,2,38.65783597407118,262421.93,0.001096131823654191,0.00034769602141014843,0.020890810052178632,0.006671955280116881,36.0,0.0,231,NY,2015-06-01,Relative lifetime-PD deterioration,0.00014731175848783364,38.2328606845158,42.43969717919537,37.08707042241652,0.02212295505417709
RM000750,2,38.65283547950613,82224.27,0.0029389871681207934,0.0007196539498502047,0.05461993878908866,0.013644399918778194,47.0,0.0,229,PA,2015-04-01,Absolute lifetime-PD deterioration,0.0004700903453385008,38.203014006943995,42.65319461083656,36.99199611356004,0.024160241943156024
RM002882,2,38.63740570370351,73382.19,0.007494844293212998,0.0012662905482678669,0.0707244266214927,0.012278157173199244,28.0,0.0,117,TX,2015-12-01,Absolute lifetime-PD deterioration,0.0005265229302055922,38.171932703299596,42.786690427316465,36.91220686018062,0.02
RM001778,2,38.635593621777986,132520.45,0.0028611188279761657,0.0009765712809465432,0.054113801670100936,0.01879220652071123,26.0,0.0,233,FL,2015-08-01,Absolute lifetime-PD deterioration,0.000291544388973762,38.25390885979943,42.040282676628486,37.21938722567609,0.02014721405379875
RM000380,2,38.629136944053535,177177.12,0.0021052104935046527,0.00047520576766081927,0.03925010777706417,0.008990398063550398,36.0,0.0,228,CA,2015-03-01,Absolute lifetime-PD deterioration,0.00021802553819620464,38.250109855698454,42.010228356712204,37.22271786387866,0.02014365222363007
RM000449,2,38.62710832660423,114535.27,0.0026953831848510624,0.0006421013834146765,0.02377899818306828,0.005710873543846029,22.0,0.0,107,AL,2015-02-01,Relative lifetime-PD deterioration,0.00033725077285454716,38.09296107684892,43.36680379357127,36.662069384953234,0.03134083765667291
RM002270,2,38.56828843921414,103707.09,0.0037433339531255396,0.0006506044690835255,0.07081229144684276,0.012664275183893459,31.0,0.0,235,FL,2015-10-01,Absolute lifetime-PD deterioration,0.00037189635191975926,38.20093931228427,41.84982600509642,37.20208361246323,0.02
RM002695,2,38.513675338534725,178427.77,0.0015095395473159203,0.0006062151757672286,0.029273036219952253,0.011855015910227196,42.0,0.0,236,ND,2015-11-01,Relative lifetime-PD deterioration,0.0002158502308162834,38.08356000388617,42.34007499537404,36.92472352602971,0.02259143964109249
RM000923,2,38.393339635508525,103123.5,0.002445072125105575,0.0007885716451902408,0.04583748295502932,0.01500651530141639,51.0,0.0,230,IN,2015-05-01,Absolute lifetime-PD deterioration,0.0003723044663486841,37.94976938734575,42.3376605956692,36.75588135529521,0.023469635845450258
RM002385,2,38.383987760114195,43982.33,0.008787135378926,0.0014673923836570708,0.15872939992755497,0.028347976020880572,30.0,0.0,235,IL,2015-10-01,Absolute lifetime-PD deterioration,0.000872713832125633,38.005526247166564,41.763215069452585,36.977519843581405,0.02018609838933371
RM002944,2,38.369922213832,189261.0,0.0010275357747364547,0.0003066770408783457,0.020015567858406635,0.006014082727014536,38.0,0.0,236,PA,2015-11-01,Relative lifetime-PD deterioration,0.00020273549338655083,37.92738038536534,42.30658872210615,36.7352542094452,0.027130150372665154
RM002659,2,38.314664792338775,62179.45,0.003769741623209248,0.000829523915388519,0.07158676143777887,0.016188278812638512,26.0,0.0,236,OH,2015-11-01,Absolute lifetime-PD deterioration,0.0006161949774779091,37.87253911472702,42.24905755645052,36.68056986113317,0.02487581598791253
RM002129,2,38.31132010368402,166855.79,0.0011571769539893198,0.0005156937287834522,0.022325040564346588,0.010008202774137498,55.61859666666667,0.0,234,NJ,2015-09-01,Relative lifetime-PD deterioration,0.0002296073759483205,37.858740323490686,42.334803441807914,36.641245625377984,0.02687271956498489
RM002004,2,38.254346299096966,96958.4,0.003774589097314892,0.0007987642819900942,0.07079751808154011,0.015395791421063731,39.0,0.0,233,MI,2015-08-01,Absolute lifetime-PD deterioration,0.0003945439105750195,37.88046689040275,41.590165485030546,36.86659118513822,0.020180439612848784
RM003385,2,38.23464822913935,165230.03,0.0017249945125169008,0.0006109090266564243,0.033662312849756515,0.012046912715922176,21.0,0.0,238,WA,2016-01-01,Absolute lifetime-PD deterioration,0.00023140253759646086,37.81234472542661,41.993362630662155,36.6733330263145,0.022288674019853655
RM000015,2,38.20910965190858,61735.32,0.008770259539906403,0.0012055116984883965,0.07554085708405411,0.010697995327587861,22.0,0.0,107,NY,2015-02-01,Absolute lifetime-PD deterioration,0.000618918143647892,37.71179809399147,42.632224738750175,36.372645386219624,0.02060527181095834
RM003294,2,38.09654329782526,180165.88,0.002131628842475628,0.0005112503375734411,0.041439337277597854,0.010091130631420753,29.0,0.0,238,CO,2016-01-01,Absolute lifetime-PD deterioration,0.00021145259744977937,37.73070964807549,41.36294131109234,36.73705597495405,0.02
RM002827,2,38.08365194315051,97395.61,0.0014920085566152534,0.0007399122837988695,0.02905861053555825,0.014512342474532258,70.12483920000001,0.0,237,PA,2015-12-01,Relative lifetime-PD deterioration,0.00039102021069687337,37.621542599430235,42.19032809261809,36.379442404892465,0.03137013960431886
RM000319,2,38.01144599256801,112623.08,0.0039060859536312717,0.000802473232531804,0.03461048025543911,0.007199119770293194,18.0,0.0,108,CA,2015-03-01,Absolute lifetime-PD deterioration,0.0003375102686995242,37.493817239975165,42.60679515444205,36.10567130853737,0.023086382613977153
RM003356,2,37.97813031918478,215281.9,0.0017592951199223489,0.0006706674158242511,0.03432063084861825,0.013217898956015328,19.0,0.0,238,TX,2016-01-01,Absolute lifetime-PD deterioration,0.0001764111628482691,37.61464200006024,41.223536629276715,36.62739304726408,0.02
RM000709,2,37.96148479632251,79855.12,0.001602582056479376,0.0005805293725895463,0.03014348330575034,0.011020477123184103,51.99868279069767,0.0,229,PA,2015-04-01,Relative lifetime-PD deterioration,0.00047537947217814603,37.50259884844681,42.04082004652114,36.26828196378084,0.03627489637373189
RM002347,2,37.960190627315,95356.75,0.0033392141957529348,0.0007647335080741187,0.06340317190335942,0.014870092241798916,43.0,0.0,235,SC,2015-10-01,Prior default history,0.00039808603614652346,37.557503025564465,41.545390257922314,36.47067133737206,0.021024214622906663
RM002831,2,37.90679101883853,68213.64,0.0019825614976185357,0.0008958258550024196,0.03843629003798177,0.017544756630671343,45.91302692307692,0.0,237,WA,2015-12-01,Absolute lifetime-PD deterioration,0.0005557069087478477,37.45530092830226,41.92174367349425,36.23995672020378,0.03428327386166087
RM000838,2,37.876789901918755,138597.24,0.0022984321390384305,0.0004797817926883844,0.042962047612432386,0.009116225918374465,24.0,0.0,229,MA,2015-04-01,Absolute lifetime-PD deterioration,0.00027328675449755533,37.46944513238541,41.50338261786211,36.370091604635924,0.02120707612327685
RM002323,2,37.8674481820368,104337.4,0.002548548199184891,0.0008854864398082182,0.04874467792211923,0.017198840122424786,25.0,0.0,235,CA,2015-10-01,Absolute lifetime-PD deterioration,0.0003629326414309424,37.44196981921286,41.65389518280728,36.2947496622242,0.02293649555678906
RM003340,2,37.84877408386365,106109.4,0.0029312685955686043,0.0008809065288047684,0.05655970956209411,0.017327140842555044,39.0,0.0,238,TX,2016-01-01,Absolute lifetime-PD deterioration,0.0003566957694969876,37.441616419616985,41.4729422535822,36.343280066187305,0.021226950835545773
RM002120,2,37.82440218941939,144491.48,0.0012474850831020326,0.00035573635273820165,0.024148803576412026,0.006943524548449487,37.0,0.0,235,IN,2015-10-01,Relative lifetime-PD deterioration,0.00026177600360532944,37.38189344330542,41.76006785955876,36.19033335874291,0.028558540954075114
RM001718,2,37.776961795159394,174522.28,0.0017081046747584264,0.0004639710526654024,0.032235653802337616,0.00885540006559582,29.0,0.0,230,CA,2015-05-01,Absolute lifetime-PD deterioration,0.00021645924975974068,37.361709785409936,41.47245795765777,36.24202504456202,0.021756081177280045
RM001022,2,37.757077095670596,181778.1,0.0020803738852916143,0.0005025450539727996,0.039129242583123336,0.009588271197145892,32.0,0.0,230,CO,2015-05-01,Absolute lifetime-PD deterioration,0.00020770971363255858,37.39497639840006,40.99043138272903,36.4112685387385,0.02
RM002345,2,37.68059754162128,101651.91,0.0024095306361485405,0.0005944795594372364,0.046144972565752895,0.011577808500395248,31.0,0.0,235,SC,2015-10-01,Absolute lifetime-PD deterioration,0.00037068263195075507,37.25366662881061,41.47940488475569,36.10291224036647,0.02363419702780735
RM000466,2,37.61475106252354,141575.83,0.002491332257288189,0.0006017585656364618,0.046487023848927445,0.01142129197728825,26.0,0.0,229,OR,2015-04-01,Absolute lifetime-PD deterioration,0.00026568624787524496,37.226819589079824,41.071027748400475,36.17815758807737,0.020455978379118313
RM002113,2,37.593438017378794,100332.77,0.0022031951357201363,0.0005061942226378858,0.04209790349290965,0.009824705575672832,29.0,0.0,234,TN,2015-09-01,Absolute lifetime-PD deterioration,0.0003746875324719809,37.159685196320034,41.45235461921961,35.99094239924281,0.02525165146732245
RM002106,2,37.564672017619586,104552.41,0.0035821468280518845,0.0006517628912437632,0.06758498891139186,0.012633044538051585,33.0,0.0,234,IL,2015-09-01,Prior default history,0.0003592903503383574,37.207236850715354,40.757452692143524,36.235469935431524,0.02001025731976255
RM000866,2,37.53342271991185,239238.9,0.0014842112884832115,0.00040961535693510864,0.02806710493587794,0.007821818505059808,41.0,0.0,230,MD,2015-05-01,Absolute lifetime-PD deterioration,0.0001568867885611907,37.16125317432674,40.85158829233269,36.15363299025559,0.02022297088563454
RM002091,2,37.527255877462736,57694.95,0.006659867216575612,0.0012170312942271504,0.12168057788737674,0.023367727652573334,28.0,0.0,233,TX,2015-08-01,Absolute lifetime-PD deterioration,0.0006504426449362161,37.171129483368325,40.71063571875582,36.20137501188271,0.02
RM000090,2,37.465753653779615,219260.35,0.0016910654339103474,0.00046487201006294816,0.031509300983210475,0.00875730296790278,37.0,0.0,227,CO,2015-02-01,Absolute lifetime-PD deterioration,0.000170873364262073,37.1080864006942,40.65966535539927,36.1363244780039,0.02
RM000500,2,37.38159524684757,173501.25,0.0017729150700453937,0.0004348583617254251,0.033296217169598186,0.008265999130496526,45.0,0.0,229,AL,2015-04-01,Absolute lifetime-PD deterioration,0.00021545432812067675,36.98056258281844,40.95073991218932,35.899089089043045,0.02117716962112183
RM002641,2,37.36461795503439,166515.46,0.0018636718367899974,0.00040376364411377503,0.03602161722698871,0.007910831873417679,40.0,0.0,236,NY,2015-11-01,Absolute lifetime-PD deterioration,0.00022439128447913721,36.96751750970962,40.89940563787216,35.89621653306913,0.021065812143408413
RM001411,2,37.334353970886475,192708.71,0.0015789301221089682,0.00047825222142604864,0.02996044062859038,0.009166288524197985,41.0,0.0,231,NC,2015-06-01,Absolute lifetime-PD deterioration,0.0001937346473383921,36.93213803159633,40.913949514730454,35.84752767099608,0.021276088344163415
RM002775,2,37.329854395775,143372.17,0.0016737888849064114,0.0006290719889089638,0.03254370370120374,0.012351171610676004,48.0,0.0,237,IL,2015-12-01,Absolute lifetime-PD deterioration,0.00026037029638161294,36.903928387060795,41.11783578833327,35.75715471541166,0.02346373759051776
RM000270,2,37.27571769643524,99380.48,0.0029834437857281355,0.0006902373786309939,0.055188799604902083,0.013033358843645981,30.0,0.0,228,MI,2015-03-01,Absolute lifetime-PD deterioration,0.00037508087801986105,36.865016998753426,40.93103990309938,35.75738162149584,0.02172232565697534
RM000430,2,37.22163022070246,103201.04,0.0018922247762113006,0.0009012583483515628,0.0353465184501216,0.016985717846031978,59.627267555555555,0.0,228,VA,2015-03-01,Relative lifetime-PD deterioration,0.0003606710767711494,36.77707936321657,41.172959303774284,35.58170747731824,0.02638005603183768
RM002217,2,37.18739602300134,113482.96,0.002047405577188963,0.0006899674189034127,0.03917725484609602,0.013368840863502096,31.0,0.0,234,KY,2015-09-01,Absolute lifetime-PD deterioration,0.0003276914527344135,36.76368690013156,40.957242572087935,35.6218146860803,0.024171585092356493
RM000565,2,37.112316461545674,110785.28,0.0030351040120364606,0.0008682887861830584,0.056118515068452,0.01636919782551116,35.0,0.0,228,TX,2015-03-01,Absolute lifetime-PD deterioration,0.00033499320903955537,36.71872039068616,40.617033873652744,35.656114830150635,0.020740722243948937
RM001083,2,37.02547526702871,42432.5,0.00517849352506529,0.002699716625460149,0.09472122514878412,0.050495056632814506,47.833,0.0,230,OK,2015-05-01,Absolute lifetime-PD deterioration,0.0008725735053798082,36.5902726860889,40.8969349813471,35.41786303542247,0.02498076444355505
RM002802,2,37.0125517930188,235456.35,0.0014343913275400573,0.00043497443931190166,0.02795148748155818,0.008555803096858883,38.0,0.0,237,AZ,2015-12-01,Relative lifetime-PD deterioration,0.00015719496115954742,36.64408076695534,40.29671338894453,35.64716865465305,0.0203329879990003
RM001941,2,36.97959714743666,149945.82,0.00240712333287854,0.0006383924931525084,0.04571666450470202,0.012322856536973181,19.0,0.0,233,DC,2015-08-01,Absolute lifetime-PD deterioration,0.0002466197266948599,36.617058258983114,40.21398733822543,35.63410209253442,0.02012221436820697
RM000075,2,36.91179615467647,103448.56,0.003505021862698567,0.0008098748116663241,0.06426204076174147,0.015209488293602247,31.0,0.0,227,MN,2015-02-01,Absolute lifetime-PD deterioration,0.00035681304944869675,36.53443022960858,40.275444682910084,35.513312763586455,0.020295074234663635
RM002135,2,36.83031635635179,192972.91,0.0017234777743777205,0.0004326890681544756,0.03307738354732137,0.008403752135880072,31.0,0.0,234,MI,2015-09-01,Absolute lifetime-PD deterioration,0.00019085744396118496,36.449789486501786,40.21967171177985,35.42178503091494,0.020569949992374666
RM000831,2,36.80190087534799,220278.37,0.0016650848352441848,0.0005388797920951032,0.03116695678984116,0.010189210423901751,29.0,0.0,228,TX,2015-03-01,Absolute lifetime-PD deterioration,0.0001670699709433477,36.44889874073252,39.9538096506962,35.4900440171,0.02
RM000178,2,36.7771190086186,109384.6,0.003142912119455774,0.001315384623482778,0.05805591825492917,0.024698631184182473,18.0,0.0,228,CA,2015-03-01,Absolute lifetime-PD deterioration,0.000336218434849317,36.39614646977461,40.17169314065829,35.36609472555902,0.020513967214260923
RM000421,2,36.75106583088029,85526.52,0.004323379331311894,0.0009960213170734419,0.0793573808746878,0.01883719892639779,39.0,0.0,229,TX,2015-04-01,Absolute lifetime-PD deterioration,0.0004297037437145846,36.40176861903842,39.87201130540708,35.45154808650447,0.02
RM002678,2,36.703978902953736,182600.86,0.001952241033885812,0.0004892178474051881,0.03770247612713706,0.00957747953390753,44.0,0.0,236,GA,2015-11-01,Absolute lifetime-PD deterioration,0.00020100660480434614,36.35905976970805,39.784761361331846,35.42145485202582,0.02
RM001576,2,36.65702622573611,184353.94,0.0017314500290630441,0.0005485179671938,0.03294868034826093,0.010551528110143038,36.0,0.0,232,MD,2015-07-01,Absolute lifetime-PD deterioration,0.00019884048166117908,36.269191901761815,40.10981915753576,35.222559992465676,0.020852126874742916
RM001252,2,36.5966349045176,156754.27,0.0023188159826758093,0.0005319842396360227,0.043520173704424736,0.010147243484971202,40.0,0.0,230,MN,2015-05-01,Absolute lifetime-PD deterioration,0.00023346499527264936,36.24806006151608,39.70974143222303,35.300739373566714,0.02
RM003420,2,36.49356280257699,119361.0,0.002990814702326421,0.0007282148048538712,0.05767655786124726,0.014344314087915255,45.0,0.0,238,MN,2016-01-01,Absolute lifetime-PD deterioration,0.00030574109468400055,36.151252351507644,39.55171424950331,35.220286757802526,0.02
RM001830,2,36.36273111563138,104774.27,0.0029341678460628406,0.0008644839707012987,0.055458359079915476,0.01665244591076276,27.0,0.0,233,FL,2015-08-01,Absolute lifetime-PD deterioration,0.0003470578331457845,35.97150088888283,39.845812629983726,34.91566699958147,0.021163064083598852
RM000088,2,36.32883688046008,82009.49,0.004104933812753573,0.001349635728958575,0.07486118235484096,0.02522426832203417,20.0,0.0,227,FL,2015-02-01,Absolute lifetime-PD deterioration,0.00044298332888620666,35.94762334124313,39.7251819244668,34.91717413877754,0.020642722313074405
RM000509,2,36.32650329968287,190999.04,0.0009727787801214828,0.00047051981560048214,0.018401483452208378,0.008940989059723736,47.0,0.0,229,WA,2015-04-01,Relative lifetime-PD deterioration,0.00019019207269147984,35.89905322025526,40.12730295932692,34.748673014681636,0.027198335565250007
RM001628,2,36.294231566114846,152942.87,0.0019081953422285965,0.0005224697925357761,0.036253532822550394,0.010052851201391988,35.0,0.0,232,MI,2015-07-01,Absolute lifetime-PD deterioration,0.0002373058094575762,35.90018802798797,39.801124465829645,34.837595574994424,0.021444111489189004
RM000410,2,36.273406600974,228536.26,0.0015880117429925332,0.0006766717879518743,0.029873346053501337,0.012834451110100065,18.0,0.0,229,MA,2015-04-01,Relative lifetime-PD deterioration,0.00015872057502373582,35.924278523652035,39.39044822750111,34.976133309213914,0.02
RM002291,2,36.26559289375203,42458.04,0.005595898089812391,0.0009289027761054396,0.10365192849919258,0.01795880581547671,15.0,0.0,234,NJ,2015-09-01,Absolute lifetime-PD deterioration,0.0008541513667082142,35.85522186986226,39.92012399659837,34.74702888051077,0.024174207661615252
RM001102,2,36.244066358618326,168761.65,0.0014028766141142152,0.0006640958815845336,0.026662445089827957,0.012706672235443972,43.202982399999996,0.0,231,VI,2015-06-01,Relative lifetime-PD deterioration,0.0002147648257682852,35.83075491827072,39.920146687677544,34.717751376390495,0.023492605169642262
RM000583,2,36.21382106835935,188031.65,0.001775354279415862,0.0005457157924766106,0.0331981432874362,0.010317832413941463,24.0,0.0,228,NC,2015-03-01,Absolute lifetime-PD deterioration,0.00019259428435776293,35.83916765712001,39.55130376235304,34.826731954842145,0.020522201451954325
RM002887,2,36.15578862750603,174552.06,0.002036369943917208,0.00036266919649075984,0.0392964911952588,0.0071084028134268396,31.0,0.0,236,NC,2015-11-01,Absolute lifetime-PD deterioration,0.0002071347002579404,35.8132807024723,39.21465342273147,34.882487451830436,0.02
RM000137,2,36.110166016495185,284351.38,0.0012564984403230313,0.0004459770731372864,0.02350310401913236,0.00840277904665887,32.0,0.0,227,IL,2015-02-01,Relative lifetime-PD deterioration,0.00012699135139240464,35.76455035182526,39.19602397511414,34.82582556034545,0.02
RM000971,2,36.10944260963018,94508.0,0.002516231523073606,0.0009900485531754487,0.04714119900390523,0.01880624409722198,42.4074358974359,0.0,230,GA,2015-05-01,Absolute lifetime-PD deterioration,0.00038207815856467365,35.69512368015855,39.794598096740295,34.57932989372545,0.023489351793747313
RM002951,2,36.102212115021544,55800.96,0.00490208601745467,0.0017827645703911137,0.0921215419972522,0.03448373062630905,31.0,0.0,236,TX,2015-11-01,Absolute lifetime-PD deterioration,0.0006469819177845963,35.696514091705154,39.71313891545725,34.602283246408255,0.0223036886295269
RM000937,2,36.08223333684876,77222.71,0.002549463227819862,0.0005672775960473177,0.03305222813817388,0.007443433766095242,27.0,0.0,158,PA,2015-05-01,Prior default history,0.0004672489910914646,35.62617503708754,40.13510858415877,34.40035725169181,0.03249192895120372
RM000107,2,35.87398448861455,58954.62,0.00781781816474058,0.0013441898691493447,0.03027243258594592,0.005254432159104594,15.0,0.0,47,MS,2015-02-01,Absolute lifetime-PD deterioration,0.0006085016660036915,35.24535654317661,41.41513396976924,33.586283572120784,0.04088002551192798
RM000706,2,35.861302156848126,171864.63,0.0017842269041537394,0.0004355402884800376,0.03350524631036356,0.008278910532038997,36.0,0.0,229,OH,2015-04-01,Absolute lifetime-PD deterioration,0.00020866016560154422,35.48167556354365,39.24106185755513,34.45716774380495,0.0209341470888885
RM000367,2,35.83717898139278,166258.52,0.0016070535143148643,0.0004735412127269615,0.030096384600303394,0.008959040483956349,40.0,0.0,228,AR,2015-03-01,Absolute lifetime-PD deterioration,0.00021555093225533815,35.43817653928218,39.38688645407921,34.36310179279899,0.022151981639659715
RM002097,2,35.82378950136368,192153.05,0.0017255852422448164,0.0005383568101973986,0.0331171876605868,0.01044584387320735,22.0,0.0,234,NC,2015-09-01,Absolute lifetime-PD deterioration,0.00018643362414160836,35.45254807543202,39.13064628355469,34.44948882007386,0.020517719897607173
RM000597,2,35.791503146694936,103811.01,0.002311718154530077,0.0005306371108185053,0.04302067496937689,0.010034100129301837,30.0,0.0,228,CA,2015-03-01,Absolute lifetime-PD deterioration,0.00034477559891474843,35.384618920587116,39.41171498591563,34.28804792915595,0.023480527703009225
RM000939,2,35.71450651219719,174860.75,0.0020069983384583367,0.0004317217542702666,0.037774185979922215,0.00824229809936805,42.0,0.0,230,OH,2015-05-01,Absolute lifetime-PD deterioration,0.0002042454153501983,35.37586602331859,38.73893643296261,34.45551239012633,0.02000088703758253
RM000841,2,35.666505175893064,296386.33,0.00116092118024959,0.0003784497841256972,0.021923230380379577,0.007197423910488943,42.0,0.0,229,MD,2015-04-01,Relative lifetime-PD deterioration,0.00012033788864652787,35.32542955067009,38.71104568885935,34.39956338916349,0.020045525551457086
RM001592,2,35.54503292777638,117904.99,0.0027758096664220497,0.0006872744957029937,0.05232178925444242,0.013203928143702082,31.0,0.0,232,NV,2015-07-01,Absolute lifetime-PD deterioration,0.00030147182852715887,35.184501107228044,38.758055365525976,34.20932362776955,0.020422615654186235
RM002810,2,35.50022675093889,81968.13,0.003066262012503776,0.0008535602961919627,0.058608138326404324,0.016653623462291156,12.0,0.0,236,NY,2015-11-01,Absolute lifetime-PD deterioration,0.000433097921728102,35.106037176599166,39.00991372515784,34.04204209681201,0.022983366202362653
RM001617,2,35.485458964200156,206703.98,0.0016880276256666688,0.00041442852972304505,0.03213510851548207,0.007981919573089247,45.0,0.0,232,VA,2015-07-01,Absolute lifetime-PD deterioration,0.00017167283844365337,35.14876728303062,38.49220180487161,34.233900534636284,0.02
RM000291,2,35.45540488200494,196797.68,0.0017863252944559478,0.00048598697752494477,0.03325598299822197,0.009153339073733946,36.0,0.0,227,TX,2015-02-01,Absolute lifetime-PD deterioration,0.00018016170150992095,35.11474113721452,38.49689063979378,34.18957327813929,0.020016714802522793
RM002934,2,35.38594389598576,165551.94,0.001075465134345637,0.0003208999168949725,0.021027636605433386,0.006318742721288628,53.0,0.0,237,LA,2015-12-01,Relative lifetime-PD deterioration,0.00021374526868115084,34.97165169294513,39.06961809152484,33.85676938555958,0.02668887007466091
RM001808,2,35.35021533483119,100555.91,0.002679220791861074,0.0005675032864809041,0.05075785072857175,0.010961628662147227,39.0,0.0,233,NY,2015-08-01,Absolute lifetime-PD deterioration,0.0003515478636196638,34.95931718916293,38.8284350560508,33.90566572780753,0.02190724736976377
RM001667,2,35.32886744103523,78669.37,0.0021777628662267307,0.0006136951584428213,0.04127339456627965,0.011798263394916741,37.0,0.0,232,NY,2015-07-01,Absolute lifetime-PD deterioration,0.00044908034017604605,34.91270961537352,39.030194353176746,33.79208816625477,0.02827901251304304
RM001577,2,35.32587614596024,51421.47,0.005460903366717221,0.000792108347607605,0.10045553434422527,0.015203406441362532,23.0,0.0,232,IN,2015-07-01,Absolute lifetime-PD deterioration,0.0006869868976122277,34.93693172070431,38.789429083914634,33.88671195640505,0.021847115384910958
RM002761,2,35.324332382206705,116216.96,0.0016536391962430302,0.0004931487591260363,0.03202448845093786,0.00965408171398996,26.0,0.0,236,WA,2015-11-01,Absolute lifetime-PD deterioration,0.00030395161241704053,34.917956486922215,38.939942596869216,33.82280866645289,0.026421456455240504
RM003359,2,35.29399364134652,72872.68,0.004110253745927173,0.0008759910502252397,0.07844058460840386,0.01723125083743271,23.0,0.0,238,TX,2016-01-01,Absolute lifetime-PD deterioration,0.0004843240792207247,34.91847325837137,38.63851119212538,33.904159361315166,0.02108760335037314
RM002561,2,35.29153305376555,76922.69,0.002929161259706391,0.0008470432087568446,0.05605877184474606,0.016527473210856347,33.0,0.0,236,IL,2015-11-01,Absolute lifetime-PD deterioration,0.00045879223742390635,34.88904546336537,38.872713353588956,33.80426480861185,0.023857031180881918
RM000787,2,35.26770033922281,242155.98,0.0014418288410123672,0.0004369707084299533,0.02704214891764689,0.008269872847769255,33.0,0.0,228,OR,2015-03-01,Relative lifetime-PD deterioration,0.00014564042704715702,34.93004322814301,38.28250045875715,34.01293410499125,0.02000377301552076
RM002596,2,35.234421535114336,179186.89,0.001722793656393271,0.0007623749380066465,0.0333423000666061,0.014887165888742504,23.0,0.0,236,CA,2015-11-01,Prior default history,0.0001966350414090804,34.86874239878621,38.491391880579194,33.88094143950462,0.020729986649731448
RM002567,2,35.217238520763516,161859.26,0.00255051554204125,0.0005831171352382941,0.024176612257785002,0.005574241739787822,23.0,0.0,115,TN,2015-10-01,Relative lifetime-PD deterioration,0.00021757938668917376,34.75153396307792,39.35297901026769,33.50171823004564,0.02207478625935832
RM001849,2,35.15001894272289,118937.45,0.0020988090731264494,0.000699079544800109,0.039973798156057394,0.013486768745216704,23.0,0.0,233,NJ,2015-08-01,Absolute lifetime-PD deterioration,0.0002955336518709867,34.7543878267748,38.670620965194864,33.68779774162084,0.022926691148749335
RM003442,2,35.14245013302872,90532.1,0.0030175633505675242,0.0006589519703383352,0.057703343838257926,0.012879994118901505,26.0,0.0,236,MI,2015-11-01,Absolute lifetime-PD deterioration,0.0003881766813431779,34.756011261893825,38.58214683247892,33.71359943186198,0.021849785030705463
RM000027,2,35.12905372150387,172079.64,0.0018414673702964294,0.0005808213588588555,0.03426570262223705,0.010930222319135763,19.0,0.0,227,CA,2015-02-01,Prior default history,0.00020414416093329733,34.75859947141908,38.42802760489944,33.758255132860555,0.02075617490546488
RM003344,2,35.11932121248422,68617.61,0.004258168860499871,0.0008525058730726219,0.08115148178530973,0.016772984848532402,37.0,0.0,238,OH,2016-01-01,Absolute lifetime-PD deterioration,0.0005118120729137057,34.7468756714611,38.43599189052572,33.741178566840404,0.021092684914252303
RM000897,2,35.11675367072901,100814.73,0.0018540034013593695,0.00048368958969783953,0.03494293727174935,0.009230098626872851,36.0,0.0,230,KS,2015-05-01,Absolute lifetime-PD deterioration,0.00034832959103028903,34.70619377337529,38.76837797074733,33.60058851319375,0.026679586941891015
RM000199,2,35.013819212147155,156065.34,0.002101662784807015,0.0008482482174923916,0.03918520832365102,0.015994266764624454,26.0,0.0,228,VA,2015-03-01,Absolute lifetime-PD deterioration,0.00022435358941419765,34.65569898305164,38.20487496785267,33.687364992907135,0.02040663017454491
RM002193,2,35.00071822563048,81956.52,0.0023599863450408367,0.0007007641632915143,0.04502882508077366,0.013576685397679977,28.0,0.0,234,IN,2015-09-01,Absolute lifetime-PD deterioration,0.00042706447547590453,34.59525770423996,38.60802247619584,33.50268589205153,0.02621773374976695
RM000588,2,34.9861839516594,110793.71,0.002400621749626796,0.0005271867413368206,0.044830953093105363,0.010012669214897518,25.0,0.0,229,DE,2015-04-01,Absolute lifetime-PD deterioration,0.00031577770932717566,34.59608582073424,38.457762983391994,33.54426818047486,0.022217086274882065
RM002540,2,34.98089233029349,178444.23,0.0014333154822652485,0.0003518508494519191,0.02758217074530478,0.006838807081599785,31.0,0.0,234,NY,2015-09-01,Absolute lifetime-PD deterioration,0.00019603263344683934,34.59287176132223,38.43362989958867,33.54689394778046,0.022346710229988236
RM000946,2,34.965212425106664,245919.99,0.0013908497618519999,0.000375144186363876,0.02632383450482978,0.007165814835809137,35.0,0.0,230,VA,2015-05-01,Relative lifetime-PD deterioration,0.00014218125344388094,34.63227542884426,37.937973653882125,33.72791567133905,0.02000969919642521
RM001048,2,34.959813046156384,117471.97,0.0020255221769347872,0.0009658305209956864,0.03811644418172788,0.018350242843176545,42.84271847058823,0.0,230,IL,2015-05-01,Relative lifetime-PD deterioration,0.00029760131754116647,34.56284660341457,38.490717857111214,33.493723118541624,0.023024648666475744
RM000867,2,34.945141311281105,157441.81,0.0020935419553872884,0.0006092628078651325,0.039372231283802295,0.011613136809418223,24.0,0.0,230,MI,2015-05-01,Absolute lifetime-PD deterioration,0.0002219559169910528,34.58918839181197,38.117192605853965,33.626507078567435,0.02036615849532286
RM003415,2,34.89519218119945,110038.16,0.0022022652104433625,0.0006023280694256268,0.04278420927164195,0.011878657598840325,35.0,0.0,238,VA,2016-01-01,Absolute lifetime-PD deterioration,0.00031711900836218495,34.50318121202388,38.3829450599826,33.44677912194851,0.02278757886459435
RM003274,2,34.872686747470524,61734.1,0.007121492509645992,0.0012953280755846597,0.03395387259890492,0.006245227723664093,15.0,0.0,58,CT,2016-01-01,Absolute lifetime-PD deterioration,0.0005648853186078767,34.29604642795384,39.96706450601981,32.76642773821538,0.03435995120671197
RM000988,2,34.87160256525455,256531.12,0.0013475467797423595,0.0004532268413257825,0.025514264398063258,0.008651178264186932,23.0,0.0,230,CA,2015-05-01,Relative lifetime-PD deterioration,0.00013593517451315282,34.52873199614857,37.93023967590571,33.599293289955135,0.020083063831133265
RM000552,2,34.839748109411815,287082.68,0.0011251586882204223,0.0004673362213304212,0.021254732509706997,0.008880748587919651,23.0,0.0,229,NY,2015-04-01,Prior default history,0.00012135788933491849,34.498765532348344,37.87995780993844,33.57551486942705,0.02023876638229724
RM000617,2,34.82841587125208,35896.42,0.021266923232482353,0.0009246890419037546,0.08403456537863929,0.003770434385955257,15.0,0.0,49,FL,2015-04-01,Absolute lifetime-PD deterioration,0.0009702476144209391,34.23451463498284,40.07749603032952,32.65761747679205,0.023369010619851967
RM002537,2,34.82781361414078,149578.48,0.0016883002544015012,0.0006884440073526522,0.03254898693869834,0.013396133740591898,42.0,0.0,235,IL,2015-10-01,Relative lifetime-PD deterioration,0.00023283973479434192,34.43993408704315,38.278419447937544,33.39492831128056,0.0222750149964561
RM001306,2,34.8235434800906,68298.65,0.0023841676412407974,0.0011485946827769285,0.04491030855448219,0.021880233045457165,59.85724382022471,0.0,231,VA,2015-06-01,Absolute lifetime-PD deterioration,0.0005098716223540377,34.40499089620353,38.54406549841041,33.27934123242064,0.02810301742634895
RM000153,2,34.79916726390348,89369.13,0.0016369226704018715,0.0007431225560564367,0.03051520906777816,0.013964210588469306,59.57942,0.0,227,PR,2015-02-01,Relative lifetime-PD deterioration,0.00038938688632085235,34.37959377997175,38.52852764056518,33.25135813689353,0.03016268329169499
RM000263,2,34.756792567668924,79360.34,0.002813113827176712,0.0006473274077644135,0.05211726657361759,0.012227828306711652,31.0,0.0,228,OH,2015-03-01,Absolute lifetime-PD deterioration,0.00043796173967587497,34.35807866574574,38.304205327750054,33.28359756016795,0.024043944680953135
RM001458,2,34.75363321529283,61070.91,0.004150977364094342,0.0007282045873093507,0.07727059271892311,0.013985038510113457,20.0,0.0,232,PA,2015-07-01,Absolute lifetime-PD deterioration,0.0005690701713023898,34.36463705888137,38.2166714637958,33.314936047271914,0.02270172297791884
RM002833,2,34.75023726272222,72011.33,0.0029777179399184213,0.0006710327085138936,0.057196752323544486,0.013169853016364863,42.0,0.0,237,PA,2015-12-01,Absolute lifetime-PD deterioration,0.0004825662470436558,34.347841497644204,38.32938417963981,33.26412945865461,0.024242594407777623
RM002159,2,34.74904154602454,117228.25,0.002865888146479564,0.0006282862013551664,0.05442781883594061,0.012180639338498667,36.0,0.0,234,MI,2015-09-01,Absolute lifetime-PD deterioration,0.00029642207868858014,34.40963016227686,37.777215778962315,33.48930154733007,0.020140037512272047
RM001369,2,34.72773322661015,138383.44,0.0015824606780437032,0.0003478782212839935,0.030026469750992324,0.006675440432801882,28.0,0.0,231,UT,2015-06-01,Absolute lifetime-PD deterioration,0.0002509529552568584,34.33033397033436,38.26323129910065,33.25954289610753,0.024346130884350316
RM001523,2,34.721960731264566,149289.23,0.002236960196662023,0.0005737349599760692,0.042193705386562086,0.010986767201338177,33.0,0.0,231,TX,2015-06-01,Absolute lifetime-PD deterioration,0.000232581819406963,34.381381923928224,37.75997623273513,33.458275482825165,0.020153750394798664
RM000134,2,34.60021355147683,159750.18,0.0014135214384015443,0.00040195798664616363,0.026403205621886472,0.007576387225898706,49.0,0.0,227,PA,2015-02-01,Relative lifetime-PD deterioration,0.00021658951214625753,34.20175548804046,38.1433202435442,33.12933412130218,0.02356146176641307
RM003230,2,34.562961747131205,28816.67,0.012626374888948296,0.001912985091806152,0.22276886762613402,0.03726511622014739,20.0,0.0,238,FL,2016-01-01,Absolute lifetime-PD deterioration,0.0011994085974240329,34.23627027629188,37.48620306992902,33.344658948239655,0.020025381995097468
RM000772,2,34.40898413976979,63497.13,0.003513084620740317,0.0006737904256389522,0.06495385911535234,0.012780132656853183,28.0,0.0,229,OH,2015-04-01,Absolute lifetime-PD deterioration,0.0005418982580751255,34.0119218806732,37.941912658602554,32.94174952708266,0.024179767784097066
RM001864,2,34.40589382485349,67349.96,0.004729004227807229,0.0009569421328765852,0.08793069348020033,0.018417802917303105,18.0,0.0,233,TX,2015-08-01,Absolute lifetime-PD deterioration,0.0005108524760052343,34.04672351182345,37.60638548530045,33.07549679311681,0.020627258998026022
RM002410,2,34.398383461378884,71720.49,0.0032728979777152294,0.000992133954980706,0.061925754060832894,0.019170086997447155,41.0,0.0,234,TX,2015-09-01,Absolute lifetime-PD deterioration,0.0004796172399460584,34.001731614116444,37.92644714011618,32.93348436499212,0.023282232471145498
RM002522,2,34.38047678137815,211681.04,0.0014985672940048735,0.0005147514864117812,0.028820512565462142,0.009990003391939895,45.0,0.0,234,TX,2015-09-01,Relative lifetime-PD deterioration,0.0001624164203906885,34.036973005396185,37.441942554857405,33.107721514475585,0.020317923483978415
RM000468,2,34.35039645556353,116640.89,0.0029159379645575766,0.0006227251212713909,0.05420279513506676,0.01181699705277961,41.0,0.0,229,TX,2015-04-01,Absolute lifetime-PD deterioration,0.00029449703663581044,34.02430110133137,37.263234547566086,33.13773876119056,0.020003469369594826
RM002364,2,34.32620734335159,55614.66,0.0058778963481445285,0.001300375508383671,0.1085956726169186,0.02505461383299168,22.0,0.0,234,AZ,2015-09-01,Absolute lifetime-PD deterioration,0.0006172150893910273,33.97476222692185,37.45957292509652,33.02326967851899,0.02044136580729597
RM002416,2,34.324285662750064,98551.4,0.003508869338463756,0.0015452775852036794,0.06652042591396456,0.02983109280141283,11.0,0.0,235,NC,2015-10-01,Absolute lifetime-PD deterioration,0.00034828815889728675,33.98830244813973,37.32295929221815,33.07653702483217,0.020070040767725703
RM001611,2,34.22836737675066,113977.02,0.002770152692817596,0.0010379300634834822,0.05221784952906905,0.019876866708095742,25.0,0.0,232,OR,2015-07-01,Absolute lifetime-PD deterioration,0.0003003093726853945,33.86889764210723,37.429931222870586,32.89793860929753,0.020621017616490562
RM003458,2,34.15912053170965,141433.22,0.0016392959550978355,0.0005662119761888632,0.03175094934404388,0.011076850776668978,34.0,0.0,236,OH,2015-11-01,Absolute lifetime-PD deterioration,0.00024152119658811167,33.772742113068475,37.59640939281436,32.73175556982122,0.02314275637572745
RM002895,2,34.0767000659355,81256.22,0.0023579388701270684,0.0007561537778063971,0.0453662844357523,0.014766538874898205,58.38409881481482,0.0,236,NC,2015-11-01,Absolute lifetime-PD deterioration,0.00041937343462365706,33.67789043539465,37.62243598865964,32.6048583078005,0.024951825312630953
RM001795,2,34.045905325585856,115293.32,0.001560558684722249,0.00048319430650795573,0.02986934002129127,0.00934039514920959,35.0,0.0,233,CT,2015-08-01,Absolute lifetime-PD deterioration,0.0002952981606010292,33.65033332567886,37.56448125100452,32.58491524962755,0.02663976786325209
RM002342,2,33.99728187597981,150410.13,0.002099978433888601,0.0005498087886650855,0.01977267659992865,0.005210995306503596,20.0,0.0,114,WA,2015-09-01,Relative lifetime-PD deterioration,0.00022603053315610995,33.53890711248423,38.06655884191921,32.30968759190234,0.02649627974022546
RM002705,2,33.992915524163394,90706.03,0.002808053832613572,0.0007599618305884848,0.053801349139415255,0.014840377897591628,30.0,0.0,236,FL,2015-11-01,Absolute lifetime-PD deterioration,0.0003747591590566073,33.61257330638573,37.37731282149505,32.58730445337905,0.022256624583119288
RM000799,2,33.98366825878395,94910.87,0.002614842927543896,0.0010305920146772862,0.04873754194121427,0.01948493838794385,49.3536524,0.0,229,FL,2015-04-01,Absolute lifetime-PD deterioration,0.0003580587582727242,33.599003731642036,37.40483811194755,32.56322339979007,0.022371816197095936
RM003364,2,33.938888122284595,109974.56,0.002339705214973166,0.0006141722649298525,0.04539584735136848,0.012110891040339133,33.0,0.0,238,FL,2016-01-01,Absolute lifetime-PD deterioration,0.00030860671888375456,33.56505946853857,37.26555478579562,32.557194314402054,0.021929194320782223
RM002451,2,33.93786982858721,104203.43,0.0013034436162105475,0.00039789947697190447,0.02521897308648624,0.007763456246468459,40.0,0.0,235,PA,2015-10-01,Relative lifetime-PD deterioration,0.0003256886057261955,33.53856129905773,37.48918321499921,32.463416006013,0.031809581488928935
RM002083,2,33.92886349342426,22190.77,0.006301587956625891,0.000876669731116221,0.11550903312287442,0.016885287835788798,16.0,0.0,233,MO,2015-08-01,Absolute lifetime-PD deterioration,0.0015289628748089525,33.535494063829404,37.431908722703604,32.473266860200326,0.03366671099703878
RM000067,2,33.89955439294933,134972.51,0.0033229808297229177,0.0009770334106325707,0.029243147622218024,0.008678264493311993,16.0,0.0,107,CA,2015-02-01,Absolute lifetime-PD deterioration,0.0002511589537228679,33.44499768859122,37.93607058128713,32.225251152796304,0.02135290643960305
RM000956,2,33.899220593204305,86193.06,0.001868624669046823,0.00029629317851097845,0.035213852088397224,0.005663694536559127,50.7018,0.0,230,SC,2015-05-01,Prior default history,0.00039329408415485315,33.55705272471079,36.95586320213539,32.62663356585611,0.02318646085233492
RM003055,2,33.82085586486443,83275.51,0.0016898462922085588,0.0006508341681764603,0.03285098485083915,0.012775846582330774,30.0,0.0,237,LA,2015-12-01,Absolute lifetime-PD deterioration,0.00040613207730417296,33.42701913419222,37.32455567122301,32.365897440001476,0.03138669557222505
RM002874,2,33.81636084082819,144701.87,0.0020344366563885058,0.000524724476139323,0.03942292126573055,0.010312486190755088,32.0,0.0,237,GA,2015-12-01,Absolute lifetime-PD deterioration,0.0002336967783541995,33.4642892698967,36.95171563012243,32.51352827068361,0.020745317331838636
RM001590,2,33.77589217471281,129505.55,0.00244781457543127,0.000489999151032217,0.04627740478407083,0.009430886237316694,37.0,0.0,232,OH,2015-07-01,Absolute lifetime-PD deterioration,0.00026080652276842814,33.4373403972564,36.793750374188875,32.52112939958506,0.0203042801453613
RM002196,2,33.73814090037733,29895.43,0.0037697271259720206,0.0006079214751193351,0.07129424316453647,0.011838120538577024,74.738575,0.0,235,OH,2015-10-01,Absolute lifetime-PD deterioration,0.0011285384053809338,33.38013890363714,36.93585073793897,32.406921415691585,0.027317132821666743
RM001787,2,33.735312732384244,126470.52,0.0028258579167126942,0.0007957004822792551,0.026295910745666173,0.0074678051601306805,34.0,0.0,113,IL,2015-08-01,Relative lifetime-PD deterioration,0.0002667444771507561,33.276182205068274,37.80953347957686,32.04612786967609,0.023473473382914337
RM000978,2,33.733115899597564,67519.16,0.011251825831771704,0.001498729229068782,0.046054140745942385,0.006229902544023891,10.0,0.0,50,TN,2015-05-01,Absolute lifetime-PD deterioration,0.0004996080505088862,33.157240007700494,38.81717170876113,31.632058098640094,0.022672298755110797
RM001029,2,33.7273780138151,118184.94,0.0022611580288398633,0.00057876513768134,0.04246014446553992,0.011034873970265147,32.0,0.0,230,SC,2015-05-01,Absolute lifetime-PD deterioration,0.00028537796790196026,33.35707914615309,37.022765452465336,32.35864139338638,0.021664642386099896
RM000839,2,33.72719429806308,205896.2,0.00164172729786381,0.0005497367478297923,0.030868892904195033,0.010438827529817063,17.0,0.0,229,CO,2015-04-01,Absolute lifetime-PD deterioration,0.0001638067837000541,33.4022943151937,36.62791358441583,32.51995475963071,0.02
RM001261,2,33.669320478943305,98831.59,0.002460610698195884,0.0006732990710968519,0.04612231038562531,0.012826278332716767,27.0,0.0,230,NC,2015-05-01,Absolute lifetime-PD deterioration,0.000340673670017282,33.29106069936667,37.03528558007345,32.27133924164413,0.02267073016572088
RM003461,2,33.639505917751954,192734.53,0.001479020833182978,0.0003939731004253192,0.028809154186988595,0.007752296622795307,33.0,0.0,237,GA,2015-12-01,Absolute lifetime-PD deterioration,0.00017453803383208995,33.283414858823434,36.8095856368985,32.32252193026472,0.020968239469073332
RM001164,2,33.61399936882594,99689.0,0.0027306779711784844,0.0006646600072364537,0.05105988336479128,0.01266269710176482,33.0,0.0,230,AZ,2015-05-01,Absolute lifetime-PD deterioration,0.0003371886503909753,33.248290145589316,36.8690408604678,32.26189093118299,0.021446012804811804
RM002906,2,33.43017895627604,181196.63,0.001489687023451718,0.0005148090837012138,0.02901402510880402,0.010118556888085939,27.0,0.0,237,CA,2015-12-01,Relative lifetime-PD deterioration,0.00018449669266076328,33.07235322537038,36.615620208029426,32.10683424776763,0.021330242593707527
RM000232,2,33.40678465565723,192422.87,0.000739900815597953,0.0003176542606286295,0.013964892341372659,0.006018207348332805,55.57339205776173,0.0,228,PA,2015-03-01,Relative lifetime-PD deterioration,0.00017361130023503565,33.00871609056166,36.945543208684576,31.937940269348523,0.030302224642406204
RM002947,2,33.39057627784216,59861.77,0.004863946429961131,0.0012206693834892484,0.0914369623104121,0.023734949994423715,19.0,0.0,236,NV,2015-11-01,Absolute lifetime-PD deterioration,0.0005577946705859543,33.031920000884575,36.585017430464205,32.06307566267723,0.02108373401754329
RM000235,2,33.39030520049344,243721.84,0.001375943610312015,0.00041838146112815005,0.025821698211565436,0.00791938624627142,21.0,0.0,228,CA,2015-03-01,Relative lifetime-PD deterioration,0.00013700169504913238,33.06789143862645,36.26858458282735,32.19246770720986,0.02
RM002809,2,33.347386373107696,202024.26,0.0014462557255050892,0.0005244334126243709,0.028179561474769854,0.010306793965326744,38.0,0.0,237,MD,2015-12-01,Relative lifetime-PD deterioration,0.00016506624686118238,33.0012041954245,36.4300520936749,32.06651031869864,0.020685279748572177
RM000441,2,33.31953333473902,99244.18,0.0033579617280787917,0.0005997924225783837,0.06190929512789689,0.01133474720261518,35.0,0.0,228,VA,2015-03-01,Absolute lifetime-PD deterioration,0.00033573286952180996,32.99764308142923,36.193599367952245,32.123330148047266,0.020041973760404702
RM001680,2,33.24634619626987,78831.99,0.004268509646010149,0.0006699457242710864,0.07904553107526568,0.012817918755430813,27.0,0.0,231,TX,2015-06-01,Absolute lifetime-PD deterioration,0.00042173673652371157,32.92895750830164,36.08187842153439,32.06575144810706,0.02
RM003166,2,33.23199883890319,72923.88,0.0037521746739548273,0.0007089263238958976,0.07184644967584353,0.013966903320988933,34.0,0.0,238,KY,2016-01-01,Absolute lifetime-PD deterioration,0.00045570804568960383,32.87834122262568,36.381074625561986,31.923569500469416,0.021164730373989634
RM000990,2,33.215907183078386,111206.02,0.0030182404806110125,0.0005303462632721917,0.05629068312220342,0.01011615050252479,28.0,0.0,230,OR,2015-05-01,Absolute lifetime-PD deterioration,0.00029868803130512524,32.897056404445635,36.06354551348112,32.03051933392372,0.02
RM002263,2,33.21536970730326,71557.43,0.00282482270465925,0.0006307204464909988,0.05366816160588439,0.012227557352228469,28.0,0.0,234,OH,2015-09-01,Absolute lifetime-PD deterioration,0.000464177789885736,32.83141345171274,36.631385203774755,31.79676735185035,0.02486830396999425
RM003224,2,33.208970683636416,57804.31,0.0058357901720858954,0.0007876328647574649,0.10959798668689535,0.015506063948496185,20.0,0.0,238,GA,2016-01-01,Absolute lifetime-PD deterioration,0.0005745068262839988,32.89419202696801,36.022219819450996,32.03738595067217,0.02
RM000145,2,33.14915090834272,112748.56,0.0029175651184605656,0.0006032265627359731,0.054001939981017766,0.011399293007636646,36.0,0.0,228,MN,2015-03-01,Absolute lifetime-PD deterioration,0.0002940095280005591,32.83416130720444,35.962827679314074,31.97776505666129,0.02
RM001705,2,33.124161508114106,179810.56,0.0014198359709191972,0.0006335723131347624,0.027671614719109505,0.01243900677343901,55.8502496969697,0.0,237,FL,2015-12-01,Relative lifetime-PD deterioration,0.0001842169976452668,32.76775951081836,36.29520041916997,31.807248683148902,0.021436909235158574
RM003235,2,33.10026096949236,211825.62,0.003633329098333008,0.0008279072888107622,0.01743921624893241,0.003995207107187593,16.0,0.0,58,CA,2016-01-01,Relative lifetime-PD deterioration,0.0001562618391934477,32.56582253004456,37.82501058401478,31.145984606249396,0.020150961769326424
RM000861,2,33.0857292523997,41219.82,0.003925666466455605,0.00027448720630890655,0.07261827759379036,0.00524790832095734,32.0,0.0,230,IN,2015-05-01,Absolute lifetime-PD deterioration,0.000802665544206639,32.75552399069675,36.03832090565119,31.85573443957245,0.02319838357491939
RM002281,2,33.07688123194981,160937.55,0.0019142575113998289,0.00045582945083401307,0.036674381309226844,0.008851295353850985,42.0,0.0,234,OH,2015-09-01,Absolute lifetime-PD deterioration,0.00020552618846223156,32.74380192928023,36.04518929489205,31.842919608723626,0.020335139959682905
RM003141,2,33.04530815806433,50280.74,0.005296023232405441,0.0011408292653708333,0.09956240151077933,0.022292017566495792,24.0,0.0,237,TX,2015-12-01,Absolute lifetime-PD deterioration,0.0006572160266150485,32.68675626794163,36.238570832065925,31.718361827373034,0.021566765482742146
RM001008,2,33.03436929043646,138952.41,0.002128348214205214,0.0005629114919006768,0.04001422629166396,0.010734148146960831,36.0,0.0,230,MN,2015-05-01,Absolute lifetime-PD deterioration,0.0002377387286081361,32.68880068584105,36.11165726978228,31.75570542149966,0.02067244402064311
RM001351,2,33.0245993835397,60534.94,0.002806963956405442,0.0012701693318509719,0.05267213769350643,0.02416942722096338,48.010469655172415,0.0,231,AR,2015-06-01,Absolute lifetime-PD deterioration,0.0005455460827009939,32.6327400537159,36.509057707112504,31.578059897374263,0.02688588327624408
RM002649,2,32.983137077338455,162611.95,0.0011865754160410816,0.00034608125882233795,0.023079341055198155,0.006784324638558714,27.0,0.0,236,IN,2015-11-01,Relative lifetime-PD deterioration,0.0002028334146250534,32.606588892781325,36.333353941476744,31.591830953535712,0.025258904575122015
RM000870,2,32.93019791682213,96517.42,0.003424654023174764,0.0005514119649637174,0.06363681084248063,0.010515960825346005,30.0,0.0,230,FL,2015-05-01,Absolute lifetime-PD deterioration,0.00034118398437113354,32.61601645055969,35.73667079628485,31.761807334860283,0.02
RM002822,2,32.91389443024176,205530.1,0.0015568246697910642,0.0004706931982903357,0.030302630302043387,0.009255282930704989,31.0,0.0,237,FL,2015-12-01,Absolute lifetime-PD deterioration,0.00016014148015420495,32.60350117484563,35.685912437968575,31.760007518729743,0.02
RM002379,2,32.809181852459304,51014.36,0.006019529716064867,0.00143996168595948,0.027293497262589006,0.006582818401098645,27.57532972972973,0.0,55,PA,2015-10-01,Absolute lifetime-PD deterioration,0.0006431362042463985,32.25145245337724,37.7300711245108,30.776330469980852,0.04601746541716144
RM002710,2,32.8042987779595,113867.45,0.0025892250224340777,0.0006130272747699799,0.04970941572162357,0.011987470833511593,34.0,0.0,236,TX,2015-11-01,Absolute lifetime-PD deterioration,0.0002880919769254471,32.46244233133982,35.848871772632,31.53913981384953,0.020641703932050323
RM000532,2,32.734295272852236,205835.07,0.0015450800755179783,0.00040456228745595186,0.028951850042813088,0.007658759840067697,34.0,0.0,228,VA,2015-03-01,Absolute lifetime-PD deterioration,0.00015903167168185788,32.40812288681841,35.64255380367892,31.524907162729285,0.020179250835512835
RM000259,2,32.71747155857088,59873.56,0.001957908493340875,0.0009190848201031244,0.036551965167746836,0.017318914531968765,55.383043,0.0,228,IL,2015-03-01,Relative lifetime-PD deterioration,0.0005464427296217375,32.321738580480606,36.235407680447935,31.257285473180662,0.03405311573743213
RM000962,2,32.62627993050174,131625.95,0.0018635919336374028,0.00037980561366756076,0.03512060958372809,0.00725454816705251,25.0,0.0,230,NH,2015-05-01,Absolute lifetime-PD deterioration,0.0002478711829278477,32.263285462166195,35.85655531867018,31.284615670441962,0.02226297794072387
RM002852,2,32.60928540547215,201975.66,0.001028333106092156,0.0003854802934460673,0.020114968030198965,0.007585785142133261,42.0,0.0,237,HI,2015-12-01,Relative lifetime-PD deterioration,0.00016145156008140856,32.23739274761301,35.91701344714069,31.235901784402355,0.023756668251116598
RM002333,2,32.571899390252696,112594.49,0.0019802782872644343,0.0004685039364275355,0.03791619025967452,0.009096343173031984,30.0,0.0,234,TN,2015-09-01,Absolute lifetime-PD deterioration,0.00028928502087671157,32.20675782221106,35.82104153200795,31.222461394114536,0.022993636604713902
RM000057,2,32.51186649974593,90690.01,0.002195740516512011,0.0005316677730087524,0.04072909741179298,0.01000962347284684,33.0,0.0,227,AL,2015-02-01,Absolute lifetime-PD deterioration,0.00035849446372038035,32.13560026026514,35.85890219612698,31.122056222346796,0.02470001826656252
RM000757,2,32.358379692027356,66107.81,0.00489912422486394,0.0008982233035160699,0.08946358389531706,0.01700259388989278,19.0,0.0,229,AZ,2015-04-01,Absolute lifetime-PD deterioration,0.0004894789237765909,32.03651939868664,35.23022785261017,31.163604482779327,0.020161205131809447
RM003221,2,32.29465981746249,102452.37,0.0024218617679280102,0.0007831566637106979,0.04676115708485229,0.015354305909574872,29.0,0.0,237,MI,2015-12-01,Absolute lifetime-PD deterioration,0.00031521632752334075,31.938440365175175,35.46477603492668,30.977947952715226,0.021906681671463184
RM002493,2,32.27524254552384,76121.3,0.001997612549926671,0.0005364621632814292,0.0384022333734112,0.010453514565897049,35.0,0.0,235,PA,2015-10-01,Absolute lifetime-PD deterioration,0.0004239975216598224,31.896772170954552,35.64163270325432,30.877461122457092,0.0286759844002116
RM000012,2,32.26507817497869,149406.25,0.0018691893836234937,0.0004432969752238451,0.03492342789841618,0.008389123204918691,31.0,0.0,228,NC,2015-03-01,Absolute lifetime-PD deterioration,0.00021595534440479357,31.922978413523605,35.31087708621871,30.999654013314682,0.020908646857960317
RM002092,2,32.25419526293727,30418.13,0.008187979620315592,0.0016760301485947645,0.14754744192111913,0.0320455229818396,23.0,0.0,233,MI,2015-08-01,Absolute lifetime-PD deterioration,0.001060360885529034,31.8949777549172,35.454243158611476,30.92420688875935,0.022298379631912772
RM001097,2,32.251086745723214,86428.28,0.0015774416411758162,0.00041420494753386744,0.029932601500703315,0.00794338030081454,34.0,0.0,231,AL,2015-06-01,Absolute lifetime-PD deterioration,0.0003731543280246143,31.871356380891218,35.628481689776855,30.84878856757898,0.03129160739698861
RM002637,2,32.225960597093426,57994.07,0.0036733403945350515,0.001093918288887936,0.06981833417500027,0.02129548183637575,53.48967621359223,0.0,236,ME,2015-11-01,Absolute lifetime-PD deterioration,0.0005556768234595955,31.856644440665164,35.51071117971451,30.862133240414735,0.02320315531917079
RM000213,2,32.22450445956462,85888.76,0.00261172919028679,0.0005509800647191088,0.048266137608237725,0.010371420658990327,27.0,0.0,227,KS,2015-02-01,Absolute lifetime-PD deterioration,0.00037518884263278016,31.858342136051427,35.482546504199476,30.871417702887676,0.023187744773602567
RM001256,2,32.18204738397613,120744.12,0.002653402205297638,0.0004656681923184107,0.049649549420478056,0.008887654990759608,34.0,0.0,230,GA,2015-05-01,Absolute lifetime-PD deterioration,0.0002665309696569583,31.875411677902893,34.920765992114454,31.041954984663086,0.02
RM002088,2,32.176784387685444,88495.29,0.0036407941270798954,0.0006990446355719904,0.0683714421718229,0.013486099597982637,35.0,0.0,233,AZ,2015-08-01,Absolute lifetime-PD deterioration,0.0003635988354598922,31.870313582987816,34.914393299917215,31.03705996933542,0.02000640692581057
RM002992,2,32.120098439114294,75618.0,0.004789566242709617,0.0009276065133821591,0.02254702589630997,0.004398474035125388,17.0,0.0,57,IN,2015-12-01,Relative lifetime-PD deterioration,0.0004247678917600875,31.584736173564437,36.84701087141813,30.166497300338186,0.03877458004262319
RM001702,2,32.1100398957747,240775.88,0.0012720117699217101,0.0005321912560353368,0.024307576048113066,0.010238990743690835,25.0,0.0,232,CA,2015-07-01,Relative lifetime-PD deterioration,0.00013336069998280017,31.787750517190133,34.98277810895555,30.91565560168464,0.020252650404477164
RM000197,2,32.0906264135501,139194.79,0.0020468272724520555,0.0006365149104297697,0.03818155509496979,0.012024751692979674,25.0,0.0,228,CA,2015-03-01,Absolute lifetime-PD deterioration,0.00023054473815830388,31.751639333919414,35.109207783894895,30.83638158037836,0.020796848185026428
RM003375,2,32.04028902674628,43842.1,0.0071670898275876015,0.0012405788673531281,0.1329504214475753,0.024319486558846637,26.0,0.0,238,GA,2016-01-01,Absolute lifetime-PD deterioration,0.0007308110019078986,31.721536328867856,34.88463563815371,30.856896628593717,0.02025279999847372
RM002556,2,32.01670696109921,130059.84,0.002309009669036589,0.0006611753716128447,0.044445072173218025,0.012923185373184931,52.0,0.0,236,IA,2015-11-01,Absolute lifetime-PD deterioration,0.00024616904773294517,31.70804546715507,34.770631676985055,30.871031634050073,0.020152136929380983
RM000960,2,32.0024212599999,66492.48,0.002139496128210562,0.0004924739202449468,0.040219761506838037,0.009396978326560168,31.0,0.0,230,IN,2015-05-01,Absolute lifetime-PD deterioration,0.0004812938434541756,31.626689787555215,35.34474754677057,30.614554143844018,0.030317978432799934
RM002796,2,31.993735713849524,57593.35,0.0034045215959323276,0.00200794845627099,0.06487009789989429,0.03875826148258077,43.39225,0.0,236,TX,2015-11-01,Absolute lifetime-PD deterioration,0.0005555109350966652,31.620895377639837,35.3098660106726,30.616870373984174,0.024420696613808288
RM003457,2,31.9907663220858,142126.17,0.0019904928118426933,0.0005829934491296775,0.03842755471654524,0.011403364387782888,38.0,0.0,236,TX,2015-11-01,Absolute lifetime-PD deterioration,0.0002250870921385259,31.660698090322885,34.930465693903024,30.769158013168468,0.02062029042025736
RM000650,2,31.941964270542126,143844.83,0.002103327563901936,0.0005449560173221454,0.029217720873757846,0.007647497164722128,28.0,0.0,169,MA,2015-04-01,Absolute lifetime-PD deterioration,0.00022205847975587394,31.567131298743643,35.27565823942795,30.557847849059335,0.021581494938051823
RM002299,2,31.890715061533683,104137.45,0.0010673477778477298,0.00038323555313901864,0.020696221831362216,0.0074783648781211465,28.0,0.0,235,MO,2015-10-01,Relative lifetime-PD deterioration,0.0003062367578765726,31.519397085781844,35.193965765173814,30.519025678879068,0.03672470384952091
RM000756,2,31.806741377000325,73231.61,0.003062272135173463,0.0006781889062437952,0.05684818716250439,0.012863050165197398,32.0,0.0,229,KY,2015-04-01,Absolute lifetime-PD deterioration,0.00043433076750600355,31.444576214162872,35.02893900548951,30.468613378564985,0.022988126419518078
RM003349,2,31.79494816798072,100283.08,0.003118860831813348,0.0006936430237749052,0.06007394326257076,0.013667763048312298,41.0,0.0,238,MN,2016-01-01,Absolute lifetime-PD deterioration,0.0003170519709604125,31.494121776943174,34.481905420202466,30.676371099402754,0.020015421452610566
RM001861,2,31.78500770802423,154913.63,0.0017497192826226714,0.0008159801259890084,0.033431852278751006,0.015725130159052858,22.0,0.0,233,CA,2015-08-01,Relative lifetime-PD deterioration,0.0002051788968344763,31.44386021088576,34.822045494163376,30.523296928711073,0.021109932339500634
RM002655,2,31.7703103777212,54061.42,0.003645028778208989,0.0009060259642765328,0.0346838854747219,0.008723944606171985,23.0,0.0,116,IN,2015-11-01,Absolute lifetime-PD deterioration,0.0005876706601069895,31.33638594532646,35.62184571868248,30.17319430118154,0.03682120605072028
RM002969,2,31.74104942143738,273057.92,0.0013171751993636162,0.00044650158687467974,0.01914565231153631,0.00652874689021099,25.0,0.0,176,CA,2015-11-01,Relative lifetime-PD deterioration,0.00011624291806455342,31.406030908442084,34.72883574448569,30.49842074600205,0.020007221108388304
RM000303,2,31.684759577855274,123994.52,0.0015714878551212534,0.0003923841377363104,0.023570745888126576,0.00593464729444515,28.0,0.0,182,WI,2015-04-01,Relative lifetime-PD deterioration,0.0002555335475943233,31.301378894910407,35.09344188289501,30.269777311269397,0.02713191107971847
RM003339,2,31.67387625490231,99091.87,0.0026949474144252884,0.0006591387145435348,0.05211485794078741,0.012992092733396854,27.0,0.0,238,OR,2016-01-01,Absolute lifetime-PD deterioration,0.00031964152311286803,31.33505212650245,34.69041352947464,30.420634698039585,0.021105726304504725
RM000892,2,31.652856236633077,250094.92,0.0011165662287242386,0.0005317530762817379,0.02118518275411163,0.01014285546913507,37.0,0.0,230,MA,2015-05-01,Relative lifetime-PD deterioration,0.00012656337136569219,31.323039774421677,34.58976349248348,30.432550882004445,0.020693491338857995
RM003057,2,31.631591817717975,82995.0,0.002383032732141908,0.000882852860053094,0.04621775410000151,0.017365106961347965,29.0,0.0,238,OH,2016-01-01,Absolute lifetime-PD deterioration,0.00038112647530234324,31.27142157549201,34.836292077483485,30.300664859839863,0.024122353875442985
RM001144,2,31.605893801090115,126600.32,0.002987217057716572,0.0012027889012546466,0.027293718362059738,0.011070756799071546,29.997666184738954,0.0,111,IL,2015-06-01,Relative lifetime-PD deterioration,0.0002496509787739092,31.181420994108432,35.373884176133735,30.043330656577005,0.021986851445523786
RM003226,2,31.587970660248814,109126.97,0.002026723219120407,0.0007934849785653598,0.039276277641540736,0.01555529603646466,50.0,0.0,237,MN,2015-12-01,Absolute lifetime-PD deterioration,0.00028946071406773974,31.231511459782393,34.758182108014296,30.271748649644262,0.022560134769089857
RM001114,2,31.57059875808281,148793.09,0.001760952713877582,0.0005290111610993634,0.03335911383348755,0.010134456164603178,26.0,0.0,231,MA,2015-06-01,Absolute lifetime-PD deterioration,0.00021217785555823062,31.231217607349542,34.591751519922234,30.3155288841324,0.021239138517224955
RM002183,2,31.516833195980524,109581.34,0.0025334704858535773,0.0008675547926917807,0.04846304175131688,0.01685335478685679,24.0,0.0,235,FL,2015-10-01,Absolute lifetime-PD deterioration,0.0002876113140793909,31.1832871919988,34.48693711609239,30.282737947765767,0.020843481032123502
RM003244,2,31.511217328154498,210389.24,0.0011415267081087738,0.00040651876415166087,0.022398554353853295,0.008031832477878753,26.0,0.0,238,IN,2016-01-01,Relative lifetime-PD deterioration,0.00014977580283171563,31.16777683747022,34.56801797134462,30.241465089202325,0.021894783224061912
RM001174,2,31.488501970289448,180473.56,0.0017248403151694134,0.0004521526374580895,0.032685732540603474,0.00866811994896366,34.0,0.0,231,CO,2015-06-01,Absolute lifetime-PD deterioration,0.00017447709221389242,31.18839857072496,34.16834323614393,30.373057625117227,0.02
RM000684,2,31.450627214229563,58421.5,0.004489109461653731,0.001257348060716893,0.08227732805933075,0.023723554628454435,20.0,0.0,229,VA,2015-04-01,Absolute lifetime-PD deterioration,0.0005383399470097407,31.10431403877423,34.53400111215639,30.169575870052046,0.021557653105907015
RM001762,2,31.410817513448688,210282.93,0.0009669442499985943,0.00040618742730927576,0.01860859881810839,0.007857376234731483,47.0,0.0,233,CA,2015-08-01,Relative lifetime-PD deterioration,0.00014937407193940416,31.05250266336275,34.59749496108029,30.087768807535205,0.02352899628801658
RM003212,2,31.348152937169775,154831.46,0.001737349590323979,0.0007158170594607117,0.033899488064051186,0.014101747616698801,32.0,0.0,238,TX,2016-01-01,Relative lifetime-PD deterioration,0.0002024663006934752,31.01745770109744,34.29234982510802,30.124957702984855,0.020886796548949635
RM003171,2,31.30067752855907,56770.37,0.0029577452942621536,0.0007462584770878979,0.05705646230359851,0.014697243947440208,32.0,0.0,238,KY,2016-01-01,Absolute lifetime-PD deterioration,0.0005513558838626394,30.937349253965834,34.5332041985683,29.958265031982197,0.0263673149854791
RM000066,2,31.207531608004714,81562.03,0.0034847537388136515,0.001707451713228409,0.06390194631170942,0.03180997202509683,11.0,0.0,227,CA,2015-02-01,Absolute lifetime-PD deterioration,0.00038262328203460255,30.870498161077144,34.208870705121484,29.960411038106677,0.020943944563825558
RM002301,2,31.181458097129127,54686.88,0.0031256241081485596,0.001063747975209644,0.059219211033787356,0.020540241398896875,23.0,0.0,234,CT,2015-09-01,Absolute lifetime-PD deterioration,0.0005701816980074404,30.821045943335864,34.38871717505714,29.849362892717334,0.026534380333945416
RM000845,2,31.143566423307554,205295.81,0.0011600539113899653,0.0003881306722287195,0.02190702389591692,0.007380891220512331,23.0,0.0,229,PA,2015-04-01,Relative lifetime-PD deterioration,0.00015170093546140837,30.80086465562463,34.19372246744113,29.876592325995663,0.022087326379685215
RM001996,2,31.09454725267949,116041.03,0.0022788081588926493,0.0006238078853043098,0.021254142627745942,0.005858793801940432,21.0,0.0,113,WA,2015-08-01,Relative lifetime-PD deterioration,0.00026796166194560227,30.671666917601872,34.84799752017739,29.538118981400547,0.02839385556495769
RM001822,2,31.0893966222158,163885.08,0.001023297737863191,0.000481414488048818,0.01968291544760281,0.009306142682197427,51.42837238493724,0.0,233,NJ,2015-08-01,Relative lifetime-PD deterioration,0.00018970242210099788,30.724937941294396,34.32973429431727,29.74432389365429,0.025901521514557678
RM000194,2,31.08555290132205,68364.38,0.0028877873881826377,0.0006610467192966568,0.05346500573013291,0.012485442786310585,26.0,0.0,228,CA,2015-03-01,Absolute lifetime-PD deterioration,0.00045470393940999753,30.724236708282557,34.2998933343848,29.750766816551366,0.024636532298677856
RM003277,2,31.080278398994007,107193.77,0.0023973313676072974,0.0005252226053104497,0.023325710524430776,0.005152724667699671,21.0,0.0,118,NY,2016-01-01,Relative lifetime-PD deterioration,0.0002899448204778506,30.663028149948858,34.78475586555485,29.543897241620815,0.028058858201825156
RM000965,2,31.03781044589477,82210.41,0.0036115502866880867,0.0005725864867736822,0.06699683001908419,0.010917682219870661,30.0,0.0,230,OH,2015-05-01,Absolute lifetime-PD deterioration,0.0003775411221753397,30.725452290637133,33.8227359536163,29.87975160070056,0.020294854402826353
RM002103,2,31.02686666912981,100008.31,0.002947621333436973,0.0007111120338531913,0.05593805514090611,0.013775849825898634,41.0,0.0,234,TX,2015-09-01,Absolute lifetime-PD deterioration,0.00031024288550751244,30.721179182783168,33.7531913661625,29.892949395443377,0.02021209194608213
RM003194,2,30.98790329092904,89767.8,0.002699745917334622,0.0004814348387289426,0.05220530813279067,0.009505293227087375,32.0,0.0,238,NY,2016-01-01,Absolute lifetime-PD deterioration,0.0003452006542538532,30.651671809488445,33.980683078630186,29.74470725604342,0.021587268318604566
RM001123,2,30.911222968100432,161632.81,0.0018433290915809428,0.00046004477429095666,0.03474510938868569,0.008780775513112404,41.0,0.0,230,IL,2015-05-01,Absolute lifetime-PD deterioration,0.00019124349176445323,30.61261454977045,33.57597845302469,29.802507200276057,0.020090504982969992
RM003144,2,30.83206759029995,85109.6,0.002399586974830294,0.000570901619833024,0.046531604419579264,0.011262216507185618,24.0,0.0,238,NC,2016-01-01,Absolute lifetime-PD deterioration,0.00036226310064082015,30.4819066262682,33.94787051829527,29.53801787100113,0.023636785683188433
RM000448,2,30.796305293565446,176132.32,0.0016288136614809139,0.0005045588814853093,0.030629644144318457,0.009584864791189585,51.0,0.0,229,GA,2015-04-01,Absolute lifetime-PD deterioration,0.00017484755377982555,30.493282060309095,33.49828498724481,29.67266465151796,0.02022944901143755
RM002638,2,30.778094284612006,65655.02,0.003912282720856576,0.0008311298020848689,0.07419575248488952,0.01621937531489004,30.0,0.0,236,IL,2015-11-01,Absolute lifetime-PD deterioration,0.0004687850873339465,30.446483669893425,33.7305777401175,29.55142077330507,0.021232347019694963
RM000759,2,30.694914471150017,162021.94,0.0017018514726024492,0.000549025919075676,0.031982066800056,0.010425396680515897,43.0,0.0,229,TX,2015-04-01,Absolute lifetime-PD deterioration,0.00018944912319374783,30.379990840213317,33.5000425297695,29.529147142074354,0.020530063215668706
RM001089,2,30.664392465958553,117892.14,0.0025894402671850056,0.0004777953920204289,0.04848069912919806,0.009118109084691906,31.0,0.0,230,CO,2015-05-01,Prior default history,0.0002601054868115767,30.372023664037588,33.27562156693494,29.57738897488008,0.02
RM003002,2,30.62413805003837,79247.18,0.002297717130587672,0.0006326693916074656,0.04441554261181713,0.012421384580249328,27.0,0.0,237,UT,2015-12-01,Absolute lifetime-PD deterioration,0.00038643820575114937,30.271953385159854,33.75755989095148,29.32287176015473,0.02501273271762875
RM001436,2,30.543704443218363,121130.09,0.002432578654250801,0.0005555232068108703,0.04599574638383963,0.01068559863099372,26.0,0.0,232,FL,2015-07-01,Absolute lifetime-PD deterioration,0.0002521562102630186,30.24052074563804,33.24740677277232,29.419271785569823,0.020195177187573538
RM000221,2,30.53293944135894,129259.71,0.0010178815318141765,0.00048627215859373905,0.019163596712057696,0.009198847451887593,61.55224285714286,0.0,228,CA,2015-03-01,Relative lifetime-PD deterioration,0.00023621389403828108,30.16327841459702,33.8180225677914,29.169684708843583,0.029912341093894974
RM003168,2,30.47914146914564,52743.29,0.002930127579878757,0.0007110510716416546,0.05653829637410046,0.014008484220212503,25.0,0.0,238,VT,2016-01-01,Absolute lifetime-PD deterioration,0.0005778771379097823,30.128186984385664,33.60241384147596,29.181883434267963,0.027413675207163916
RM003028,2,30.477136070153893,41379.87,0.0039042856641432833,0.0007228474371523633,0.018410080011708074,0.003428874818422467,15.0,0.0,57,MO,2015-12-01,Relative lifetime-PD deterioration,0.0007365208269178683,29.967544423791942,34.975395589703915,28.618327406403843,0.08243112589781068
RM002312,2,30.469437615391673,35583.26,0.02202180470600141,0.0034682137994283516,0.0953485700784954,0.015512511019851072,14.0,0.0,54,MI,2015-09-01,Absolute lifetime-PD deterioration,0.0008562857257989198,29.98133747837713,34.796744881040816,28.676359797364363,0.02
RM001690,2,30.438861056310348,172724.6,0.0010713496678187602,0.00026769991900642514,0.020423101221037743,0.005140654699189007,33.0,0.0,231,CT,2015-06-01,Relative lifetime-PD deterioration,0.00017622771195481332,30.091407656182568,33.52985045428739,29.155304151860754,0.02458458905305727
RM003378,2,30.428183926387884,124400.88,0.0020353700808047924,0.0005105076677446859,0.03944066557558279,0.010034416815318137,31.0,0.0,237,AZ,2015-12-01,Absolute lifetime-PD deterioration,0.0002445978189735304,30.102299083459645,33.32905116746863,29.223120862280986,0.02114764969166843
RM003108,2,30.263382682886164,78446.68,0.0027274744009513512,0.0012813671444192763,0.05251219663364093,0.025005285228352103,16.0,0.0,237,NJ,2015-12-01,Absolute lifetime-PD deterioration,0.0003857828359707022,29.925037094785246,33.27509010612729,29.012295553757806,0.02296295008271747
RM001278,2,30.238825691925406,117727.13,0.001809035802779424,0.0004209660396520302,0.03410928883793396,0.008037737764629238,31.0,0.0,230,TN,2015-05-01,Absolute lifetime-PD deterioration,0.00025685520144698513,29.89752858226495,33.27524781412549,28.97787633719175,0.022864347927370483
RM001720,2,30.200581787954025,295274.13,0.0010123529424175702,0.00040777038751207815,0.019391587179164893,0.007854162212088123,27.0,0.0,232,VA,2015-07-01,Relative lifetime-PD deterioration,0.00010227980957205436,29.911441907069786,32.781915946016824,29.126296397202733,0.02
RM003031,2,30.171447970076358,119438.13,0.006113106284412879,0.0014119467901019117,0.028706287752607196,0.00668901477515893,9.0,0.0,57,CA,2015-12-01,Absolute lifetime-PD deterioration,0.00025261152338935944,29.683590287820085,34.48578357807847,28.386566567212352,0.0200187329645512
RM000375,2,30.16648188348146,76998.88,0.0031349347608702846,0.0006889708446779604,0.05791268752172629,0.013009591659263187,24.0,0.0,228,NC,2015-03-01,Absolute lifetime-PD deterioration,0.00039177819058512875,29.83239621574228,33.14001622540828,28.931318201853323,0.021795630625713956
RM003311,2,30.10153471712372,126847.97,0.0020155380625661284,0.0005195319659955367,0.03922514346272554,0.010253795913881092,30.0,0.0,238,MD,2016-01-01,Absolute lifetime-PD deterioration,0.00023730403188260499,29.782359055994313,32.943101910374764,28.92099624376645,0.02097603397911608
RM001881,2,30.06843864714001,66744.81,0.0043666238975394985,0.0009706104180674754,0.08146101777199433,0.01867852418601501,33.372405,0.0,233,VA,2015-08-01,Absolute lifetime-PD deterioration,0.00045049852785767177,29.770500851785407,32.72615770856914,28.96292293382802,0.02021256891396322
RM003444,2,29.97715987215379,99063.11,0.002301224499084381,0.0006017479665548999,0.044481886709993756,0.01181771525088604,25.0,0.0,237,AZ,2015-12-01,Absolute lifetime-PD deterioration,0.000302606690544581,29.646189304529855,32.92272829158057,28.75367514152993,0.022027120508834534
RM002218,2,29.94203539935464,117720.29,0.0013116988324456793,0.00040952731867900785,0.025376754277247393,0.007989465824778996,36.0,0.0,235,CT,2015-10-01,Relative lifetime-PD deterioration,0.0002543489775581987,29.59362114653974,33.040935171080925,28.655359282319147,0.026950584588312163
RM002673,2,29.935243362071716,115978.97,0.0007885821162905663,0.0002733468958510748,0.015395163783501586,0.005362129336662247,45.0,0.0,236,LA,2015-11-01,Relative lifetime-PD deterioration,0.00025810923620093985,29.58064831189162,33.08839167597833,28.62623150765868,0.03905447056331498
RM000731,2,29.898195293178368,233683.87,0.0010672893321812616,0.00032403653128220225,0.020259269542782232,0.006192453882275073,41.0,0.0,230,MD,2015-05-01,Relative lifetime-PD deterioration,0.00012794291404527992,29.579006984824954,32.739100381199925,28.718133021154284,0.021088250614119636
RM001643,2,29.856666658026974,122732.79,0.0018560796382711693,0.00046172803390261006,0.03528016823782243,0.008889060095973567,31.0,0.0,232,AZ,2015-07-01,Absolute lifetime-PD deterioration,0.00024326560699896885,29.525783103739627,32.800859951310876,28.63390911946358,0.021999439560883606
RM001598,2,29.850476402624796,34953.2,0.00809793363717184,0.0015101251799050518,0.033966073687556886,0.006402300292429941,13.0,0.0,51,LA,2015-06-01,Absolute lifetime-PD deterioration,0.0008540126913308309,29.33818327298296,34.3702483860553,27.98338932936471,0.05147618906768796
RM003386,2,29.835879239830255,300281.27,0.0009684211676186432,0.0002949421715560379,0.019032869481485748,0.005833468096212657,38.0,0.0,238,OR,2016-01-01,Relative lifetime-PD deterioration,9.935977438696144e-05,29.553555308607084,32.356721675492665,28.786676129145274,0.02
RM003222,2,29.834229343375707,108571.58,0.0022723675422091486,0.0008854634339382769,0.04411714195452554,0.017416027944930357,29.0,0.0,238,MD,2016-01-01,Absolute lifetime-PD deterioration,0.0002747885712207164,29.513143267695977,32.692342491291974,28.646936780228348,0.02123011274755211
RM000931,2,29.80523247884091,116437.39,0.0025345158616654146,0.0004656872843871145,0.04747591483063551,0.008888017838708961,36.0,0.0,230,GA,2015-05-01,Absolute lifetime-PD deterioration,0.0002559764735265958,29.51909155721329,32.36007973468329,28.741896034779135,0.020030283177742945
RM003077,2,29.726987521350008,117245.81,0.004303476238567031,0.0006886598887277144,0.02062926472451676,0.0033241322301702514,23.0,0.0,58,CT,2016-01-01,Prior default history,0.0002535441353627051,29.258885182711573,33.868472958537254,28.01313107973319,0.02265871927352232
RM002140,2,29.70475023889217,84597.18,0.003202550786303973,0.0008266428605602896,0.0606338630612715,0.015996870948435826,49.0,0.0,234,TX,2015-09-01,Absolute lifetime-PD deterioration,0.00035113168357257503,29.404042934474464,32.38441600610798,28.59082020246655,0.020437976655583983
RM000106,2,29.69831374651552,186570.4,0.0015827288896911997,0.0004707970907185793,0.02951921270373492,0.008868449970274028,33.0,0.0,227,CO,2015-02-01,Absolute lifetime-PD deterioration,0.00015918020085991947,29.41372208181463,32.2394277183474,28.640667395969675,0.02
RM001722,2,29.659897350707478,133278.56,0.001964006904821811,0.0005685725064117427,0.03697940407699851,0.010841541170612534,40.0,0.0,230,TX,2015-05-01,Absolute lifetime-PD deterioration,0.00022254064982925594,29.35156527868418,32.4056651817911,28.518967105506036,0.020672025795634492
RM000505,2,29.627368847435786,134656.92,0.001966456118078625,0.0005346983427226885,0.036866726977058284,0.010154645533122508,31.0,0.0,229,TX,2015-04-01,Absolute lifetime-PD deterioration,0.00022002113851583553,29.31788136660585,32.38351526395134,28.482102854150536,0.02067419201656404
RM002204,2,29.606109366825457,67653.93,0.002812470784273499,0.0010055555785834936,0.05343955390837929,0.01942701443813377,21.0,0.0,234,NJ,2015-09-01,Absolute lifetime-PD deterioration,0.0004376110799006866,29.26737164022193,32.620420695870145,28.354170780483162,0.024250335421740873
RM000964,2,29.601600332896403,69187.94,0.002462340915405878,0.0006429918049052846,0.04615402088000364,0.012252295252940915,36.0,0.0,230,OH,2015-05-01,Absolute lifetime-PD deterioration,0.0004278433543894558,29.257620822647695,32.6613290777006,28.331117274253288,0.025346952682682423
RM001517,2,29.56211223947256,78471.27,0.0034156932977964048,0.0007896822445418376,0.0640093343838477,0.015157177246062692,28.0,0.0,232,TX,2015-07-01,Absolute lifetime-PD deterioration,0.0003767252937217986,29.2493055221442,32.34783585112799,28.40455139920225,0.02073778444342712
RM001801,2,29.501272125564924,29005.85,0.006960929116349918,0.0017433067478693884,0.12683492142728114,0.03331128675564021,16.0,0.0,233,CA,2015-08-01,Absolute lifetime-PD deterioration,0.0010170800761075758,29.16697492654535,32.4787881086517,28.263909468955074,0.023757839539229456
RM002191,2,29.47497564220779,65272.09,0.0028786929749372086,0.0007213387639033365,0.05466457315050477,0.013972645191478006,33.0,0.0,234,IL,2015-09-01,Absolute lifetime-PD deterioration,0.00045157088798915117,29.134192187012022,32.50645665454688,28.216174661745626,0.02414686441748332
RM003047,2,29.449272987845916,52610.59,0.0036338232772714727,0.0008070902187513203,0.06937485767841944,0.015819996039380335,22.0,0.0,237,OH,2015-12-01,Absolute lifetime-PD deterioration,0.0005597594132254727,29.114778472347027,32.426462295991485,28.21258692767572,0.023934412631889723
RM002801,2,29.447623031329876,74322.99,0.003593056046333561,0.0007933812101773307,0.06862254095370024,0.015553276886094869,26.0,0.0,237,OR,2015-12-01,Absolute lifetime-PD deterioration,0.00039621149568027167,29.14319680925623,32.15987238524087,28.32029241724591,0.020593889109135538
RM001666,2,29.378647657229596,54123.18,0.005228934703052992,0.0008248808259606093,0.09639048670950112,0.015827681723766585,29.0,0.0,232,TX,2015-07-01,Absolute lifetime-PD deterioration,0.0005428108188992146,29.083936378189524,32.007094527227295,28.285435199842684,0.020294240014592152
RM000072,2,29.33663957851111,66148.72,0.003941461976704539,0.000951485429635262,0.0346013420561726,0.008452194857507589,27.0,0.0,107,NJ,2015-02-01,Absolute lifetime-PD deterioration,0.00044349519655877107,28.924905808139584,32.98895158538005,27.822723398117862,0.027892172214175552
RM000152,2,29.30665253164221,84092.46,0.0022667155358361444,0.0011231916044003541,0.0420190368807859,0.02103460304715865,32.848617187500004,0.0,227,NE,2015-02-01,Absolute lifetime-PD deterioration,0.00034850511605490206,28.966861240705995,32.32888821232365,28.05179958551875,0.024063056698799615
RM001331,2,29.303868639914914,103160.52,0.0016150392077143379,0.000709181575580437,0.03063555851584454,0.01356376025195083,72.59444,0.0,231,NH,2015-06-01,Relative lifetime-PD deterioration,0.0002840608853068491,28.958374973315063,32.37409726938776,28.029797137872567,0.02466842856126299
RM002821,2,29.287212036072077,110464.49,0.002030981536947287,0.0007254655975790986,0.03935723706412708,0.014230914767209946,19.0,0.0,237,ID,2015-12-01,Absolute lifetime-PD deterioration,0.00026512784367240617,28.964563041086105,32.159007311537714,28.09429549225779,0.022034201840576466
RM001235,2,29.26086941924379,204343.59,0.0013452648545657785,0.0004645489198528262,0.02558090233799437,0.008904760153714775,21.0,0.0,231,CA,2015-06-01,Relative lifetime-PD deterioration,0.00014319445703799073,28.962232301219533,31.921793683690787,28.154806338930186,0.020378067926833013
RM002363,2,29.183002641579446,89266.03,0.0026745211566818797,0.0005557682423807538,0.05109463382498758,0.010827773345406966,30.0,0.0,235,TN,2015-10-01,Absolute lifetime-PD deterioration,0.000326921704052252,28.867476575750327,31.99161257339043,28.01627723161857,0.021332342519287145
RM001678,2,29.136905173949117,71654.47,0.003651504597358018,0.0006728403069260251,0.06828188385879508,0.012928325983440847,34.0,0.0,232,OH,2015-07-01,Absolute lifetime-PD deterioration,0.00040663067040966344,28.833764671777352,31.837246804837328,28.01464139274361,0.020657991810997815
RM003466,2,29.10735376613767,151717.56,0.0015625208772473411,0.0004137409989530169,0.030411885607242062,0.008139766838491602,31.0,0.0,237,NC,2015-12-01,Absolute lifetime-PD deterioration,0.00019185224021621276,28.79599333924884,31.878877446140446,27.956036031893372,0.02123782387891851
RM000754,2,29.071288604858808,86080.0,0.0034162268291167996,0.0005544336106365914,0.06295074709893334,0.010481838560619239,27.0,0.0,228,AZ,2015-03-01,Absolute lifetime-PD deterioration,0.00033772407765867574,28.79238885633865,31.562402341271753,28.03424005023234,0.02
RM002517,2,29.02330837315077,98615.1,0.0024390748549405327,0.0007762666709191057,0.04669802932532152,0.015092737892694608,27.0,0.0,235,FL,2015-10-01,Absolute lifetime-PD deterioration,0.0002943089686381778,28.70816072876898,31.828386160673237,27.8580927537969,0.0213213603245594
RM001727,2,28.98998664117667,264912.96,0.0011003212398784106,0.00039489828713464535,0.020880030987358467,0.007541795556993858,15.0,0.0,230,CA,2015-05-01,Relative lifetime-PD deterioration,0.00010943211929373584,28.70950701538948,31.493628645313322,27.948132240955285,0.02
RM001746,2,28.94813550239349,57564.52,0.006520744503842592,0.0005071115242196063,0.027951023921260587,0.0021956267222246195,11.0,0.0,52,NJ,2015-07-01,Absolute lifetime-PD deterioration,0.0005028815579873417,28.480280713738463,33.08874866059221,27.23429573833783,0.030964184688225052
RM002865,2,28.933911499064585,177181.72,0.0016128233857091053,0.0005350703261209893,0.03124589985339421,0.010470662966095556,34.0,0.0,236,CO,2015-11-01,Absolute lifetime-PD deterioration,0.00016330077109006835,28.658582118161345,31.39241627263592,27.910624003707426,0.02
RM003043,2,28.93124102297862,74543.41,0.003912585272981205,0.0005798831537748379,0.07450368101881022,0.01139064391819411,18.0,0.0,237,TX,2015-12-01,Absolute lifetime-PD deterioration,0.00038811265842250334,28.655433005194272,31.39504130936771,27.905484967744183,0.02
RM001015,2,28.914758033374117,54041.89,0.008240189022691807,0.0005839871422314313,0.033888824313416,0.0024310307849354507,10.0,0.0,50,CA,2015-05-01,Absolute lifetime-PD deterioration,0.000535043427115042,28.444851848908474,33.07403409068449,27.193060944813112,0.026775497916664327
RM000942,2,28.897434534240954,90775.04,0.0015975746888346497,0.0007425894859718282,0.03017987869113159,0.014137367849118898,60.51669333333333,0.0,230,SC,2015-05-01,Relative lifetime-PD deterioration,0.00031834119306629833,28.55295315860675,31.959292967905046,27.62667376635162,0.02677004205943352
RM002534,2,28.892811154342436,121561.64,0.0019955800803874296,0.0004607561949532454,0.03836388201550678,0.008984616460838701,25.0,0.0,235,IL,2015-10-01,Absolute lifetime-PD deterioration,0.00023768033365083292,28.582984628394968,31.650940073877493,27.746990478626046,0.021149217599373448
RM002987,2,28.85125383766129,102290.36,0.003998982715072824,0.0009838670561153331,0.03831492835890926,0.009551517560199785,24.0,0.0,117,CO,2015-12-01,Absolute lifetime-PD deterioration,0.00028205252027328173,28.496462797525112,32.00981216122949,27.539042834209326,0.020061963892520723
RM001673,2,28.844650525570966,151966.73,0.0018047001958136023,0.0005062812641312306,0.034319642286986474,0.009742811316734157,36.0,0.0,232,IA,2015-07-01,Absolute lifetime-PD deterioration,0.00018980898335820587,28.56276107471421,31.359045061436102,27.798795980885718,0.020158613226099076
RM003264,2,28.828017087274006,79525.74,0.004596893611097553,0.0010487063113880021,0.02164783430105388,0.004971569431295397,12.0,0.0,57,PA,2015-12-01,Relative lifetime-PD deterioration,0.00036249919947018414,28.34951947832186,33.05359703438386,27.081417823398635,0.03525562770705248
RM000300,2,28.751426596262508,109365.24,0.002134857992548264,0.0010273651539841199,0.039792297313471,0.019340497431947545,13.0,0.0,228,NY,2015-03-01,Absolute lifetime-PD deterioration,0.00026289364514961525,28.434239901543194,31.574823851947748,27.578556958589562,0.02177811544545654
RM003158,2,28.750750095456613,105002.63,0.0030840083187661724,0.0010107003006643515,0.029666588460333765,0.009810867504938314,21.0,0.0,117,MD,2015-12-01,Relative lifetime-PD deterioration,0.0002738098092919826,28.369273554659856,32.138244842403815,27.345669836332856,0.02248535014768802
RM000673,2,28.71923728592636,162137.01,0.0017774161496492066,0.00044722444945430995,0.03337939685869262,0.008500110271272732,17.0,0.0,229,TX,2015-04-01,Absolute lifetime-PD deterioration,0.00017712943692452674,28.44255504347548,31.189532356729657,27.691117416364147,0.02
RM002911,2,28.705052977502923,66859.09,0.003011982939352472,0.0008869366282823009,0.05783647848793849,0.0173721055465077,24.0,0.0,237,AR,2015-12-01,Absolute lifetime-PD deterioration,0.0004293365790276674,28.38330561774316,31.568618083517826,27.51560840380858,0.02287586726657239
RM001721,2,28.670342066975735,105621.5,0.002524772467286522,0.000592788870688345,0.04729756467392221,0.011300816182314266,31.0,0.0,230,TX,2015-05-01,Absolute lifetime-PD deterioration,0.0002714441857668726,28.378761583875924,31.268723148571237,27.590189844314605,0.020399718757654457
RM003228,2,28.643569943480195,69768.33,0.0028908801263399274,0.0010989666462517128,0.027832244268580553,0.010663553652802582,45.144213529411765,0.0,117,AR,2015-12-01,Relative lifetime-PD deterioration,0.00041055260952183026,28.244278073366278,32.18472985741413,27.175931947731822,0.0304166830251494
RM000933,2,28.63111663284692,86515.5,0.0023766822465669402,0.000590014243036987,0.04458291431825445,0.01124820428680151,34.0,0.0,230,SC,2015-05-01,Absolute lifetime-PD deterioration,0.00033093626729137457,28.3091091379862,31.496000517935013,27.441383050142516,0.022581935538837732
RM000749,2,28.627474370634104,133169.97,0.001999265553329247,0.0004605836722342635,0.03747076622255785,0.008752964306274147,26.0,0.0,229,AZ,2015-04-01,Absolute lifetime-PD deterioration,0.00021496944371643325,28.33497653410577,31.23371307411515,27.544138004799184,0.020418129970452295
RM000993,2,28.627059400578144,184992.1,0.001536981359089143,0.0003487342782241311,0.02905113222822442,0.006662942920228954,28.0,0.0,230,FL,2015-05-01,Absolute lifetime-PD deterioration,0.00015474746975994188,28.352834496061902,31.075505668387972,27.608009298799832,0.020001389046786083
RM002302,2,28.612483356916332,72540.86,0.00197918528525399,0.0004621534227280936,0.03805446997909112,0.009011745145137917,29.0,0.0,235,NY,2015-10-01,Absolute lifetime-PD deterioration,0.000394432646055152,28.280311816550935,31.56760891875871,27.385322726119476,0.027634412681063356
RM003392,2,28.608647358774803,147258.09,0.0022709244423277175,0.000506785545805735,0.022108104347946078,0.0049722516092776115,24.0,0.0,118,CA,2016-01-01,Relative lifetime-PD deterioration,0.00019427555632953546,28.233881427283894,31.936995816629466,27.227984592602144,0.021831447358247835
RM001207,2,28.58967018064319,82132.51,0.004108167041820646,0.0011021269623602223,0.0373629331768186,0.01014844985526464,19.0,0.0,111,IL,2015-06-01,Absolute lifetime-PD deterioration,0.00034809200620610755,28.203444253427936,32.01868165898119,27.167540593476055,0.02247605791252524
RM000242,2,28.58313768743141,302297.1,0.0009543513399460441,0.0003719762328062594,0.017899630110763787,0.007013151707702336,19.0,0.0,227,NJ,2015-02-01,Relative lifetime-PD deterioration,9.455313229082057e-05,28.305655707302886,31.05987383847693,27.5525180923961,0.02
RM003467,2,28.520390581175768,138303.71,0.0015379401102594494,0.000492855581288857,0.029940334055394868,0.009689052932476572,34.0,0.0,237,IL,2015-12-01,Absolute lifetime-PD deterioration,0.0002062156581423287,28.206881072844354,31.310060076559232,27.361790377069905,0.021992098063449098
RM001606,2,28.452370784442817,129096.46,0.003215027096621295,0.0006972755764524978,0.02960809153379762,0.006489030057128975,25.0,0.0,112,TX,2015-07-01,Absolute lifetime-PD deterioration,0.0002203962121381393,28.098560055684853,31.60175975132633,27.144083922832053,0.02
RM002059,2,28.451900234763375,112090.48,0.004913051583699998,0.0010951102288412542,0.021919421603520783,0.004918560421962703,14.0,0.0,54,CA,2015-09-01,Relative lifetime-PD deterioration,0.00025382976533567684,27.973461885424637,32.675153458002924,26.70673470915666,0.024407439987608606
RM000700,2,28.383638814165458,92305.03,0.0018630885753973855,0.0005454789710328253,0.034811345045592024,0.010313376791704743,27.0,0.0,228,DE,2015-03-01,Absolute lifetime-PD deterioration,0.0003074982892499516,28.05631855461625,31.295549065032034,27.174438662761602,0.024964944061592536
RM001295,2,28.258522309816538,204687.58,0.0012463657019956694,0.0003788648602671872,0.023721616201972218,0.007267989953412268,34.0,0.0,231,NC,2015-06-01,Relative lifetime-PD deterioration,0.00013805684892955665,27.968147795498965,30.84495742248051,27.18364707141173,0.02052564666415095
RM002615,2,28.231332524259223,96025.49,0.0029335405232829817,0.0004590784152140103,0.05614030476154941,0.0089899616668081,25.0,0.0,236,AZ,2015-11-01,Absolute lifetime-PD deterioration,0.0002939983177826973,27.962604908976033,30.63150653528951,27.232163557763357,0.02
RM000362,2,28.222808699293488,68730.29,0.002632951084948311,0.0005657499470131791,0.023448519425336545,0.00508024209295399,26.0,0.0,108,AL,2015-03-01,Relative lifetime-PD deterioration,0.0004106313053428625,27.828893994510054,31.717026710783273,26.774431401041326,0.037292123327365756
RM001938,2,28.182636577903516,80846.76,0.001815871191770916,0.000571223357686438,0.034674777793169076,0.011033106386423741,32.0,0.0,233,IN,2015-08-01,Absolute lifetime-PD deterioration,0.00034859327173907174,27.85376741385405,31.10787851948873,26.96801662308932,0.027050502265943223
RM001445,2,28.17584394233741,53126.73,0.004477394275704868,0.0009447393149200161,0.0406591955278901,0.00870486061320841,17.0,0.0,111,IN,2015-06-01,Absolute lifetime-PD deterioration,0.0005303515564074319,27.789289531942494,31.607301156015627,26.752822544908724,0.02902392256365868
RM000083,2,28.164815641704966,82193.69,0.002999343873563305,0.0006751887894090596,0.05523857772700047,0.012695360377633635,30.0,0.0,227,MI,2015-02-01,Absolute lifetime-PD deterioration,0.00034266396412796366,27.861657133005213,30.863665593497604,27.04360047175717,0.020995505423414128
RM001975,2,28.143004737861023,123647.22,0.0020519430616783457,0.0005860281779201168,0.039262440186517034,0.011365814710316391,33.0,0.0,234,TX,2015-09-01,Absolute lifetime-PD deterioration,0.00022760725827771156,27.849596760866692,30.75592546967028,27.05726116835399,0.020624259048021107
RM002100,2,28.14096426649007,362774.99,0.0007633635206865623,0.0002606106947380663,0.014718247125090955,0.005048065946216651,37.0,0.0,233,VA,2015-08-01,Relative lifetime-PD deterioration,7.757140112247007e-05,27.872508567349335,30.537652671377863,27.143519844812527,0.02
RM000790,2,28.1267439487438,206355.99,0.0013372019613772598,0.00039387558000806915,0.024994660309133998,0.007424581393355112,35.0,0.0,227,MN,2015-02-01,Relative lifetime-PD deterioration,0.00013630204748960183,27.854496143876975,30.556454349826286,27.115772154218327,0.02005146934475667
RM003092,2,28.08915380117888,72850.01,0.0038104640251207006,0.0006215790510045732,0.07262791817307035,0.012204911599629664,28.0,0.0,237,GA,2015-12-01,Absolute lifetime-PD deterioration,0.00038557515367779475,27.819103857796154,30.500321002294342,27.08561999235703,0.02005977997263683
RM002375,2,28.07944122709631,154636.18,0.0016101719989563077,0.0003447221081741622,0.03106519365256266,0.006729228450294,34.0,0.0,235,RI,2015-10-01,Absolute lifetime-PD deterioration,0.0001815839037610494,27.79043084542265,30.653569422459565,27.009721067596306,0.02059514770559557
RM000945,2,28.05156466467573,168299.85,0.0015906043797499756,0.0004219997807319903,0.0300500975075646,0.008057399973147361,36.0,0.0,230,TX,2015-05-01,Absolute lifetime-PD deterioration,0.0001666761120979949,27.775312263683936,30.51518353890496,27.026958200175144,0.02017477306049185
RM002376,2,27.987523628019964,60614.6,0.009235778695629306,0.002161190480174227,0.04089442181913194,0.009688641240102713,15.0,0.0,54,VA,2015-09-01,Absolute lifetime-PD deterioration,0.00046172908223464257,27.516434752843114,32.147615516755714,26.268009403952412,0.023348910779570724
RM000474,2,27.964767451252367,84634.78,0.004592728951904683,0.0007629678065761413,0.040951258842492844,0.006908958691711153,27.0,0.0,109,OH,2015-04-01,Absolute lifetime-PD deterioration,0.0003304169686652741,27.601358719199954,31.194741483839568,26.62426413583065,0.02055662816141647
RM001043,2,27.935938144494788,118221.36,0.002232571704992493,0.0006147798090400032,0.0419341781793946,0.011717709801452814,31.0,0.0,230,TX,2015-05-01,Absolute lifetime-PD deterioration,0.00023630195207105374,27.655396116054334,30.43669304869723,26.896176981011468,0.020291002303282586
RM002697,2,27.93248932126223,147911.19,0.0018574694132137384,0.00041005634166972144,0.03590380379721059,0.008033651619288595,36.0,0.0,236,GA,2015-11-01,Absolute lifetime-PD deterioration,0.00018884635652828045,27.66772378221442,30.296970336978468,26.948257985289807,0.02
RM000343,2,27.900079716725017,122191.3,0.005180899936168962,0.001153673826100673,0.02056310493645397,0.004606715664839056,12.0,0.0,48,NJ,2015-03-01,Relative lifetime-PD deterioration,0.00022833114728073944,27.417005944764238,32.15953834417801,26.141186985275215,0.02338416611189654
RM000630,2,27.881149595062762,91397.66,0.004992748618245256,0.0010404590187322862,0.02023067788245858,0.004241731081877198,15.0,0.0,49,CT,2015-04-01,Relative lifetime-PD deterioration,0.000305053210279812,27.39783041782665,32.14218565927509,26.1217591960927,0.0311705995903183
RM003470,2,27.842227184582242,135621.25,0.0017335515791774437,0.0004463728424853311,0.03368687795712333,0.00877906874602774,31.0,0.0,237,AZ,2015-12-01,Absolute lifetime-PD deterioration,0.00020529398736984244,27.547695708193896,30.46435813473487,26.752862846005318,0.020975115837710685
RM002408,2,27.770427049169694,65999.42,0.008649594149205776,0.0018023294482732055,0.039034163356496676,0.008234042849519119,19.0,0.0,55,OK,2015-10-01,Prior default history,0.0004207677438554717,27.30551859896562,31.876353018741952,26.073193646661466,0.022372260393877984
RM001516,2,27.750717740305085,88743.46,0.0029131542691815835,0.0009453977528256289,0.054612195859304435,0.01804275941722211,28.0,0.0,231,TX,2015-06-01,Absolute lifetime-PD deterioration,0.00031270718698938585,27.459829856066452,30.34153912568053,26.67406802538689,0.020570248019145778
RM002458,2,27.697194340760905,59929.92,0.004296997402515019,0.0027021628627164744,0.08054299261983389,0.05139566508950999,7.0,0.0,234,CA,2015-09-01,Absolute lifetime-PD deterioration,0.0004621597082185477,27.399795550023462,30.34615184639311,26.596347487615706,0.02082795943890368
RM003369,2,27.65164579290861,138418.27,0.0017227863570706055,0.000564027386264453,0.03361991799810704,0.011127327280393118,32.0,0.0,238,IL,2016-01-01,Absolute lifetime-PD deterioration,0.0001997687573534087,27.36107785599284,30.238701273598387,26.57679882793305,0.0208335090415011
RM003165,2,27.597172848296616,95248.52,0.0029610395875306976,0.0007597126048975226,0.028739030052002068,0.007445490421073231,17.0,0.0,118,MT,2016-01-01,Absolute lifetime-PD deterioration,0.0002897386001199453,27.229194498410052,30.864788955578437,26.24182037216812,0.02399747430732763
RM002521,2,27.495106397046182,201221.9,0.0013255915645498384,0.0003892985477962916,0.025426796724946188,0.007531844276504884,37.0,0.0,233,TX,2015-08-01,Relative lifetime-PD deterioration,0.0001366407254729539,27.228514528466253,29.87375506529315,26.505532148477872,0.020083082811001622
RM001441,2,27.483163994570845,229264.34,0.0011417903166385049,0.0002634209987678243,0.021751959660372577,0.005058683772155237,29.0,0.0,231,GA,2015-06-01,Relative lifetime-PD deterioration,0.00011987544157356021,27.211515559474705,29.905353523634766,26.475883983519047,0.020186683534194227
RM003204,2,27.443312893433134,132838.13,0.0015923187923860202,0.000506635696361542,0.03111190578504619,0.010000480207669749,41.0,0.0,238,IA,2016-01-01,Absolute lifetime-PD deterioration,0.0002065921350551467,27.146397772670124,30.085444313402565,26.345956214945762,0.021554173998950946
RM003147,2,27.39597919830524,94968.73,0.00242942935855254,0.0006339414011419884,0.04690396380741724,0.012446210126510149,31.0,0.0,237,MN,2015-12-01,Absolute lifetime-PD deterioration,0.00028847368179299904,27.101965367689875,30.013150404501136,26.308766588066693,0.021110280102030192
RM001767,2,27.384146238815465,175793.69,0.0011350592076689447,0.00040187526608850084,0.02181022477841177,0.0077742692615417885,28.0,0.0,233,WA,2015-08-01,Relative lifetime-PD deterioration,0.0001557743411541988,27.080266862360094,30.088177047874602,26.26109978972524,0.02241838938334388
RM002981,2,27.335573902640135,50628.19,0.003644329841067085,0.0007489453731983004,0.06956865183334282,0.014688272210712117,27.0,0.0,237,KY,2015-12-01,Absolute lifetime-PD deterioration,0.0005399279315069359,27.026385923231743,30.087284952474192,26.192609852441965,0.0233134839906596
RM000608,2,27.29694547450091,167942.06,0.001646095396621978,0.0005544469703646978,0.030816759518448533,0.010482089874103817,13.0,0.0,228,MT,2015-03-01,Absolute lifetime-PD deterioration,0.00016253787451756224,27.03220746356338,29.66027652783635,26.313426819741125,0.02
RM002735,2,27.2898264320113,137409.69,0.0018733683703478225,0.0008599068894428267,0.036205772991236396,0.01677645872300837,31.0,0.0,236,OK,2015-11-01,Relative lifetime-PD deterioration,0.00019860190669239775,27.01966678029731,29.698582003492163,26.288174222781187,0.02022874240634081
RM001185,2,27.235887023900343,76687.71,0.00260541247535999,0.0008913911034595088,0.04897948061998281,0.017020418928024972,56.572900819672135,0.0,231,GA,2015-06-01,Absolute lifetime-PD deterioration,0.0003551532184739946,26.932786766171755,29.93179462727103,26.11652351490056,0.02204413219589875
RM001758,2,27.210172403361295,129384.9,0.0021071318251632545,0.0005706823108157963,0.020011705339672115,0.005455663465499416,32.0,0.0,115,ND,2015-10-01,Relative lifetime-PD deterioration,0.0002103040803321044,26.840955989681873,30.486560233543564,25.851759972702897,0.024140018056607666
RM001405,2,27.200903057408848,55562.79,0.002878764375533994,0.0006984637223314853,0.0542115642087575,0.013417521740214045,17.0,0.0,232,CT,2015-07-01,Absolute lifetime-PD deterioration,0.0004895525055060923,26.889778170508237,29.96998679287903,26.05068804828848,0.02556371536027956
RM003074,2,27.159125070764972,73032.98,0.0031804276278408774,0.0008284418332356871,0.06122458473148662,0.016303213043608933,28.0,0.0,238,FL,2016-01-01,Absolute lifetime-PD deterioration,0.00037187480328428296,26.868511383877426,29.746532643575833,26.08414616210993,0.021044158523951847
RM000149,2,26.992315160895465,89443.77,0.0009118653861625624,0.0004230467232236676,0.01718398813410371,0.008007357363601586,60.63984406779661,0.0,228,PA,2015-03-01,Relative lifetime-PD deterioration,0.0003017797121129338,26.663510312984357,29.91447088507228,25.77962997034756,0.03877764141027854
RM000102,2,26.97162148880724,80736.3,0.0018501582709039535,0.00042525452371917964,0.03442475261423361,0.008013825724929147,31.0,0.0,227,TN,2015-02-01,Absolute lifetime-PD deterioration,0.00033407056663244713,26.65437513660451,29.793057687980863,25.800213596153753,0.026533692617448465
RM000697,2,26.917883558162707,82843.28,0.0021913985875873345,0.0004877015590262156,0.04100083809182431,0.00926604482547011,28.0,0.0,229,OH,2015-04-01,Absolute lifetime-PD deterioration,0.0003249253718365896,26.610094544081317,29.656089754485386,25.78080277049574,0.023528371074543492
RM002442,2,26.907049412334743,64048.96,0.00284748376941826,0.0007299311599765263,0.05453687870072488,0.014257933613744056,33.0,0.0,236,VA,2015-11-01,Absolute lifetime-PD deterioration,0.00042010126959648905,26.601940763937,29.621670498119954,25.779695031563946,0.023160654868713177
RM001824,2,26.895220000361732,91069.04,0.0023721834106342388,0.0005906762827339606,0.045067491155993844,0.011406796539904618,25.0,0.0,233,MI,2015-08-01,Absolute lifetime-PD deterioration,0.00029532780844468914,26.601735212511276,29.507459510927056,25.8101138413842,0.021556822444769384
RM002658,2,26.895129963611726,61067.82,0.0036240069898373266,0.0014938989756383028,0.06891210385601165,0.028973947490559815,19.0,0.0,236,MI,2015-11-01,Absolute lifetime-PD deterioration,0.00044041411603708345,26.60329221638351,29.493612235706472,25.815504056984068,0.02143442722605685
RM003256,2,26.89407580203131,57944.83,0.003044222774048186,0.0004950280504093498,0.014628138728155715,0.0023903664964495253,21.0,0.0,58,LA,2016-01-01,Relative lifetime-PD deterioration,0.0004641324480895243,26.46992331626018,30.64922861170377,25.339438574156016,0.05212545225153612
RM002026,2,26.891952969887445,75903.7,0.0025083665002876955,0.0009476743173092866,0.04779468038865431,0.018318548834583614,16.0,0.0,234,NJ,2015-09-01,Prior default history,0.00035429040968869036,26.591032276519428,29.570408261042346,25.779333309026306,0.022969087873897984
RM001190,2,26.88642259503598,87098.47,0.003190574899315558,0.0009283641687075681,0.02912737610590066,0.008554556886679276,49.84880987421384,0.0,111,OH,2015-06-01,Absolute lifetime-PD deterioration,0.00030868995282047986,26.515213767898228,30.17855735492638,25.52198500258743,0.023554735381911437
RM000443,2,26.867079065579418,258127.44,0.0011464229716952289,0.0004614546618672138,0.016024931058104874,0.006479238363038542,42.0,0.0,169,TX,2015-04-01,Relative lifetime-PD deterioration,0.00010408455244269814,26.580596494569566,29.4209762275699,25.805173674668755,0.02010301407535868
RM002753,2,26.863549260965428,77691.81,0.0026214156150126187,0.0007994957240295673,0.050312407351277066,0.015606638962858188,22.0,0.0,236,MD,2015-11-01,Absolute lifetime-PD deterioration,0.0003457706708205849,26.565964073859675,29.512141122648693,25.76338007099593,0.022131543472980943
RM001304,2,26.83726097357757,98065.53,0.0015444267249751153,0.00031420568424057356,0.02931492723812701,0.006031149012104553,20.0,0.0,231,WA,2015-06-01,Absolute lifetime-PD deterioration,0.0002736666081708585,26.527477387812095,29.59338216744299,25.692696409027427,0.026346599922625974
RM000704,2,26.8357405959634,147244.84,0.0018876224070596666,0.00040516042769474453,0.01701567635089396,0.003674186554309511,23.0,0.0,109,NJ,2015-04-01,Prior default history,0.00018225250267488762,26.475993734051986,30.029434816577286,25.511264935815603,0.024073648993940516
RM001642,2,26.822071949415744,78135.36,0.00198430010337444,0.0004134816587340914,0.03767326801711968,0.007963751832113175,23.0,0.0,232,NY,2015-07-01,Absolute lifetime-PD deterioration,0.00034327699967614845,26.51414732785399,29.561915498346323,25.684199265735796,0.025573264848362712
RM003101,2,26.765045684459956,60381.57,0.004096796670516765,0.0013605077274017833,0.07756265752088876,0.0264196008094153,17.0,0.0,236,GA,2015-11-01,Absolute lifetime-PD deterioration,0.00044326515001945056,26.486128754323754,29.25017044931846,25.73207983399734,0.020603616380090374
RM003173,2,26.748532225227766,52972.36,0.010104159782521056,0.0018049438515279237,0.04789996814793851,0.008693766583057538,15.0,0.0,58,TX,2016-01-01,Absolute lifetime-PD deterioration,0.0005049526248259991,26.308736680582218,30.63606217787892,25.14068735213866,0.022271846535716875
RM002647,2,26.742755665166115,105161.19,0.0012696153432808313,0.0005883925385212572,0.024675424815629343,0.011508391583661681,67.60362214285715,0.0,236,TN,2015-11-01,Relative lifetime-PD deterioration,0.0002543025203990761,26.4247824541361,29.568632173614315,25.570030264588592,0.02641013622876555
RM001981,2,26.722293646677358,153989.23,0.0014514342578762305,0.0003719679750396182,0.027808509420993888,0.007197693395457283,31.0,0.0,233,GA,2015-08-01,Absolute lifetime-PD deterioration,0.00017353352339431372,26.434678602621428,29.282164335855303,25.658973229914434,0.021166917700811683
RM002570,2,26.667779114909017,56350.38,0.003266182313711432,0.0009189087600611873,0.062313914180377905,0.017917714718207356,29.0,0.0,236,MI,2015-11-01,Absolute lifetime-PD deterioration,0.00047324932174208975,26.36820476215018,29.333829748640632,25.56042163823306,0.02294616263860548
RM000736,2,26.648259206093883,62266.91,0.0028745575507953835,0.0008463772404418881,0.05345345621419917,0.016028689233032023,25.0,0.0,229,OH,2015-04-01,Absolute lifetime-PD deterioration,0.0004279682291299485,26.34553408585324,29.342127059681275,25.529405603219605,0.023527917950935416
RM003302,2,26.639698057619217,95789.29,0.0018805875177411646,0.0005917604259732267,0.03664513396730762,0.011671410216740008,34.0,0.0,238,IL,2016-01-01,Absolute lifetime-PD deterioration,0.00027810727125777025,26.338626566239146,29.318069191421483,25.527483755807697,0.02308313110295454
RM000695,2,26.570914052894206,174146.76,0.001364349926507832,0.00039363658690602015,0.025717641874243857,0.007485222206556341,31.0,0.0,229,VA,2015-04-01,Relative lifetime-PD deterioration,0.0001525777111953975,26.291102054313622,29.06224149783392,25.53582975700622,0.02071750148732524
RM002564,2,26.498432213623648,67087.05,0.0034787497522296685,0.0011235732304827138,0.0662389312713636,0.02186674265098909,20.0,0.0,236,TX,2015-11-01,Prior default history,0.00039498580148663036,26.21985675037674,28.979770379154214,25.467233344281365,0.020824177266145716
RM000086,2,26.478829770229048,110588.5,0.0020227571498877693,0.0005122933446023082,0.037578307169316205,0.009646536335847666,30.0,0.0,227,FL,2015-02-01,Prior default history,0.0002394356535284324,26.193325021895703,29.019961439310116,25.423281926968063,0.02117620998196122
RM000065,2,26.471764016491296,103861.3,0.0021919760230290465,0.000510026193607313,0.04066063349256255,0.009604040473185416,31.0,0.0,227,TX,2015-02-01,Absolute lifetime-PD deterioration,0.0002548761089692821,26.18746344537811,29.002483742236947,25.420461719540512,0.021033576109031813
RM000721,2,26.467008273560683,215655.43,0.0012167497347881418,0.0004032226238895679,0.02296595246908173,0.00766684219755176,18.0,0.0,229,CA,2015-04-01,Relative lifetime-PD deterioration,0.0001227282256401366,26.207078036078165,28.78586443802938,25.50240096555935,0.020074058354618667
RM003347,2,26.452667477923267,129856.11,0.0023736939355336857,0.0005016648292463067,0.023098128132684526,0.004922121728922146,32.0,0.0,118,AR,2016-01-01,Relative lifetime-PD deterioration,0.00020370753041904047,26.105497042134846,29.535343453280255,25.174068709383338,0.021739731094020887
RM002595,2,26.42038313600009,90777.01,0.002209254953261608,0.0005546243943225853,0.04256433057124398,0.010851333881080505,32.0,0.0,236,TX,2015-11-01,Absolute lifetime-PD deterioration,0.00029104707387916934,26.12482800160933,29.049869498642174,25.328419389011035,0.022108503415437308
RM002041,2,26.40780738385331,112947.2,0.0013373270554491404,0.00040315533049079254,0.025757789784881413,0.007832280666236313,39.0,0.0,234,AK,2015-09-01,Relative lifetime-PD deterioration,0.00023380665818943108,26.10203066263275,29.127272781427386,25.278726889146256,0.02520538855800281
RM000424,2,26.330412570787963,125480.94,0.0019749154569822427,0.0004632120082777465,0.037022502287769044,0.00880270442048281,22.0,0.0,229,MD,2015-04-01,Absolute lifetime-PD deterioration,0.0002098359525421786,26.06110707111814,28.730072852100516,25.33292610126288,0.020389436212804906
RM001446,2,26.324457652469103,144619.96,0.001592948336181689,0.0005905950170482606,0.030222586782113536,0.01130789231110585,27.0,0.0,231,IL,2015-06-01,Relative lifetime-PD deterioration,0.00018202506522937157,26.046903690731334,28.79575595767781,25.297675373512593,0.02082009621216996
RM001219,2,26.307501594838804,196671.89,0.0010956416271303596,0.00033969652915345706,0.020881560720833692,0.006518928093158127,27.0,0.0,231,CA,2015-06-01,Relative lifetime-PD deterioration,0.0001337634045965532,26.022020312089957,28.84831606577909,25.25211364626078,0.021398532520405644
RM003151,2,26.186602359930447,178186.37,0.001198249812197164,0.00036538535830476837,0.02349903232389039,0.007221929494899637,39.0,0.0,238,OK,2016-01-01,Relative lifetime-PD deterioration,0.00014696187121344045,25.908007515042357,28.66622705939374,25.15660500255106,0.02114023529697514
RM000821,2,26.14469530511326,212320.51,0.0013833769308451854,0.0003298891280098169,0.01919408744632778,0.004608557606030628,27.0,0.0,168,NC,2015-03-01,Relative lifetime-PD deterioration,0.0001231378697475494,25.862586628766792,28.659115956529917,25.099329836973226,0.020105828856721086
RM000969,2,26.089390803116935,84856.05,0.0033402195263659853,0.0006062831724020691,0.03020437901834183,0.005543856958865612,16.0,0.0,110,ID,2015-05-01,Absolute lifetime-PD deterioration,0.00030745469301383856,25.734039174713022,29.24376334745175,24.78130121982837,0.02387526430988442
RM000846,2,25.935278760482035,187764.62,0.0013127969986070087,0.00038331959163970936,0.024650616340421427,0.0072580010357177205,22.0,0.0,228,MA,2015-03-01,Relative lifetime-PD deterioration,0.00013812654780481027,25.674831732560712,28.256850801128355,24.970032521148067,0.020261721660016073
RM000601,2,25.926697249012797,95935.75,0.001869203699645537,0.0006564258888655194,0.03507414685427601,0.012452722399693528,25.0,0.0,229,KY,2015-04-01,Absolute lifetime-PD deterioration,0.00027025063387749404,25.632287026476668,28.546082370793194,24.83890628445841,0.023244463585561547
RM002580,2,25.91921894784361,234484.67,0.0010962056164985942,0.00046187174797264306,0.021339555259580867,0.009044426926466453,24.0,0.0,236,CA,2015-11-01,Relative lifetime-PD deterioration,0.00011053694447421066,25.67071662085791,28.13760064533619,24.99602533363613,0.02000438427393554
RM001521,2,25.90487243635584,115657.36,0.0018882912237020535,0.00031634883236114267,0.0357300270399471,0.006072167880927126,25.0,0.0,231,WA,2015-06-01,Absolute lifetime-PD deterioration,0.00022397945479955483,25.626658442381448,28.381511765128096,24.876010142287445,0.021144313147612795
RM002562,2,25.853383412645762,134471.69,0.002329433413935886,0.0005372224561305096,0.022291904207882518,0.005181077524983646,25.0,0.0,116,NC,2015-11-01,Relative lifetime-PD deterioration,0.00019225893132335706,25.51373276488474,28.869613603208247,24.60225953387081,0.021542708177647762
RM001194,2,25.800343809252823,65212.79,0.00586834406581698,0.0009067617664365521,0.052522048551153055,0.00828127339610607,21.0,0.0,110,TN,2015-05-01,Absolute lifetime-PD deterioration,0.0003956331849818544,25.476590016002636,28.68264204599507,24.602890576025448,0.020052423795291145
RM003430,2,25.731908892328846,90409.57,0.002056948997465459,0.0005019956219711469,0.009902800350635843,0.0024239787830711013,27.0,0.0,58,LA,2016-01-01,Prior default history,0.00028461487973373663,25.31253794853027,29.43628089028147,24.200500597951525,0.054067143548834025
RM001175,2,25.573124810156184,73217.4,0.003313366012854013,0.0005251763989223923,0.0616306315600863,0.010018007177094335,30.0,0.0,230,OH,2015-05-01,Absolute lifetime-PD deterioration,0.00034927660378757217,25.312930342431617,27.892196599387304,24.60898266785044,0.02036112646477174
RM001492,2,25.553742561230113,72982.7,0.0049617620860914185,0.0026765964513298717,0.044968104475365256,0.024486920192833606,6.0,0.0,111,CA,2015-06-01,Absolute lifetime-PD deterioration,0.00035013424498175753,25.21956636368311,28.523720038626116,24.32118926781293,0.020615233120561766
RM000085,2,25.468076814434106,77482.72,0.002585471782608751,0.000641291540079151,0.047792059228530914,0.01206165768853018,33.0,0.0,227,OK,2015-02-01,Absolute lifetime-PD deterioration,0.0003286936340700753,25.185787682403657,27.979930421059752,24.424861384188816,0.021797054342196653
RM001339,2,25.46108919847846,63259.42,0.0071900996849613725,0.0017504322873297794,0.03078581056075791,0.0075631077041304895,27.504095652173916,0.0,52,MI,2015-07-01,Absolute lifetime-PD deterioration,0.0004024869212913818,25.022912367413863,29.325809419639924,23.864901142705968,0.025633303807299005
RM002446,2,25.40622503990938,29410.11,0.00564447154384883,0.0011597250668855226,0.10492763543637451,0.02246820634420943,19.0,0.0,235,OH,2015-10-01,Absolute lifetime-PD deterioration,0.000863860252134704,25.115700119292185,27.9928607667503,24.33156201367222,0.024236371361820632
RM000279,2,25.405391880477836,281412.67,0.0009057546094039027,0.0003687262515986611,0.01706976808353744,0.006982598289081543,17.0,0.0,228,CA,2015-03-01,Relative lifetime-PD deterioration,9.027806701268226e-05,25.159558580005474,27.599725645854956,24.492263320170522,0.02
RM001377,2,25.39537104314114,179474.86,0.0009498444218182155,0.00047203521365135127,0.01820464223358287,0.009086633453022186,59.824953333333326,0.0,232,TX,2015-07-01,Relative lifetime-PD deterioration,0.0001414982078444922,25.106105037543397,27.967089326979234,24.32786858512766,0.02291808918812837
RM002190,2,25.37325445267837,68628.28,0.002104961430958572,0.0004514159414041284,0.040257259937210965,0.008765951306394792,30.0,0.0,234,WI,2015-09-01,Absolute lifetime-PD deterioration,0.00036972009866309297,25.078885372943173,27.9918193723445,24.285922088877534,0.02564668790753257
RM001201,2,25.35875876850642,66627.59,0.0038810390185203786,0.0005872261900287579,0.07212230913780338,0.011243735844220337,26.0,0.0,231,MD,2015-06-01,Absolute lifetime-PD deterioration,0.0003806044728393511,25.114391392514467,27.5412854460043,24.45021258950574,0.020008322030496257
RM000844,2,25.328542664700755,144827.04,0.001433484958715509,0.00048262078396598296,0.02700398951437122,0.009169933831109534,23.0,0.0,229,CA,2015-04-01,Relative lifetime-PD deterioration,0.00017488821607277726,25.05229173636011,27.78722332487578,24.307266450107086,0.02146550453321785
RM000147,2,25.31514079508028,103120.52,0.0023914235467173686,0.000473961406477523,0.04466287252826373,0.009006107481203118,30.0,0.0,229,NE,2015-04-01,Prior default history,0.0002454908178806728,25.069931589373052,27.503495606272388,24.404605963470782,0.020086364216259173
RM002688,2,25.311645362872216,86775.95,0.0019262871758752948,0.0006395462877372969,0.03721021432572602,0.012502947872973347,34.0,0.0,236,VA,2015-11-01,Prior default history,0.0002916896370811523,25.02122878679588,27.894730848274758,24.239128585907846,0.023597810273172738
RM000683,2,25.301651601787984,49568.69,0.0068222815163693565,0.0011278995184919327,0.06028760062942251,0.010198508262646788,11.0,0.0,109,IL,2015-04-01,Absolute lifetime-PD deterioration,0.0005104361564081678,24.964834202210508,28.294482425760215,24.059775374541086,0.02127118399306497
RM000407,2,25.173780547916483,69138.79,0.0033632043505592247,0.0007632347287788268,0.06200304857763361,0.014402277196844726,8.0,0.0,228,CA,2015-03-01,Absolute lifetime-PD deterioration,0.00036410502046559513,24.908546355868648,27.5366832698044,24.191697895361678,0.02069167211687446
RM002087,2,25.170101931752573,49928.12,0.0052707832387609115,0.0006470804261236527,0.09752266387868658,0.012489561570431462,12.0,0.0,233,AZ,2015-08-01,Absolute lifetime-PD deterioration,0.0005041267712814456,24.92617376946618,27.349133643010944,24.262899933394316,0.02
RM002706,2,25.168036752812768,122011.02,0.001338878010653038,0.0005048654640084517,0.012867654004748319,0.004869702893388395,32.96265459677419,0.0,116,PA,2015-11-01,Relative lifetime-PD deterioration,0.000206276750680494,24.822829479145064,28.23059202317237,23.89848337257984,0.03443107164106557
RM002507,2,25.1550091431325,92095.48,0.0022986160366076504,0.0005216519416626408,0.04498214104119025,0.010381497358555647,21.0,0.0,240,MI,2016-03-01,Absolute lifetime-PD deterioration,0.0002731405400474866,24.88578543375747,27.551894687901754,24.159206776770993,0.0211300910714153
RM000490,2,25.12166216168845,130084.49,0.0019165598447574723,0.0004718949394234733,0.03579328924649705,0.00892802637677026,28.0,0.0,228,AZ,2015-03-01,Absolute lifetime-PD deterioration,0.00019311804321705417,24.87701227120953,27.305015402277153,24.213210981825718,0.020057370828305412
RM002824,2,25.112249545376883,95368.14,0.002021532945112906,0.0003991327748195851,0.03917759104678964,0.007853445162351091,34.0,0.0,237,CT,2015-12-01,Absolute lifetime-PD deterioration,0.00026331906594148614,24.835860077052192,27.571561936038503,24.090867080893126,0.021809985020977377
RM002588,2,25.078872752667902,114155.12,0.0018581088615016205,0.0005425169194523389,0.035915950583686795,0.010615646709467463,46.0,0.0,236,IL,2015-11-01,Absolute lifetime-PD deterioration,0.00021969117769459577,24.816342201032462,27.416056975182823,24.10790290366389,0.020849136395537742
RM001241,2,25.016841204721032,133362.29,0.0025035244327854035,0.000514772942130503,0.022919892824127652,0.004751551213330152,27.0,0.0,111,MI,2015-06-01,Relative lifetime-PD deterioration,0.00018758557013921274,24.690396917794853,27.91673673367447,23.813727186867965,0.020765115193244435
RM002669,2,24.992024554676135,36304.56,0.0036981545001846298,0.0008396022805383,0.07027384054860719,0.016383421535546616,28.0,0.0,236,NE,2015-11-01,Absolute lifetime-PD deterioration,0.0006883990483475392,24.698883124125334,27.60010005608849,23.90893578650887,0.02695110214288932
RM000245,2,24.97431407861313,116860.17,0.002175666961698903,0.0004976401060028595,0.04053813224081759,0.009412933784286093,11.0,0.0,228,CO,2015-03-01,Absolute lifetime-PD deterioration,0.00021371108803464116,24.731943802340556,27.13816892516167,24.073756750931025,0.02
RM002437,2,24.959762395352623,144656.12,0.0015185160183319823,0.0004363346404264484,0.029321732267241774,0.008510331815957284,31.0,0.0,235,TX,2015-10-01,Prior default history,0.0001725454989070122,24.69905667929416,27.281188059345403,23.99521288926953,0.020715277693436642
RM001058,2,24.950996061263872,32582.64,0.005998346617723921,0.0016364987150211162,0.02524560092351269,0.006936646406716984,21.178716,0.0,51,IN,2015-06-01,Relative lifetime-PD deterioration,0.0007657757646791013,24.519252190895262,28.757700245569325,23.3791042385789,0.06011590643767163
RM002816,2,24.908971866256945,97223.74,0.002550227027165192,0.0012149296791218848,0.04897842156928667,0.023624607760888483,14.0,0.0,236,AZ,2015-11-01,Absolute lifetime-PD deterioration,0.0002562025680791229,24.66351400582417,27.09874744572781,23.998052640359344,0.02010179222722556
RM001406,2,24.87517893974332,37575.16,0.0026769951438600156,0.0013631882781888758,0.0505046419616928,0.0260282239447015,53.3567272,0.0,232,NC,2015-07-01,Absolute lifetime-PD deterioration,0.0006620112579625295,24.57280226636709,27.56311310259244,23.75952562772835,0.03165724412633436
RM003278,2,24.81029198596467,61447.18,0.0035644599995060342,0.0006987788411964691,0.06809448623213776,0.01371084452696314,26.0,0.0,237,FL,2015-12-01,Absolute lifetime-PD deterioration,0.0004037661612130072,24.550836967640564,27.12133756245515,23.849858996080062,0.020760395182721422
RM001112,2,24.796582405410295,43080.6,0.003738493831112977,0.0007968744136205891,0.06927249922806222,0.015163375478851049,19.0,0.0,230,CA,2015-05-01,Absolute lifetime-PD deterioration,0.0005755858183361024,24.511465688774027,27.33401998135441,23.74263146737646,0.024368255892542077
RM000909,2,24.76600327890635,19070.31,0.005741006067875446,0.0009149282819838129,0.0237043198283593,0.003806682329557276,32.78755052631579,0.0,50,MO,2015-05-01,Relative lifetime-PD deterioration,0.001298668101300207,24.332095132740083,28.58944747957835,23.187813122404403,0.10407974304046458
RM001572,2,24.763824258769418,108324.82,0.003820459378481075,0.0008533752177794332,0.01645022190711143,0.003692703189018154,14.0,0.0,52,NY,2015-07-01,Relative lifetime-PD deterioration,0.00022860711200599655,24.342268675413653,28.482685019405622,23.227684458317405,0.029099184771774818
RM001178,2,24.757536572434148,140950.93,0.001301874236955476,0.000337971494137663,0.024765580298807932,0.00648592591244479,35.0,0.0,231,MA,2015-06-01,Relative lifetime-PD deterioration,0.00017564649323302902,24.481045321042988,27.217211443939714,23.736144663120143,0.022242137164080696
RM001451,2,24.722293642215703,93752.85,0.002271285115242981,0.0005330326318486508,0.04300915664614047,0.010255099237752696,24.0,0.0,232,AZ,2015-07-01,Absolute lifetime-PD deterioration,0.0002636964491449135,24.456293274233474,27.09025324479973,23.738568126699867,0.02106455907274394
RM000056,2,24.713509377564,105007.78,0.002202990528622168,0.00047500457617111446,0.041037197794318914,0.008986607984356021,28.0,0.0,228,FL,2015-03-01,Absolute lifetime-PD deterioration,0.0002353493177130685,24.460862968416365,26.964695813255492,23.777748595563562,0.020402010649664744
RM000377,2,24.70277067911328,59855.25,0.001950130467727254,0.00034835021261054645,0.017574710713149533,0.003159729860634175,14.0,0.0,109,MO,2015-04-01,Relative lifetime-PD deterioration,0.00041270850391758915,24.36334222615965,27.71478373632297,23.45398010255708,0.05286545379926552
RM001536,2,24.67901342686332,33360.09,0.003776529743151702,0.0008112033734117193,0.07024653335072395,0.015500611573811107,28.0,0.0,231,KS,2015-06-01,Absolute lifetime-PD deterioration,0.0007397765841418091,24.388868065896872,27.260507001068845,23.6069444332028,0.02795505473037326
RM003175,2,24.606900818457845,38841.82,0.00296716562326395,0.0006168916097566351,0.05723314550781344,0.012164202905397103,19.0,0.0,238,WI,2016-01-01,Absolute lifetime-PD deterioration,0.0006335156493299707,24.321995825181467,27.14238043082077,23.553782281865217,0.02955967312911455
RM002857,2,24.585843287610583,125129.93,0.0013882807126965183,0.0005326342360236047,0.027064602360777124,0.010467162647331607,26.0,0.0,237,CA,2015-12-01,Relative lifetime-PD deterioration,0.00019648251451599618,24.311653942852494,27.025614176870427,23.57256750645992,0.022691640100526985
RM001214,2,24.582541359713222,215505.46,0.0010636684191939127,0.00040072892350177043,0.02019119983183304,0.007652744533311662,45.0,0.0,230,TX,2015-05-01,Relative lifetime-PD deterioration,0.0001140692275718361,24.33619637820129,26.777981468250008,23.66984861034496,0.02029477161598894
RM000398,2,24.53281091043231,76159.34,0.0018213476862567728,0.00039891756323136545,0.03404415872205879,0.007552282994250814,28.0,0.0,228,IN,2015-03-01,Absolute lifetime-PD deterioration,0.0003221247835187688,24.24737944083512,27.07178702772143,23.478548848760983,0.026022389238509223
RM002671,2,24.521019430927794,66949.64,0.003667800176906257,0.0006421698075379158,0.06971660485408149,0.012553930018742387,31.0,0.0,236,TX,2015-11-01,Absolute lifetime-PD deterioration,0.0003662606614602826,24.288129001632342,26.601492452521157,23.65483967339344,0.02
RM002965,2,24.487957746971603,101107.34,0.0016290878347717831,0.0006965278442326528,0.03155622619473586,0.013609692982488486,49.575211870967735,0.0,236,MI,2015-11-01,Relative lifetime-PD deterioration,0.0002421976262749233,24.209070349274846,26.967924447692635,23.45840570527377,0.022972168307699027
RM000807,2,24.46788456055856,79858.7,0.0031403716912363107,0.0009082916484098647,0.05825717999182989,0.017191617211249066,18.0,0.0,229,CO,2015-04-01,Absolute lifetime-PD deterioration,0.0003063897178461277,24.23089431440863,26.58417698441863,23.58700020514504,0.02
RM001187,2,24.46202167406934,111381.49,0.0015759239664336808,0.0003168010264006667,0.02990421557977596,0.006080822461729918,15.0,0.0,231,NY,2015-06-01,Absolute lifetime-PD deterioration,0.00021962376041180037,24.188265552315197,26.89840364314835,23.450032331354617,0.022912218057611004
RM002950,2,24.432035281723493,111327.3,0.0017218387645404536,0.0004983087081497697,0.0334629297731972,0.00979575581822445,32.0,0.0,237,OR,2015-12-01,Absolute lifetime-PD deterioration,0.00021946131166141183,24.1648818959081,26.80931957699934,23.4446799460165,0.021627762747503155
RM003167,2,24.41647632353013,66087.8,0.0020565055848353452,0.0004727143415672384,0.040007068983500704,0.00933388410487812,28.0,0.0,238,KY,2016-01-01,Absolute lifetime-PD deterioration,0.0003694551236919693,24.135223032344317,26.91872896925024,23.37734805143953,0.025785264952510732
RM000283,2,24.37133505105387,217025.88,0.0016863583207979147,0.0006563368255350418,0.015075249748554675,0.005891547147201304,12.0,0.0,108,CA,2015-03-01,Relative lifetime-PD deterioration,0.00011229690694517109,24.061049649332283,27.131104477771885,23.225467535347562,0.02
RM001487,2,24.29699635568426,136947.2,0.0015131309089935596,0.00047462702919943685,0.028729071296634823,0.009097107868563103,43.0,0.0,231,TX,2015-06-01,Relative lifetime-PD deterioration,0.00017741871579473153,24.04106381124606,26.575276527265814,23.350540733933986,0.02086751188162874
RM003011,2,24.290923775056424,131595.85,0.003284807106334449,0.0006915981852376667,0.015507024636754685,0.0032808341486403325,26.0,0.0,57,CA,2015-12-01,Prior default history,0.00018458730860476544,23.899088449686484,27.754079294719627,22.858709748549117,0.022720571429733764
RM001253,2,24.281169377325693,126246.06,0.0011197640681314528,0.0004085288048948864,0.02133661961841893,0.007834931957593105,40.0,0.0,231,KY,2015-06-01,Relative lifetime-PD deterioration,0.00019233209636265633,23.99953722995464,26.785702931572867,23.241376994618786,0.025051827518817283
RM001318,2,24.238146908428984,38331.5,0.00451218093897543,0.0009109978865067532,0.08337427113714624,0.017391689993719983,25.0,0.0,231,IL,2015-06-01,Absolute lifetime-PD deterioration,0.0006323297264241937,23.964744505017485,26.671782683593808,23.227193880121398,0.02289297490103845
RM002708,2,24.212398433090694,64833.91,0.003455426452523814,0.0015232956708342987,0.06580903386948078,0.029536017087784527,25.0,0.0,236,TX,2015-11-01,Absolute lifetime-PD deterioration,0.00037345269524991924,23.961459570074013,26.448023170350442,23.283196195880187,0.02053831125418142
RM003307,2,24.20204442789604,81777.55,0.005466253807758147,0.0013873710251896011,0.02614484782532256,0.006687818852764149,24.0,0.0,58,TX,2016-01-01,Prior default history,0.0002959497371576434,23.828948120480376,27.505983576361217,22.834000638603857,0.021049711420087155
RM000713,2,23.940839681794266,215037.62,0.0009488220644715791,0.000295662515340343,0.017952187762678373,0.005627168437347452,24.0,0.0,229,IN,2015-04-01,Relative lifetime-PD deterioration,0.00011133326197431996,23.686139133443135,26.20842300965982,22.998757635748024,0.021034664710530795
RM000467,2,23.929109149889143,185046.96,0.0012594044969152455,0.00032335252379408,0.023761914805689788,0.006152636394301192,43.0,0.0,229,OR,2015-04-01,Relative lifetime-PD deterioration,0.00012931371123248468,23.702526836977274,25.952519759039934,23.086870418269385,0.02
RM001249,2,23.927351104321986,30547.48,0.0071208251574825,0.001245861519709044,0.06396580301592925,0.011465172005326263,32.6068606741573,0.0,111,MI,2015-06-01,Absolute lifetime-PD deterioration,0.000783283960062237,23.595560115854596,26.87237052045651,22.706133269101972,0.026285371033338417
RM000918,2,23.874209103252028,140236.31,0.0011098231988901273,0.0002595826176260862,0.021058530178564405,0.004963619694963728,31.0,0.0,230,WI,2015-05-01,Relative lifetime-PD deterioration,0.0001702427074931737,23.601949913921274,26.296095111305288,22.868545656666292,0.02377878372284545
RM000722,2,23.85655114118513,176901.36,0.0011840480257206663,0.00042164108299806057,0.02235530338910674,0.008015715578543525,23.0,0.0,229,CA,2015-04-01,Relative lifetime-PD deterioration,0.000134857929533075,23.603799298873657,26.10690827695122,22.921593889715712,0.020857730643162778
RM002383,2,23.822501482853237,179234.13,0.0019037809081980108,0.000626480447252202,0.018096216862099057,0.005987654478765481,22.0,0.0,115,TX,2015-10-01,Relative lifetime-PD deterioration,0.0001329127520682207,23.52824297257845,26.441412546509103,22.734679882155202,0.02
RM001287,2,23.744611425318716,109003.7,0.0021397714069671895,0.0004188856443606386,0.040396146015636125,0.00803280120828076,10.0,0.0,231,CA,2015-06-01,Absolute lifetime-PD deterioration,0.00021783307745809285,23.504712543151054,25.883254540011244,22.855361598334746,0.020219679319709246
RM001379,2,23.722488362352976,87553.58,0.002553397004725714,0.0005417121365417072,0.048227085657936763,0.01042125749844891,40.0,0.0,232,TX,2015-07-01,Prior default history,0.0002709482394934962,23.4998341774565,25.710413533149293,22.89512561136758,0.02007105234234756
RM002290,2,23.680899117108183,73077.29,0.0022352860997090274,0.0009964749491790153,0.021034607347710788,0.009426520875638222,31.15698410852713,0.0,114,NY,2015-09-01,Relative lifetime-PD deterioration,0.00032405278188488086,23.35219535523481,26.596531550576504,22.47238397729275,0.03288434029715189
RM000525,2,23.674949710362885,42589.51,0.0041370323218157526,0.0007378299357616623,0.07606367733889852,0.01398671573080168,32.0,0.0,229,OH,2015-04-01,Absolute lifetime-PD deterioration,0.0005558868770822413,23.409507126530286,26.037313348075624,22.693712644819733,0.022348130502172932
RM002022,2,23.639240176167984,137531.95,0.001262112197266283,0.0004970004310164139,0.024223280283063198,0.009606054787087093,29.0,0.0,233,MT,2015-08-01,Relative lifetime-PD deterioration,0.00017188180765391592,23.37549578900358,25.985801811082453,22.66474548820707,0.022371889912705157
RM002699,2,23.62681243334965,138630.25,0.001342972346467867,0.0006619198255956116,0.026083336926653877,0.012937646554979532,22.0,0.0,236,CA,2015-11-01,Relative lifetime-PD deterioration,0.00017043042505765984,23.365776461836248,25.94965869077196,22.66206725871386,0.021832897640692465
RM002565,2,23.62345759287046,28857.33,0.01362792988175186,0.0009882089397916243,0.06416984010654281,0.004767304933849026,14.0,0.0,58,MN,2016-01-01,Prior default history,0.0008186293601268882,23.2621704032217,26.830966704207036,22.29321611027369,0.02189130862636409
RM000991,2,23.61657772378552,65789.72,0.0035478320992857167,0.0011917394436047732,0.06585259107209462,0.022596090399409574,25.0,0.0,230,CO,2015-05-01,Absolute lifetime-PD deterioration,0.00035897063741547344,23.38253224354186,25.704473192581922,22.748056999380427,0.020152402733816768
RM002886,2,23.61534106316888,78118.5,0.0026424330291509573,0.0008469820548276465,0.050705907907032,0.016526289390986215,20.0,0.0,236,FL,2015-11-01,Absolute lifetime-PD deterioration,0.000302301517094784,23.36553874727263,25.839854180555538,22.69101302153905,0.02087905945996584
RM000034,2,23.60557467374317,83801.44,0.002794084658240252,0.00045395352555344635,0.0515524095249944,0.008552455117185054,31.0,0.0,227,AR,2015-02-01,Absolute lifetime-PD deterioration,0.0002816845948439928,23.374121686005367,25.670913462856834,22.74628919610599,0.020094300090153377
RM000976,2,23.566753221295293,95068.36,0.0014677835310419314,0.00046204024723353306,0.027760576253123337,0.0088187030042286,24.0,0.0,230,CT,2015-05-01,Relative lifetime-PD deterioration,0.0002478927081659481,23.29564804317411,25.978631333722397,22.565178510542143,0.02529696954592449
RM001875,2,23.565112719081757,70979.92,0.0019586778883694334,0.0006359810916967766,0.03735280015227127,0.01227658156271183,17.0,0.0,233,WI,2015-08-01,Absolute lifetime-PD deterioration,0.0003319968903752182,23.296342073814017,25.956947205024154,22.571672995955776,0.025400528325324835
RM003462,2,23.51191651619147,77577.21,0.002175741561963141,0.0011087525705606618,0.041931692365186346,0.02158128301781237,23.0,0.0,236,NY,2015-11-01,Absolute lifetime-PD deterioration,0.00030307762442335147,23.24961211005247,25.846315696706338,22.54230407214771,0.02261134545288351
RM000101,2,23.507257721523562,68635.5,0.0032823853384145885,0.0006139057456896239,0.06029935523261243,0.011549404097439542,32.0,0.0,227,OH,2015-02-01,Absolute lifetime-PD deterioration,0.0003424941571274859,23.269464417564553,25.627067439016535,22.625855083268668,0.020304862941015044
RM001895,2,23.431176136365224,217506.58,0.002757347528693285,0.0008326436277204083,0.01212104678402448,0.0036722818532165524,13.0,0.0,53,CA,2015-08-01,Relative lifetime-PD deterioration,0.00010772628642483011,23.04147874947613,26.87233346251692,22.00887097046331,0.02
RM000212,2,23.40146191706923,113341.1,0.001922957437181104,0.00040658761439419885,0.03591071096055087,0.007696961091983923,22.0,0.0,228,OR,2015-03-01,Absolute lifetime-PD deterioration,0.00020646933828125216,23.159699926461162,25.55520283882773,22.50632626437778,0.020474469742887552
RM000685,2,23.38458868813188,56303.54,0.004187142759398049,0.0011070945024404266,0.07695048066362298,0.020916899375207798,14.0,0.0,229,FL,2015-04-01,Absolute lifetime-PD deterioration,0.00041533070013238745,23.14965346857515,25.480164260982665,22.512939832166353,0.020169799238003962
RM003399,2,23.358107376934477,33325.41,0.0037802263674720006,0.0007414725371303897,0.018139183919016144,0.003578694379911207,12.0,0.0,58,MO,2016-01-01,Relative lifetime-PD deterioration,0.0007009098275740486,22.969727692773144,26.78708690651371,21.94097743975631,0.08060643131823682
RM000723,2,23.352993230856633,131145.3,0.0010211422061027933,0.00041701596835004985,0.0193079207776804,0.00792811986490849,52.45812,0.0,229,AR,2015-04-01,Relative lifetime-PD deterioration,0.0001780696161498478,23.080610695476988,25.774572508064598,22.34782194557335,0.024927851894748995
RM000493,2,23.335454818729396,132413.42,0.0011453083850339817,0.0003844827246017064,0.0216314381671584,0.007311760928989108,34.0,0.0,229,KY,2015-04-01,Relative lifetime-PD deterioration,0.0001762317959820794,23.068778181481267,25.70747151459126,22.350553563872392,0.023751224440482863
RM002682,2,23.326213327128716,111733.99,0.0017233390603053065,0.0004451798121717311,0.033352686545687016,0.008718920195327717,28.0,0.0,236,AZ,2015-11-01,Absolute lifetime-PD deterioration,0.00020876559878626653,23.073219924826475,25.577796523533152,22.390986724789965,0.0213022932464011
RM002012,2,23.311156808401584,91379.84,0.0022516497445978175,0.0005826360479218004,0.04300458268126717,0.011300379584634146,34.0,0.0,234,IL,2015-09-01,Absolute lifetime-PD deterioration,0.00025510174682294895,23.066064680441066,25.493448247221856,22.404444586782763,0.02075170376408284
RM001498,2,23.26925731229314,58054.01,0.006462307089695923,0.0012509051544372716,0.027703233218373202,0.005409298921880246,13.0,0.0,52,RI,2015-07-01,Absolute lifetime-PD deterioration,0.0004008208444566213,22.872191380121777,26.772650060950927,21.821969982805776,0.029848457529582005
RM000454,2,23.240506234162332,91055.25,0.005859074086881532,0.001234191949217945,0.023709326167735245,0.005030036398749549,13.0,0.0,49,MA,2015-04-01,Relative lifetime-PD deterioration,0.00025523521416021954,22.838819484473685,26.782697865912997,21.77770715444321,0.0224750650983332
RM001076,2,23.190195313467804,85194.18,0.002092636844486511,0.0004659823446415172,0.039523215478356355,0.00893212022026535,27.0,0.0,231,VA,2015-06-01,Absolute lifetime-PD deterioration,0.000272203985219035,22.93368113231261,25.472862225031957,22.242122688098434,0.021952614658735013
RM001303,2,23.10398533740972,115643.69,0.004133279684371061,0.0014642999608099677,0.017448817557729535,0.006208482884462074,19.161890494186046,0.0,51,CA,2015-06-01,Prior default history,0.00019978595751665932,22.707313578553805,26.60213134277766,21.65932886953151,0.023601515688111075
RM002142,2,23.089359549241948,80519.92,0.002502780419219805,0.0005914969242544663,0.047690691799925466,0.011471299688080583,45.0,0.0,234,IL,2015-09-01,Absolute lifetime-PD deterioration,0.00028675338412211476,22.848488985005297,25.234142822223426,22.1982105643543,0.020727439491589197
RM000302,2,23.074156520582918,76484.98,0.002970059762894642,0.0009482304110677202,0.05494778941576861,0.01786344775196058,16.0,0.0,228,AZ,2015-03-01,Absolute lifetime-PD deterioration,0.0003016821932957676,22.840044661627317,25.16126482422262,22.206320614237576,0.020245430300343484
RM000606,2,23.060896278897033,193187.47,0.0017547708719977508,0.00040522409671437255,0.015826592114426496,0.0036747629897571077,24.0,0.0,109,VA,2015-04-01,Relative lifetime-PD deterioration,0.00011937055896480778,22.77065839872894,25.643187945043294,21.988502359210084,0.02
RM001852,2,23.05874586997833,48988.79,0.003111744044472146,0.0007617905748529796,0.028921473110940954,0.007150573783269554,19.0,0.0,113,PA,2015-08-01,Absolute lifetime-PD deterioration,0.0004706943337440735,22.741322386267633,25.875515910352558,21.89089738654684,0.036151039264513206
RM001299,2,23.056082140951013,78494.62,0.0015427491035769076,0.0005702385930914599,0.029158628695185596,0.010873145783369176,28.0,0.0,230,MS,2015-05-01,Relative lifetime-PD deterioration,0.0002937281834213735,22.786982536888544,25.44967026513537,22.06221892276338,0.027210585980917558
RM000219,2,23.018265922463733,84895.92,0.0018958611618074051,0.0003621513487285456,0.0352607415606333,0.006828516143128738,16.0,0.0,227,IA,2015-02-01,Absolute lifetime-PD deterioration,0.00027113512548616864,22.822421008726252,24.775231812859136,22.284851926073056,0.020023105406968354
RM001635,2,23.00222348007114,69439.78,0.001921084660158714,0.00038888417328260873,0.03649412282379272,0.007491685998282538,23.0,0.0,232,IN,2015-07-01,Absolute lifetime-PD deterioration,0.000331254267799684,22.736788663744374,25.36373980884311,22.021540456289753,0.025628186455496152
RM001456,2,22.976358124532908,92098.24,0.001558232250643034,0.000410291564120304,0.02969936201558665,0.007902540735654329,21.0,0.0,232,UT,2015-07-01,Absolute lifetime-PD deterioration,0.000249476625444014,22.713480563312494,25.315220182880655,22.005057674269285,0.024585638944748182
RM002575,2,22.969321347822977,73345.42,0.0019565344162182927,0.0005535121136614123,0.03794090978758935,0.010875322225772255,36.0,0.0,237,IL,2015-12-01,Absolute lifetime-PD deterioration,0.0003131664028622779,22.707497322035884,25.298413035610544,22.00218152119882,0.023886374742377585
RM001719,2,22.958700720676973,147368.55,0.0015135858974304145,0.0005002328085755855,0.028860183548531926,0.009626948719739348,24.0,0.0,232,TX,2015-07-01,Relative lifetime-PD deterioration,0.00015579104714457035,22.731985419700493,24.980602726750064,22.117787787602367,0.02014284753578223
RM003443,2,22.953491511291638,51694.19,0.0034123946818054754,0.0006920661527642883,0.06501537486399878,0.01352307665033281,22.0,0.0,236,MI,2015-11-01,Absolute lifetime-PD deterioration,0.00044402458982898535,22.699242447194624,25.21660221867788,22.013385272108664,0.022045735432676388
RM000557,2,22.888506096714988,77132.33,0.0017688561412772773,0.0005228246229952895,0.03322120258624517,0.00993021222640822,18.0,0.0,229,WA,2015-04-01,Absolute lifetime-PD deterioration,0.0002967433512862244,22.62475853743254,25.235139857304,21.91397005054633,0.025553709757471822
RM001421,2,22.86550751968923,119736.08,0.0018315862122215477,0.0006469660547842139,0.03482238276208305,0.012434107911664882,18.0,0.0,232,FL,2015-07-01,Absolute lifetime-PD deterioration,0.00019096589365285075,22.630089380238292,24.962952002770752,21.9937132093952,0.020366384880624748
RM000187,2,22.799799997686335,115215.8,0.001919085585140043,0.00045566463327577144,0.0358396484235084,0.008622214768112979,18.0,0.0,228,FL,2015-03-01,Absolute lifetime-PD deterioration,0.00019788778967542937,22.56873934264081,24.859317130767682,21.943537743902503,0.02025957385639596
RM000003,2,22.78053029974196,70566.1,0.0028496246832873835,0.000429563326391998,0.05255117265330633,0.008094711991462722,18.0,0.0,227,WI,2015-02-01,Absolute lifetime-PD deterioration,0.00032282541191509746,22.536185770142758,24.956219202466965,21.876547310157378,0.02097103182459598
RM000192,2,22.66764136741596,76517.1,0.0025223807246440165,0.0006401434862368116,0.04685265778034631,0.01209290676751651,30.0,0.0,228,IA,2015-03-01,Absolute lifetime-PD deterioration,0.00029624281849960284,22.425296103942635,24.825141974077102,21.771315800607788,0.021044701312365594
RM002535,2,22.662190250975154,124808.61,0.0015865956768539614,0.00045141660192564003,0.030617013751817912,0.008803260088253828,37.0,0.0,235,TX,2015-10-01,Absolute lifetime-PD deterioration,0.00018157553594239334,22.42578753217276,24.767094645041496,21.787635663813106,0.020718720030153362
RM001199,2,22.6220233852053,61750.84,0.0032104476513430177,0.0005751821478438844,0.0600236228772516,0.011014334946937265,30.0,0.0,231,OH,2015-06-01,Absolute lifetime-PD deterioration,0.00036634357338629405,22.38277956000006,24.75247321186219,21.73679055893069,0.020852368434476114
RM000517,2,22.58555996973148,82635.58,0.002395034891272981,0.0005011574265743981,0.0445379599461333,0.009479164679866647,22.0,0.0,228,NV,2015-03-01,Absolute lifetime-PD deterioration,0.0002733151987283381,22.342449067257117,24.74985765771704,21.686415536907475,0.02100351708943086
RM002020,2,22.527725170520792,77172.27,0.0022263371102470672,0.0004954810766676321,0.04235318414778122,0.00957682243895086,26.0,0.0,233,VA,2015-08-01,Absolute lifetime-PD deterioration,0.0002919147664118315,22.277179167197303,24.75719066202286,21.60177283670356,0.022078010816443457
RM001139,2,22.50993406332904,109462.03,0.0017756050952768998,0.0005218280301901826,0.033489079021038703,0.00995443771746729,24.0,0.0,230,VA,2015-05-01,Absolute lifetime-PD deterioration,0.00020564148192143926,22.267064965429718,24.67172273081592,21.611924507289483,0.02106904800228667
RM001160,2,22.508110882972584,156007.95,0.0013723311349720037,0.0003796702068843917,0.026089158121451295,0.007283385920557661,28.0,0.0,231,OR,2015-06-01,Relative lifetime-PD deterioration,0.00014427540957350304,22.283455865064365,24.510809935255047,21.675399309050842,0.02023209175327988
RM001712,2,22.46221994779155,77518.52,0.0026418746452040454,0.0006259309299415357,0.0498579989053517,0.012032147967321438,29.0,0.0,232,TX,2015-07-01,Absolute lifetime-PD deterioration,0.0002897658514093348,22.227836324101652,24.549755610704867,21.594723685779275,0.02060562704345579
RM001916,2,22.45557122973035,286278.93,0.0007717392295431896,0.0003542415442032195,0.014878591902056648,0.006855799580031463,24.0,0.0,233,OH,2015-08-01,Relative lifetime-PD deterioration,7.843948288380968e-05,22.241053689998132,24.370669127443488,21.658565565689152,0.02
RM000542,2,22.44079308789428,124010.96,0.0018287265654307956,0.0004606121122403062,0.034327131155366564,0.008753502533654145,28.0,0.0,229,CO,2015-04-01,Absolute lifetime-PD deterioration,0.00018095814344066267,22.224024129337796,24.376100413624766,21.635348402667983,0.02
RM000544,2,22.31909103492349,136986.52,0.001124660831740131,0.0002620685314025769,0.021153636665099174,0.004967575253769119,31.0,0.0,228,NJ,2015-03-01,Relative lifetime-PD deterioration,0.00016292910452009066,22.06577041635166,24.572484678067724,21.383398560072145,0.023142300390898984
RM002137,2,22.31123231779211,50957.79,0.003957057349720937,0.0008541230339597581,0.07409651884462065,0.016454431037075445,12.0,0.0,233,IL,2015-08-01,Absolute lifetime-PD deterioration,0.00043783751842048314,22.075686332920355,24.40958050366272,21.439123437659664,0.02078930732149571
RM001345,2,22.302339935811933,125400.26,0.00174661041872615,0.000377026761622792,0.03309172889814449,0.007232849817943254,27.0,0.0,231,AZ,2015-06-01,Absolute lifetime-PD deterioration,0.00017784923201763644,22.082520386524514,24.26307049911199,21.48678369322713,0.02011728172597097
RM001534,2,22.279732704888396,47730.99,0.004081078399571672,0.0018729461948622792,0.07570269735930646,0.035444610679866595,16.0,0.0,231,IL,2015-06-01,Absolute lifetime-PD deterioration,0.00046677709188282907,22.038986465310252,24.423611124940578,21.388907203975098,0.021116648864256585
RM002011,2,22.27622140852132,83646.45,0.002386646735366818,0.0006997905415107397,0.04533626621338793,0.013500397182129698,46.0,0.0,233,TX,2015-08-01,Absolute lifetime-PD deterioration,0.0002663140086461687,22.047387686005404,24.314474609402378,21.429166639309095,0.02054795213305985
RM000959,2,22.25239012775058,154179.67,0.0017417674025855413,0.00037641112716457753,0.01585311732815342,0.003445136737515897,22.0,0.0,110,CA,2015-05-01,Relative lifetime-PD deterioration,0.00014432765440314263,21.95268881987174,24.91261341949762,21.149259968312492,0.022140264664943593
RM001288,2,22.24560659901559,232590.35,0.0008354309450890637,0.00030229777193026275,0.01596003425099002,0.005803207816761691,30.0,0.0,231,CA,2015-06-01,Relative lifetime-PD deterioration,9.56428613612542e-05,22.013756765563965,24.310171012227286,21.387761130072697,0.0207382559327547
RM002817,2,22.226468520193876,39779.19,0.0054338587252693435,0.0014128437561738343,0.10161564629389452,0.027422557529223845,14.0,0.0,236,FL,2015-11-01,Absolute lifetime-PD deterioration,0.0005587461313363564,22.00109313491768,24.236275970000193,21.390623280667167,0.020326357178615376
RM000911,2,22.21605820572483,66744.42,0.00314573633882313,0.0006460814306694832,0.058601094418249455,0.012310823516419878,25.0,0.0,230,TX,2015-05-01,Absolute lifetime-PD deterioration,0.0003328526670203267,21.9887454393022,24.241800685444684,21.373933624250636,0.020397874912919625
RM003034,2,22.210484006238705,140580.89,0.001251248745632477,0.0004445587896917192,0.02442441264645756,0.008743539272186296,21.0,0.0,237,NH,2015-12-01,Relative lifetime-PD deterioration,0.00015799077674240577,21.96970121017963,24.353671900777456,21.320209155035805,0.02158765179644945
RM001344,2,22.20207356001619,66949.3,0.00248192638259093,0.0006825703925313672,0.046907725798332134,0.013114117396131553,27.0,0.0,232,MI,2015-07-01,Absolute lifetime-PD deterioration,0.00033162517845617784,21.955122953759407,24.399652274995905,21.28933690539351,0.02220238899162442
RM000925,2,22.19553349576431,155547.68,0.001394222475651611,0.000359779835770107,0.02638686224763742,0.006873291101906709,35.0,0.0,230,MN,2015-05-01,Relative lifetime-PD deterioration,0.00014269279680522595,21.98077281113266,24.11208547321597,21.39810821464972,0.020061018969042898
RM001518,2,22.193354214369542,84855.58,0.0023764893806703827,0.0006877792443453983,0.04495817386456713,0.013213564345399775,27.0,0.0,232,FL,2015-07-01,Absolute lifetime-PD deterioration,0.0002615426612412471,21.961702786172452,24.256495979120295,21.336010552999152,0.02061680145848095
RM002199,2,22.16618989803664,76492.57,0.0034773025456574175,0.0005350138422765822,0.03255039465662435,0.005071090013607393,26.0,0.0,114,NY,2015-09-01,Absolute lifetime-PD deterioration,0.0002897822611795713,21.87119697925148,24.78534403288585,21.07990168039357,0.021799706220322162
RM002292,2,22.141938003290278,130627.37,0.0016315477614821479,0.00033261506511212893,0.031471371512246216,0.006493619942180895,18.0,0.0,235,NC,2015-10-01,Absolute lifetime-PD deterioration,0.0001695045839420198,21.91931125079076,24.126369224962158,21.3168705163094,0.02024048817451158
RM002839,2,22.11388728914764,94523.48,0.0018735165816520022,0.000923693998611518,0.03635919018053679,0.018085839242783508,37.0429854054054,0.0,237,MN,2015-12-01,Relative lifetime-PD deterioration,0.00023395126046086794,21.87337072150332,24.25408000773567,21.225019053026543,0.021422228977655923
RM000741,2,22.112351437466355,154847.33,0.001017909879103082,0.00032417713408186625,0.019080879410292018,0.006114574419906371,44.0,0.0,227,WV,2015-02-01,Relative lifetime-PD deterioration,0.0001428009862195645,21.861857125055884,24.340011948751147,21.187498120899853,0.02261876541876921
RM000196,2,22.106314660838102,88703.02,0.0018957076193535434,0.0004585637816303327,0.03525793413809597,0.008638955623901157,31.0,0.0,227,VA,2015-02-01,Absolute lifetime-PD deterioration,0.0002492171592448386,21.858564431048162,24.310415371288368,21.191023393249395,0.022151765657783543
RM000887,2,22.098649688444404,107712.31,0.001432374067175716,0.0003981781249538805,0.027331950926621884,0.007670077109869333,36.0,0.0,232,IL,2015-07-01,Relative lifetime-PD deterioration,0.0002051636408915973,21.85002671503144,24.310272792270897,21.180297472517978,0.02273763530687841
RM001156,2,22.06936674452631,67648.89,0.0020914471254590756,0.000398433724256288,0.03933357955315919,0.007609071457209127,28.0,0.0,230,NY,2015-05-01,Absolute lifetime-PD deterioration,0.00032623398173312686,21.816221235104315,24.321398265997686,21.134189062672313,0.024057760645114914
RM001091,2,22.049193920434547,228346.95,0.00082143687907857,0.0003663555665123496,0.015694692330101234,0.007028818295608197,25.0,0.0,231,NY,2015-06-01,Relative lifetime-PD deterioration,9.656005442785439e-05,21.814420720869034,24.13924880036909,21.180897449173813,0.021042001621807593
RM002603,2,22.046711251806624,132812.18,0.0012868325736417308,0.00033430455728321594,0.025006041735705975,0.006554182538850317,33.0,0.0,236,NC,2015-11-01,Relative lifetime-PD deterioration,0.00016599916703277233,21.80580359608756,24.190362006880065,21.156412530223122,0.021682632617399677
RM003053,2,22.016735526453445,140794.63,0.0015554217327588998,0.0006982041921472223,0.03027571967205933,0.013699642929196898,14.0,0.0,237,MD,2015-12-01,Relative lifetime-PD deterioration,0.000156374824284516,21.8044330980396,23.91176295266632,21.228158997128553,0.02001996963673207
RM002166,2,21.97467962720104,79500.82,0.002046745891048626,0.0005173905861689137,0.01927581085965313,0.004904416431259939,24.0,0.0,114,VT,2015-09-01,Relative lifetime-PD deterioration,0.00027640821349013807,21.673264371383297,24.649166077545793,20.86588232863047,0.031367044210094994
RM001134,2,21.935441277380583,42026.41,0.0026377357420344313,0.0008688862073790455,0.04957259770555211,0.016594105699946682,19.0,0.0,231,IN,2015-06-01,Absolute lifetime-PD deterioration,0.0005219442078773938,21.68067892946387,24.202371401688136,20.993943031568236,0.028330831623848123
RM000250,2,21.87608802096562,169607.81,0.001596074211906686,0.0003480146312403958,0.014273300324352256,0.0031277751092660955,20.0,0.0,108,CA,2015-03-01,Relative lifetime-PD deterioration,0.00012898042856025098,21.580870542799683,24.496575781856084,20.789418543652012,0.022021199094491333
RM002707,2,21.86962301119853,132422.16,0.0019884498401435634,0.000621912316502035,0.01905689479804673,0.005995643210473078,25.0,0.0,116,OH,2015-11-01,Relative lifetime-PD deterioration,0.00016515077998424533,21.581409015839995,24.4287318879654,20.808201258249593,0.021628285656124856
RM002723,2,21.867771408909984,58122.45,0.0025064346027753592,0.0007389978314069033,0.04815692254251491,0.014433815967201169,34.0,0.0,236,OK,2015-11-01,Absolute lifetime-PD deterioration,0.0003762362290115091,21.619719724285368,24.074591374528435,20.95134121336198,0.023263442455499064
RM002931,2,21.823927833518066,61467.78,0.003215633758441143,0.0007232682696834175,0.030914994956061426,0.007029593062295336,18.0,0.0,117,NH,2015-12-01,Absolute lifetime-PD deterioration,0.00035504662497194575,21.52905604283468,24.44170421503448,20.738289730378483,0.0262771600280145
RM000730,2,21.804171370371268,111434.51,0.0015123682825956128,0.000399744605106369,0.02846975107588323,0.007600950229674663,32.0,0.0,229,OH,2015-04-01,Absolute lifetime-PD deterioration,0.00019566803291342394,21.562934341852262,23.95052006329672,20.912812639706544,0.02186864698151892
RM000068,2,21.765774302905655,56465.35,0.002988084224970937,0.0006849596575155892,0.055036722456440645,0.012877953422323563,26.0,0.0,227,IL,2015-02-01,Absolute lifetime-PD deterioration,0.000385471343096353,21.52309275727276,23.925452172425086,20.868756190449457,0.02203950726538773
RM000074,2,21.744131345331045,69732.6,0.0028628912290802797,0.000616736384312243,0.05278959437303288,0.011602363086360867,28.0,0.0,227,TX,2015-02-01,Absolute lifetime-PD deterioration,0.00031182160632661115,21.512767303658475,23.80422582701607,20.888180571376594,0.02071479231691815
RM000791,2,21.71737583055181,116576.24,0.0012672572230708905,0.000294495325313952,0.02370207179251238,0.00555619728333423,31.0,0.0,227,ME,2015-02-01,Relative lifetime-PD deterioration,0.0001862933289884097,21.470033395674417,23.917534515022133,20.803803161222486,0.023315015161427734
RM000096,2,21.70587908924919,102124.6,0.002144234714367335,0.000274942466723612,0.039963717213766126,0.005211000520583875,19.0,0.0,228,ID,2015-03-01,Absolute lifetime-PD deterioration,0.00021254310018594137,21.496459048039398,23.575747004884587,20.927624859298366,0.02
RM000737,2,21.704002689641232,76550.94,0.0012254085002166586,0.00029477756956426796,0.02302775781352928,0.005585939770331172,33.0,0.0,228,PA,2015-03-01,Prior default history,0.0002835236600574889,21.450437343723145,23.959354680563692,20.767553837692414,0.03062503613499768
RM002938,2,21.697050959629635,49527.83,0.0012422793323452225,0.0005890776253316416,0.02415028161142485,0.011521717656489017,76.25713507936509,0.0,236,IN,2015-11-01,Relative lifetime-PD deterioration,0.000438077964643911,21.428670256677115,24.081431472171104,20.707741918317303,0.03892632632833419
RM000215,2,21.6760498757745,109697.06,0.001573802008902182,0.00042758972592302544,0.029355057751434988,0.008057663687159433,26.0,0.0,227,MD,2015-02-01,Absolute lifetime-PD deterioration,0.00019759918703176273,21.434918258905096,23.821492874603774,20.78505891148217,0.021818250448173135
RM002870,2,21.674509780724808,142999.87,0.0014837167717926432,0.00029834574427899487,0.02877919005900209,0.005851156660079737,33.0,0.0,236,GA,2015-11-01,Absolute lifetime-PD deterioration,0.00015157013625764,21.469145585970907,23.508369194129784,20.911189435786575,0.02
RM002995,2,21.661090853112743,192082.19,0.000696210276422818,0.00018137937733779473,0.01366077471882321,0.003576157875555097,32.0,0.0,237,VT,2015-12-01,Relative lifetime-PD deterioration,0.00011276990778329185,21.4161167297181,23.84054319512585,20.756022478727,0.024190832805144127
RM001422,2,21.617846196215048,39074.7,0.003381631563157521,0.0006317536113491016,0.06312622942746615,0.012091404407168826,22.0,0.0,231,KY,2015-06-01,Absolute lifetime-PD deterioration,0.0005532440734340903,21.36796888842714,23.841353783622445,20.694370292842628,0.02505478232880506
RM003016,2,21.603578094360714,280864.24,0.0006809238796288176,0.0002350162560510738,0.013362742454732124,0.004631358594725299,29.0,0.0,237,NJ,2015-12-01,Relative lifetime-PD deterioration,7.691822246349593e-05,21.381219397223916,23.584003229547154,20.780595437898274,0.020607066670036495
RM001389,2,21.59535617407338,46996.32,0.003521297161173849,0.0009363301527938332,0.032387363655352885,0.008705064906732063,19.0,0.0,112,NY,2015-07-01,Absolute lifetime-PD deterioration,0.0004595116420620461,21.298570839325382,24.229349505736593,20.503193316524282,0.031104169303856684
RM001401,2,21.582585206851324,66152.58,0.002803133907181834,0.0012364109762554327,0.05282368539335658,0.023634949436725616,25.0,0.0,232,IL,2015-07-01,Absolute lifetime-PD deterioration,0.0003262546253955828,21.351944088097934,23.636083663982774,20.72941630270568,0.021020812227364093
RM001270,2,21.56062419444708,263057.25,0.0008248196484510773,0.0003500486560905066,0.015691157311346626,0.006687975739129048,16.0,0.0,230,AZ,2015-05-01,Relative lifetime-PD deterioration,8.196171819802374e-05,21.351668567468046,23.425674907293974,20.78454850380653,0.02
RM001019,2,21.532222656031166,85588.53,0.005931862412674513,0.0010317989469000733,0.02448494976327964,0.004292144048382629,14.0,0.0,50,VA,2015-05-01,Absolute lifetime-PD deterioration,0.0002515783675222739,21.162499715944453,24.793392760135806,20.185254056389848,0.021614973637171478
RM001744,2,21.507170163253843,67935.19,0.0016083204066929717,0.000338092622017133,0.03090002135385972,0.0065722286789841045,22.0,0.0,234,IN,2015-09-01,Absolute lifetime-PD deterioration,0.0003165836463142863,21.257388077090678,23.729294045792773,20.58440827099363,0.027941625249627892
RM001960,2,21.49515332842539,60462.44,0.0023720192292653766,0.000455558034170702,0.04506443972653973,0.008808410536640388,19.0,0.0,233,SD,2015-08-01,Absolute lifetime-PD deterioration,0.00035551250211578276,21.24975511846247,23.678717465799753,20.58828940478724,0.023815201910955743
RM001562,2,21.4551081648053,67987.01,0.004420925812694917,0.0010934602561264069,0.019016674499216957,0.004729699829410294,13.0,0.0,52,CT,2015-07-01,Relative lifetime-PD deterioration,0.00031557658094988,21.088394822386363,24.68972897410642,20.119106042313287,0.03444307964565694
RM003275,2,21.434908416656725,64188.13,0.004886388507075106,0.000994998660587912,0.02339737099624506,0.004799997350617202,18.0,0.0,58,DE,2016-01-01,Relative lifetime-PD deterioration,0.0003339388204120719,21.07846905361188,24.582263676434515,20.13407014442638,0.029155896754703637
RM001967,2,21.43457774596829,111668.73,0.0020782924909085645,0.0006154440123523422,0.019570289978576016,0.005831448731085875,29.0,0.0,114,IL,2015-09-01,Relative lifetime-PD deterioration,0.00019194789576247793,21.14425513048448,24.010876622349066,20.366425248137922,0.02314432625904005
RM001233,2,21.41385735586661,129098.94,0.0013741818919368273,0.0004854680172125803,0.026012296140633273,0.00926388632917896,17.646617697841727,0.0,230,PA,2015-05-01,Relative lifetime-PD deterioration,0.00016587167451465217,21.178190604243124,23.511155270177515,20.542736619453798,0.021534403097138347
RM000436,2,21.401926165457446,155993.52,0.0020270548136957427,0.0004757267008472661,0.01826228728763979,0.004312885059953309,21.0,0.0,109,TX,2015-04-01,Relative lifetime-PD deterioration,0.000137197533368421,21.131217714039153,23.81010972276876,20.40192857461468,0.020023817866744762
RM003367,2,21.367395449248264,140931.1,0.001319833568955552,0.00035690088374643725,0.02585390213036698,0.0070547949345654,34.0,0.0,238,FL,2016-01-01,Relative lifetime-PD deterioration,0.00015161589918228315,21.140644588704593,23.38573533048619,20.52896940010564,0.020848586051587403
RM000482,2,21.356134512277198,60731.47,0.0014269709216789956,0.0006780242073739463,0.026767049029753576,0.012804149581870483,56.935753125000005,0.0,228,WV,2015-03-01,Relative lifetime-PD deterioration,0.00035164856889314877,21.097433562022562,23.65538515456765,20.401921047119718,0.03106924358674782
RM002650,2,21.337790860754716,90277.59,0.0019677947572264566,0.0004502223578347711,0.03799736609853044,0.008817264756622034,43.0,0.0,236,OH,2015-11-01,Absolute lifetime-PD deterioration,0.00023635755961977625,21.111132850677286,23.355202431751014,20.499776878796503,0.021020474768891673
RM001127,2,21.31588264037613,97168.14,0.0011286425605845788,0.0004916149899890843,0.016056051101438262,0.007023433760935283,54.742614084507046,0.0,172,OH,2015-07-01,Relative lifetime-PD deterioration,0.0002193711090937434,21.044414706009785,23.72657804493369,20.31594479946724,0.030378248559567073
RM000548,2,21.283871295252823,61777.35,0.0019403542324858765,0.0005001010357517263,0.03622994406294067,0.009459273356783315,26.0,0.0,228,NM,2015-03-01,Absolute lifetime-PD deterioration,0.00034452548215895993,21.036569609780035,23.483810766955962,20.370352424424766,0.02610044601277911
RM003076,2,21.268539001102,52450.59,0.007052947618197768,0.0004328854831030304,0.03590876074277627,0.002234558874040782,15.0,0.0,62,FL,2015-12-01,Prior default history,0.000405496658876516,20.924126186825042,24.313510012322304,20.009020002666166,0.023514379492430983
RM000026,2,21.240859245241488,98075.02,0.0017191846503727822,0.0003618321939794607,0.03202520480056403,0.006822517835781583,27.0,0.0,227,NH,2015-02-01,Absolute lifetime-PD deterioration,0.00021657766927033498,21.006351135216306,23.327605225365634,20.374183807825,0.02173543079095385
RM000560,2,21.225818536612564,68213.45,0.001614882255299846,0.00032172998246662274,0.03024087598427394,0.006095201654276683,25.0,0.0,228,WI,2015-03-01,Absolute lifetime-PD deterioration,0.00031116764416126973,20.97847980058965,23.426037905707535,20.31219635140646,0.02756765596294664
RM002284,2,21.188920595769986,76076.14,0.001652652626651934,0.0005017899458108807,0.031738792248298675,0.009739619420205625,33.0,0.0,234,OH,2015-09-01,Absolute lifetime-PD deterioration,0.00027852255116742237,20.943790150950818,23.369201357542387,20.28365429102749,0.02489455866644308
RM003119,2,21.16716880372885,40492.19,0.0025210190914195514,0.0013841662697713457,0.04863072847062688,0.02698542841971885,48.89622943396227,0.0,237,IL,2015-12-01,Absolute lifetime-PD deterioration,0.0005227469495655545,20.916542217547768,23.39577122970614,20.241985356967753,0.027516328734509474
RM003329,2,21.09265098303252,49163.11,0.0028128211464022806,0.0011649067046486687,0.05433436817672366,0.02285228938327266,15.0,0.0,238,NJ,2016-01-01,Absolute lifetime-PD deterioration,0.0004290341067323145,20.85300113447736,23.225519079767597,20.20672410987959,0.02400509706852697
RM002170,2,21.057847759971935,75695.37,0.004199558551043191,0.0008374559948445322,0.0187596129640889,0.003763032836198388,12.0,0.0,54,NY,2015-09-01,Relative lifetime-PD deterioration,0.0002781920183489682,20.70220667373085,24.196237788960886,19.76121657504098,0.03109435129364343
RM003146,2,21.0556581507231,67922.77,0.00236533631083119,0.001042031377626899,0.04550548603082771,0.020295191497172183,14.0,0.0,236,CA,2015-11-01,Absolute lifetime-PD deterioration,0.0003099941028718808,20.82032499028642,23.15008457283507,20.18570483503996,0.022317050064443584
RM000607,2,21.039615303743343,110079.07,0.0036004135444960192,0.0009620051232794277,0.014620288728899422,0.00392236561716286,24.28214779411765,0.0,49,ME,2015-04-01,Relative lifetime-PD deterioration,0.00019113184099160124,20.672662149293817,24.27326140575622,19.704825468682486,0.026200132526109175
RM002131,2,21.031622854551728,142384.92,0.0014429251160150086,0.00030462958651752644,0.027764635349218247,0.005923567991444889,35.0,0.0,234,MI,2015-09-01,Absolute lifetime-PD deterioration,0.00014770962300327678,20.830001526617902,22.831358631754455,20.28268737786231,0.020036103667327627
RM001427,2,20.993411940310285,54303.48,0.002132903234673172,0.0004125669213302774,0.04043974595805211,0.007946200342922372,16.0,0.0,232,WA,2015-07-01,Absolute lifetime-PD deterioration,0.0003865942282209222,20.75269784622207,23.13557483718262,20.1036702429185,0.026582913939254386
RM001466,2,20.984619977059,38412.59,0.004853311126487902,0.0008949480524555906,0.04439234135166148,0.008321769176461546,14.0,0.0,112,VA,2015-07-01,Absolute lifetime-PD deterioration,0.0005462953676661481,20.730556712286727,23.25095947968823,20.041904619272753,0.022278070230876
RM000927,2,20.95896495601462,195213.41,0.0005790557493343335,0.000282806065558724,0.011040385737544733,0.005406547928467509,56.528979729729734,0.0,230,CA,2015-05-01,Relative lifetime-PD deterioration,0.00010736437090061907,20.71220682671809,23.152441526600587,20.048552665991142,0.02590930678977456
RM001686,2,20.9473597722829,60716.98,0.0031074458506117467,0.0005744710735702367,0.05839632840375575,0.011048148078374176,19.0,0.0,232,IL,2015-07-01,Absolute lifetime-PD deterioration,0.00034500002754226083,20.727952519535602,22.901743763789483,20.135134966471288,0.020704019520423077
RM002227,2,20.919341991078397,103534.9,0.001310577381747988,0.0005983308573813573,0.02524880027544263,0.011603102328109682,23.0,0.0,234,NY,2015-09-01,Relative lifetime-PD deterioration,0.0002020511150450563,20.681690818323045,23.033736894261377,20.041266231680382,0.02389994138386864
RM000425,2,20.910059953821396,213686.74,0.0009729362452452087,0.0003827464461704677,0.018404435983897738,0.00727885604874301,24.0,0.0,229,OR,2015-04-01,Relative lifetime-PD deterioration,9.785380203667011e-05,20.709020904018818,22.704771825675117,20.163170131192253,0.02
RM000865,2,20.90504748209798,74847.33,0.002480243002741218,0.0005136281261075453,0.04667936617618229,0.009841137450926962,41.0,0.0,231,MN,2015-06-01,Absolute lifetime-PD deterioration,0.0002793025146267473,20.689678555455558,22.823357891480054,20.107840990593587,0.020599599581689828
RM002687,2,20.826377913966883,51964.34,0.00201382744476202,0.00042547058171029355,0.038869617842753335,0.008334443030340144,25.0,0.0,236,NY,2015-11-01,Absolute lifetime-PD deterioration,0.00040078211161667567,20.58458029240581,22.97756276650358,19.93305014948045,0.027783520502968184
RM003355,2,20.7638399116736,45009.8,0.0007677583558949413,0.00036746752498955726,0.015117619690511841,0.007262941742943063,45.009800000000006,0.0,238,MO,2016-01-01,Relative lifetime-PD deterioration,0.00046131819985144567,20.518083152726597,22.949349984092542,19.8564910718745,0.06770404636338628
RM001006,2,20.750837077990674,95919.22,0.0028779475613802015,0.0007515804199446174,0.02607328632758943,0.006868381585844796,16.0,0.0,110,MD,2015-05-01,Relative lifetime-PD deterioration,0.00021633659112314167,20.47655456689328,23.18687776430481,19.740294795032806,0.02100422822729907
RM001519,2,20.749632115601166,141871.4,0.0009127495709671954,0.000440668472770817,0.017350079093688908,0.008412423112346357,56.597632978723404,0.0,230,FL,2015-05-01,Relative lifetime-PD deterioration,0.00014625662477145616,20.509954261083983,22.880313145255897,19.865246403355535,0.023767434051775622
RM000333,2,20.735877631002253,150646.53,0.0012091826856667287,0.000358027587609794,0.02262761317382944,0.006751010074134589,29.0,0.0,227,SC,2015-02-01,Relative lifetime-PD deterioration,0.00013764590283627678,20.51273717327716,22.72189465695089,19.91092696242674,0.020947611117499956
RM000531,2,20.651344829258175,62963.79,0.0022385730126202436,0.00038590927756793764,0.00910934255500373,0.0015748589582867956,14.0,0.0,49,MO,2015-04-01,Relative lifetime-PD deterioration,0.0003279876390741119,20.291250833643254,23.82414937994518,19.341773562790856,0.07436623323007405
RM003335,2,20.55271641744307,33313.31,0.0027181781116131366,0.0013486526345381725,0.05255267269492281,0.026411287116665627,65.8518918604651,0.0,238,CA,2016-01-01,Absolute lifetime-PD deterioration,0.0006169520956471474,20.30509106515264,22.753779657411176,19.639187028005896,0.028570063519267497
RM000660,2,20.546022552783366,34783.93,0.0045006048603525315,0.0006190907122426429,0.0824795360799514,0.011748415039616433,23.0,0.0,229,PA,2015-04-01,Absolute lifetime-PD deterioration,0.0005906757100989844,20.3159576484533,22.59398752873377,19.695257318794095,0.022304364368094645
RM000572,2,20.456274933645204,103402.38,0.0015729513260905788,0.0004563126731921733,0.029594047225205977,0.008672132466093552,30.0,0.0,229,SC,2015-04-01,Absolute lifetime-PD deterioration,0.00019783176106435077,20.23156947944826,22.455743829232492,19.625860526295597,0.021630343619558134
RM002002,2,20.370715784921394,83659.21,0.002482091717624498,0.0011883353109395879,0.023332667142651586,0.011232339324908303,15.0,0.0,114,NY,2015-09-01,Relative lifetime-PD deterioration,0.0002434963919085704,20.095090166475156,22.817382474581862,19.35610456547784,0.024618367374954982
RM002259,2,20.350199890586275,170112.2,0.0011107926664739249,0.00043875298706373396,0.021439334940285715,0.008521049014628246,35.0,0.0,234,WY,2015-09-01,Relative lifetime-PD deterioration,0.00011962810363152244,20.145556092046466,22.17381578479845,19.59212957977025,0.020322152074755167
RM003070,2,20.339536876790916,88322.18,0.00420683980495103,0.0013567611586802338,0.019825477404930902,0.00642824124910113,11.0,0.0,57,CA,2015-12-01,Relative lifetime-PD deterioration,0.00023028798515606065,20.002227180976714,23.31828614877489,19.10830458952068,0.024677801222051612
RM003032,2,20.33073827952486,74148.29,0.003885710816707937,0.000726148946715104,0.01800458441752384,0.0033841867171598983,13.0,0.0,56,NY,2015-11-01,Relative lifetime-PD deterioration,0.00027419025144780626,19.990584099161747,23.33339711904315,19.089939889127738,0.03182324821368438
RM000071,2,20.242344645475846,114140.98,0.001294755202181971,0.0003340016534029649,0.02442111356301846,0.006354652810587669,34.0,0.0,229,NE,2015-04-01,Relative lifetime-PD deterioration,0.00017734510992875518,20.015734520544786,22.25822999342021,19.405250295855517,0.022375495783004302
RM001105,2,20.214364103085806,73559.68,0.003185151527411839,0.0006162016944472959,0.02907851413439788,0.0056853991269875115,22.0,0.0,111,MI,2015-06-01,Absolute lifetime-PD deterioration,0.00027480223001358635,19.93999141092487,22.649530110389172,19.20462073192807,0.0225991660953145
RM000334,2,20.20428019813704,249030.2,0.0005884328762128136,0.00028725391386382924,0.011121212309091466,0.005443737272278093,42.0,0.0,228,NY,2015-03-01,Relative lifetime-PD deterioration,8.113184745519636e-05,19.979430346242538,22.204515877918126,19.373681909036137,0.022357514810073507
RM000234,2,20.187863039308635,72185.21,0.0023898050691455197,0.00043139625348085237,0.04444278648893696,0.0081647829108773,20.0,0.0,228,MI,2015-03-01,Absolute lifetime-PD deterioration,0.00027966758064856546,19.97037837913029,22.12406480036877,19.383468780828654,0.02113657925827272
RM002283,2,20.17999810097214,64986.86,0.0020890300063585564,0.0005365876993728635,0.0399584305306131,0.010411687622119747,25.0,0.0,234,OH,2015-09-01,Absolute lifetime-PD deterioration,0.0003105242829238424,19.95062722862464,22.2207381465616,19.33250607097584,0.023435647545478704
RM000043,2,20.078367671084315,107304.78,0.0017493273774143129,0.0007484200638328218,0.03257794494298483,0.014063091194860267,23.0,0.0,227,MD,2015-02-01,Relative lifetime-PD deterioration,0.00018711531463075844,19.868166629658777,21.95040773585298,19.300452245903,0.020533041876441584
RM002597,2,19.96885206042738,171700.75,0.0011318867703782886,0.000394298610778897,0.022026834517431926,0.00772606786224872,31.0,0.0,236,VA,2015-11-01,Relative lifetime-PD deterioration,0.0001163003193662659,19.778976505220363,21.664057943243108,19.263333295750925,0.02001433045237694
RM000747,2,19.956199650758258,56053.63,0.0015352427700206187,0.00036754905212324474,0.013858906114648128,0.0033336153758800613,18.0,0.0,109,MO,2015-04-01,Relative lifetime-PD deterioration,0.00035601975555835114,19.680064875925428,22.405864545328956,18.940741262596685,0.05697742084796102
RM000186,2,19.92065673261714,148586.17,0.0011147692624716883,0.0004824500377176874,0.0208784445229242,0.009087010049198319,32.0,0.0,227,MA,2015-02-01,Relative lifetime-PD deterioration,0.00013406804100689275,19.704324341813994,21.84575126887315,19.12109736312123,0.021270287670683046
RM001101,2,19.86125040313332,53058.13,0.0036999285808281203,0.0004648245104124298,0.06886938135841114,0.008910020461623147,12.0,0.0,231,WA,2015-06-01,Absolute lifetime-PD deterioration,0.0003743300113127492,19.66079213068753,21.648760947899085,19.117879621446942,0.020227384578992924
RM001972,2,19.85257815924561,101732.24,0.00244308079166636,0.0006629829883155018,0.02277057222996559,0.006225699772025695,28.0,0.0,113,GA,2015-08-01,Prior default history,0.0001951453950020722,19.590040436680837,22.183593273036905,18.885789481915936,0.02132780296636182
RM002516,2,19.842865293400266,58032.15,0.0012283866984567197,0.0003725038931328701,0.011608937150075826,0.0035331897981987215,17.0,0.0,114,MO,2015-09-01,Relative lifetime-PD deterioration,0.00034192883243857523,19.57163839055163,22.24946830249669,18.84513300936261,0.06682030088857822
RM002115,2,19.802136233176928,81562.79,0.004101850752346009,0.0007972773882275955,0.01832628230671729,0.0035827458183753658,16.0,0.0,54,CA,2015-09-01,Relative lifetime-PD deterioration,0.00024278394882245848,19.46691320157172,22.75997105427758,18.58019971409754,0.027345611880986057
RM002798,2,19.79337432030004,52575.5,0.0037790078422730183,0.0005611338266341582,0.07175657689344805,0.010978026110693317,25.0,0.0,236,MI,2015-11-01,Absolute lifetime-PD deterioration,0.0003764752464608047,19.604534421755584,21.48015454820481,19.091149722443316,0.020008346175139212
RM001640,2,19.749144491926636,75337.93,0.002908172803576365,0.00048422499825628596,0.02681637197704867,0.004510325674457305,14.0,0.0,112,TN,2015-07-01,Absolute lifetime-PD deterioration,0.0002621407900632077,19.481885372315077,22.121643237663378,18.76526413790293,0.023364702872129495
RM001452,2,19.73405163199584,117765.84,0.001366780128954984,0.0003211776477153376,0.02598494076174862,0.006164583303328808,31.0,0.0,231,MI,2015-06-01,Relative lifetime-PD deterioration,0.0001675702532414819,19.51958385052248,21.6425709252069,18.941371995891206,0.02136666586794862
RM003350,2,19.718267381174186,67911.47,0.0021807606403307757,0.0005315094285627833,0.04237496561302745,0.01048900877176795,29.0,0.0,238,TX,2016-01-01,Absolute lifetime-PD deterioration,0.00029035253369090946,19.49843130616942,21.674248177589437,18.905955773445132,0.02214161671666341
RM002409,2,19.69698734144442,104520.21,0.0025849712686960005,0.0004905964147737455,0.01179303508598184,0.002246591278730281,15.0,0.0,55,WA,2015-10-01,Relative lifetime-PD deterioration,0.00018845147116949363,19.365905653173936,22.61863908696703,18.489904944029117,0.03351110973659721
RM002172,2,19.692118578895187,69847.99,0.005371407505893792,0.0013004173644542306,0.023945139112278913,0.005838575267801516,16.0,0.0,54,MD,2015-09-01,Relative lifetime-PD deterioration,0.0002819282069375967,19.358769900257645,22.63382297998091,18.47673898436327,0.024258111021484376
RM002712,2,19.59739621665429,41448.99,0.00255850463867545,0.00044625400422356804,0.011883811339776673,0.002080815586200102,15.0,0.0,56,MO,2015-11-01,Relative lifetime-PD deterioration,0.0004728075694161496,19.267232814282334,22.510468994429004,18.393982768081216,0.08210083495396092
RM001482,2,19.576672046563296,25090.46,0.0076673815815483685,0.0016955014417950312,0.06872119239416219,0.015574147862338128,25.750735263157896,0.0,111,VA,2015-06-01,Absolute lifetime-PD deterioration,0.0007802436482457196,19.30686697050178,21.97214954003719,18.583163958102336,0.025255102677915413
RM003320,2,19.533931701127404,128025.21,0.002272519076214725,0.0009103114049820385,0.01093610287704394,0.0043921683769336806,12.0,0.0,58,NY,2016-01-01,Prior default history,0.00015257879054545118,19.228490019435032,22.236580988839286,18.41542891085141,0.026149397395558893
RM000744,2,19.48245035994207,198331.18,0.0014690998242941507,0.0005282541912334025,0.013265364216455855,0.004788077150321146,13.0,0.0,109,AZ,2015-04-01,Relative lifetime-PD deterioration,9.823190866883397e-05,19.234996812041217,21.68336028743039,18.568627367813914,0.02
RM000079,2,19.482317361529446,47820.94,0.004454255732032869,0.001225779543397272,0.03902398841095056,0.010876984999555028,12.0,0.0,107,CA,2015-02-01,Absolute lifetime-PD deterioration,0.00040740138862869373,19.214181249156255,21.86241431233332,18.495334702000655,0.024285843784848916
RM003280,2,19.40949211096426,38995.84,0.005034543441581857,0.0007051849997117757,0.09525666129786015,0.013893682288562137,21.0,0.0,238,FL,2016-01-01,Absolute lifetime-PD deterioration,0.0004977323763499968,19.225243285891995,21.055864583038183,18.72393411831999,0.02
RM001993,2,19.396344022041276,71492.6,0.004893509456858076,0.0011212092554211616,0.021832981978853305,0.005035551152461237,11.0,0.0,54,CA,2015-09-01,Relative lifetime-PD deterioration,0.0002713056179526451,19.069254746864942,22.283208914885787,18.203517423908814,0.026053355083438007
RM002774,2,19.396136010876084,128922.95,0.001533179812026775,0.00033246739630447,0.014848629778615563,0.003236846171045471,22.0,0.0,117,CA,2015-12-01,Relative lifetime-PD deterioration,0.00015044750380654559,19.136636685297603,21.699735755796418,18.44083190844056,0.023923133357246256
RM001352,2,19.372660135901288,32697.19,0.0027911908489610554,0.0003117371798794567,0.025750199173498522,0.0029057706657299454,43.59625333333333,0.0,112,OH,2015-07-01,Absolute lifetime-PD deterioration,0.0005924870038037302,19.123966944838934,21.587149336778666,18.452535393409462,0.03394106660857251
RM001077,2,19.34898610533114,115775.1,0.0014251150634566588,0.00044971175501024637,0.026963988990150844,0.008584356208809929,39.0,0.0,230,TX,2015-05-01,Relative lifetime-PD deterioration,0.00016712562636811488,19.14062030196731,21.20320686988042,18.578858129860432,0.02103743116408778
RM000230,2,19.328401051267335,133511.4,0.001291197045720064,0.0005179066857735821,0.02414466563201212,0.009751746323088728,21.0,0.0,227,NC,2015-02-01,Relative lifetime-PD deterioration,0.0001447696679929005,19.121645524539485,21.168962735679496,18.563772038504577,0.020861965579982045
RM001715,2,19.310748952968254,96370.0,0.001449041501518736,0.0003862174259712012,0.027410753222137707,0.007376588946404361,23.0,0.0,230,CA,2015-05-01,Absolute lifetime-PD deterioration,0.00020038133187681077,19.092471690501515,21.25267855458043,18.504319965321468,0.022778016584481812
RM003072,2,19.26775277058084,78931.77,0.0026534372202239387,0.000560173728679933,0.025572731290687267,0.005448327905231531,21.0,0.0,117,GA,2015-12-01,Absolute lifetime-PD deterioration,0.0002441064323095864,19.01007585254133,21.55528913994185,18.31908039678152,0.022952773149804158
RM000495,2,19.265127113760286,68263.73,0.0018897627919265336,0.0007623658404132793,0.03545336034542779,0.014448631955268021,68.26373,0.0,229,OH,2015-04-01,Absolute lifetime-PD deterioration,0.0002822161507107843,19.044751512219186,21.22402574548831,18.45209278862909,0.02283662298248864
RM002555,2,19.239421402401504,181610.04,0.0010474972139056934,0.0003048822845760523,0.020400609120719726,0.00597898678037645,25.0,0.0,236,FL,2015-11-01,Relative lifetime-PD deterioration,0.00010593809352391257,19.05555421388883,20.88095454209302,18.556248216174936,0.02
RM000920,2,19.193829792058462,191171.83,0.000997679657615027,0.0002715442640745691,0.018949888535609083,0.00519178103712481,37.0,0.0,230,CO,2015-05-01,Relative lifetime-PD deterioration,0.00010040093141368403,19.009691446827546,20.83772597502443,18.509688117316426,0.02
RM002574,2,19.192778761301703,88903.41,0.0015607429626067913,0.0005265511320923834,0.014985549976614498,0.005078395941528702,19.0,0.0,116,PA,2015-11-01,Relative lifetime-PD deterioration,0.0002158834937973887,18.93243533739968,21.503324592539784,18.234736550454762,0.03246214128699925
RM002966,2,19.0961341680357,28506.4,0.003686855287665395,0.001339177392422897,0.07035264477691172,0.026119311367730824,36.952740740740744,0.0,237,GA,2015-12-01,Absolute lifetime-PD deterioration,0.0006698893640738816,18.872573711221698,21.08491065335104,18.27029142779155,0.02598535222452436
RM000155,2,19.072268867303517,64645.21,0.0017500424459940787,0.0005247892638907179,0.03259105383217498,0.009880730975373342,18.0,0.0,227,WI,2015-02-01,Absolute lifetime-PD deterioration,0.0002950298849257898,18.851611521392666,21.035380492585787,18.25704167439284,0.025711055062282058
RM000549,2,19.068066901400634,57291.5,0.0019925380562752547,0.0005523286470561578,0.037186922341065576,0.010442240761958432,17.0,0.0,228,WA,2015-03-01,Absolute lifetime-PD deterioration,0.0003328254086801818,18.848241669566185,21.023975624169758,18.255778886283444,0.025510263246259803
RM001217,2,19.066411662979625,132354.16,0.0014383342237808147,0.0002981588792600938,0.027210846596223637,0.005699261206784434,24.0,0.0,230,CO,2015-05-01,Absolute lifetime-PD deterioration,0.0001440560059689822,18.88312192561293,20.702811226576802,18.385369323388154,0.02
RM001437,2,19.002185315188193,90934.91,0.0016106352889248322,0.00044447376611786996,0.014932108751041118,0.0041407473890398006,19.0,0.0,112,IN,2015-07-01,Relative lifetime-PD deterioration,0.00020896469040534809,18.742387625988027,21.30759411031754,18.046349594483992,0.03123998930698248
RM001940,2,18.986195588678058,90675.55,0.0020381787291623146,0.0006206026937426464,0.0390040107332259,0.012032532366124005,25.0,0.0,234,CO,2015-09-01,Absolute lifetime-PD deterioration,0.00020938605377831241,18.79753925196822,20.668478129792845,18.28658298127131,0.020171484567036987
RM000203,2,18.952902747165098,143110.79,0.0012426184744149002,0.0003268182250187374,0.02324635784501683,0.006164244495474369,33.0,0.0,227,MN,2015-02-01,Relative lifetime-PD deterioration,0.00013243517660104523,18.759072609633204,20.67972472832401,18.23518123295744,0.020375765040923297
RM002825,2,18.931199851898498,129835.96,0.003021247971828512,0.0013790006674301463,0.01402127207333026,0.0064190867685166575,9.0,0.0,56,NY,2015-11-01,Relative lifetime-PD deterioration,0.0001458086022693443,18.61730434189438,21.70298288886949,17.785566492643415,0.022695379501722786
RM000546,2,18.80638121220825,48667.66,0.0034270672452911943,0.00045268293763551896,0.06341236859337263,0.008603432105603326,21.0,0.0,229,NY,2015-04-01,Absolute lifetime-PD deterioration,0.0003864246033651145,18.60675932326473,20.58418728871038,18.067628479043297,0.020863495383060243
RM002157,2,18.762474783907415,71891.34,0.005657720521514348,0.0017069294433488648,0.025669638551088503,0.007799535775956046,12.0,0.0,55,FL,2015-10-01,Prior default history,0.00026098379559912803,18.45580156976709,21.47257848133412,17.641786225117304,0.021034922814170604
RM000947,2,18.75976808675611,215258.16,0.0007391122309655921,0.0003315077525649054,0.0140716117734776,0.006334802006149776,68.73155284210527,0.0,230,GA,2015-05-01,Relative lifetime-PD deterioration,8.715009032296898e-05,18.56809927280351,20.46636752223947,18.050702690589898,0.020651656575508593
RM001071,2,18.75691544260482,149482.71,0.0012441274132816652,0.0002222864228082332,0.02357820735250038,0.0042518983406059085,29.0,0.0,230,AR,2015-05-01,Relative lifetime-PD deterioration,0.0001254788292412201,18.577211036340962,20.36133659378217,18.08917390905229,0.020000530915869553
RM000587,2,18.73138094053523,50072.54,0.003872559875219703,0.0006520375227781184,0.07136992379445428,0.012369962986660155,11.0,0.0,229,FL,2015-04-01,Absolute lifetime-PD deterioration,0.0003740848964429452,18.549044189696914,20.35964701371494,18.05362661494322,0.020005594471187462
RM000850,2,18.713623631495928,111357.69,0.0010542541887398522,0.0003865782976958822,0.020014200299100615,0.00738345726289702,42.0,0.0,230,ND,2015-05-01,Relative lifetime-PD deterioration,0.000168049675163843,18.497968424890875,20.631297425991523,17.917508594028337,0.02397808349660385
RM001769,2,18.625460300854574,10515.77,0.019707239293929018,0.0022716530478295695,0.32054865631669005,0.0431973297437267,3.865480671936759,0.0,233,NJ,2015-08-01,Absolute lifetime-PD deterioration,0.0017711931984870886,18.450630107587713,20.192514076913156,17.97167846032901,0.02
RM002332,2,18.591135152618183,41622.74,0.0048670994084035165,0.001443083497470589,0.04529256091014833,0.01362551532087175,53.59640493150685,0.0,114,TX,2015-09-01,Absolute lifetime-PD deterioration,0.000446658128528256,18.339660982987436,20.822582340153012,17.665990345349336,0.02256925973102246
RM001448,2,18.585897889054678,148585.15,0.0017270103116914252,0.0005230967145247864,0.016003262604014967,0.004871608424248053,34.0,0.0,112,TX,2015-07-01,Relative lifetime-PD deterioration,0.00012508583723914993,18.35015916224541,20.68174724665042,17.71592139351621,0.020295186911965253
RM003276,2,18.585165512077538,72925.81,0.0017557741404104763,0.0004255328048249961,0.03425307369983599,0.00840600049324014,19.0,0.0,238,ME,2016-01-01,Absolute lifetime-PD deterioration,0.00025485031310694444,18.375890067817203,20.447375476375854,17.811746742456528,0.02316434801201715
RM002586,2,18.552319117237367,33069.11,0.0024719981325757845,0.0011814665592286015,0.047510458191560856,0.0229810644505678,67.67631813953489,0.0,236,IL,2015-11-01,Prior default history,0.0005610165836709051,18.328191026922042,20.544282749822965,17.72563681941181,0.028558650529935677
RM002883,2,18.5342677045277,85218.32,0.0027687881328033776,0.0008014512009337256,0.012855584028078959,0.0037346140791052473,13.0,0.0,56,PA,2015-11-01,Relative lifetime-PD deterioration,0.00021749158754276896,18.224130574369067,21.271594761376253,17.403207713840434,0.03555724017796223
RM000021,2,18.532290881956452,61014.11,0.004654894670271008,0.0008052557300589195,0.01887152359833122,0.0032840478469270407,14.0,0.0,49,NY,2015-04-01,Relative lifetime-PD deterioration,0.0003037377892090281,18.21002558692399,21.37288906161223,17.359547783044654,0.03296939807604379
RM002869,2,18.51102333923292,56093.57,0.0031102042019244937,0.0008522755448170995,0.02991515928710109,0.00827877030855484,18.0,0.0,117,OH,2015-12-01,Absolute lifetime-PD deterioration,0.00033000258923140247,18.260790537112857,20.73236951256863,17.58982821877749,0.02547966244413103
RM003296,2,18.50802108713386,87280.75,0.0017405331766211863,0.0008049351947620152,0.0339605930692376,0.015844116900624927,14.0,0.0,238,MA,2016-01-01,Relative lifetime-PD deterioration,0.00021205158167332267,18.307989655122345,20.288745080445644,17.76824514449412,0.02138876569979489
RM001141,2,18.496777285514206,48405.71,0.005697514043417382,0.0008542781857388939,0.05148029301376378,0.007874284533653686,19.0,0.0,111,TX,2015-06-01,Absolute lifetime-PD deterioration,0.00038211973929344714,18.26606952284247,20.551120013284187,17.643192474572242,0.02
RM002365,2,18.457402119819506,53027.73,0.0018770661238207513,0.00034575428909607454,0.035974165437136385,0.006720688951181719,20.0,0.0,234,CT,2015-09-01,Absolute lifetime-PD deterioration,0.00034807075693829445,18.244219202316714,20.35415226508492,17.66969774669091,0.026822384999871867
RM000888,2,18.42466258637083,28987.36,0.006630958367804241,0.0007483115966222098,0.11972121117261503,0.014245565860823706,8.0,0.0,230,OR,2015-05-01,Absolute lifetime-PD deterioration,0.0006356102310238266,18.24727288300229,20.00995460670216,17.76448452330257,0.02
RM001358,2,18.371242520527623,88989.36,0.002019219316419425,0.0004154521896671627,0.038324022364578436,0.008001560319148338,38.0,0.0,232,MN,2015-07-01,Absolute lifetime-PD deterioration,0.00020644313567967702,18.19759063066808,19.922211725084644,17.7255954663701,0.02
RM001921,2,18.357540425776126,97820.67,0.004784004167105439,0.0009442886397710254,0.020957332795533246,0.004163885417748148,16.0,0.0,53,FL,2015-08-01,Relative lifetime-PD deterioration,0.00018766524933611808,18.05351337651438,21.043373449304298,17.247120128991575,0.02000689110725992
RM001542,2,18.316560747232096,142567.19,0.0017786647135990168,0.0004345770722619074,0.016478373313691397,0.0040487160231811314,28.0,0.0,112,MN,2015-07-01,Relative lifetime-PD deterioration,0.00012847669051506237,18.08331506845189,20.39000895850387,17.45594435294314,0.02031932963039911
RM002220,2,18.281796780435904,52518.95,0.008602440421960986,0.0010614439224084157,0.03813238050353185,0.004767633023037732,19.0,0.0,54,MI,2015-09-01,Absolute lifetime-PD deterioration,0.0003480990533976004,17.98106989342416,20.940192112248376,17.182271097417,0.020207810367555857
RM000339,2,18.24760719252336,74686.69,0.002358236791489715,0.000464080272284555,0.0210250227727643,0.004168977502483129,23.0,0.0,108,OH,2015-03-01,Relative lifetime-PD deterioration,0.00024432207656442347,17.99337894601435,20.502638312281082,17.312907146043827,0.0261003851096563
RM001179,2,18.227134120811538,91159.78,0.0017022735021930253,0.0005092957124422158,0.03226470754481048,0.009758513524207868,32.0,0.0,231,WY,2015-06-01,Absolute lifetime-PD deterioration,0.00019994710519059543,18.03337991523948,19.95188634064893,17.51063434086138,0.02096634031521125
RM000642,2,18.219956448187524,41735.87,0.007262852123386272,0.0011185840520288566,0.029326255268974366,0.004559680994079551,10.0,0.0,49,TN,2015-04-01,Absolute lifetime-PD deterioration,0.00043655389112980087,17.904212290994966,21.004313459090554,17.070107609197574,0.0308185492043041
RM000047,2,18.210594539391213,61065.44,0.0022298325089141167,0.0006266989576515871,0.041348909423576385,0.011788733507013816,15.0,0.0,227,CA,2015-02-01,Absolute lifetime-PD deterioration,0.0002982144161966443,18.004688220827454,20.042867815142202,17.449597989647998,0.022683026240846237
RM001025,2,18.11633077413903,75090.54,0.004419433024050478,0.0009861516057125576,0.01828586210255656,0.004102553826373145,25.03018,0.0,50,AR,2015-05-01,Relative lifetime-PD deterioration,0.0002412598281240091,17.801050462650036,20.89502965137954,16.969229478037057,0.02602111695937887
RM000365,2,18.089836115454155,74989.4,0.0021399062768690134,0.0007896344894361814,0.03988459078184736,0.014896908518702734,19.0,0.0,228,NC,2015-03-01,Absolute lifetime-PD deterioration,0.00024123190898252495,17.897249890409654,19.804603810541913,17.377377006336758,0.02086199686083706
RM002786,2,18.073073829305137,141699.23,0.001112903193351099,0.0004395744703185263,0.021752015168507333,0.008645911718212274,23.0,0.0,237,UT,2015-12-01,Relative lifetime-PD deterioration,0.00012754532137757656,17.88362172878921,19.759965864058948,17.372188765620162,0.020780967258480925
RM001823,2,18.054086799306496,56427.44,0.0020102872460539367,0.00045301081635330196,0.018770849504743947,0.004257728447821463,23.0,0.0,113,PA,2015-08-01,Relative lifetime-PD deterioration,0.00031995225725828594,17.805393162800247,20.260539801910955,17.13938810481734,0.03688412188852082
RM001439,2,18.022739778187784,129072.31,0.0012044294900259488,0.0004928794243459524,0.023030329606713695,0.009486071943697438,21.0,0.0,232,MA,2015-07-01,Relative lifetime-PD deterioration,0.00013963289088254316,17.83146583494423,19.72563350314351,17.315263322494474,0.02093705840314497
RM001444,2,17.975160923545506,62958.49,0.0023119707327899047,0.0006035107428154089,0.04357888271920085,0.011553824837265081,19.0,0.0,231,CA,2015-06-01,Absolute lifetime-PD deterioration,0.00028550813279583907,17.776813536532735,19.74044011465033,17.241918931540145,0.02167289914407384
RM000276,2,17.970268785568067,122599.27,0.0033218005688740865,0.0006350377907761389,0.013221142615383319,0.0025377325493419756,15.0,0.0,48,NH,2015-03-01,Relative lifetime-PD deterioration,0.00014657729026908614,17.6576006267511,20.725964921868233,16.832658418541786,0.0231033959487105
RM001650,2,17.95740989762183,171765.81,0.0008800203311988741,0.0002922404411661959,0.016877174513845516,0.005634871817565168,43.0,0.0,232,IA,2015-07-01,Relative lifetime-PD deterioration,0.00010454589244286642,17.767712708319127,19.645833549885307,17.256057366228,0.02092937519867361
RM003319,2,17.925065669178167,140494.99,0.0010694124626858563,0.00028922590520074324,0.020997774348918807,0.005720717511765505,33.0,0.0,238,CA,2016-01-01,Relative lifetime-PD deterioration,0.00012758508804604468,17.734381846216095,19.62227746695529,17.22006095420797,0.021022243662113298
RM000054,2,17.891342158595414,94199.42,0.004629866287403439,0.0006943122530332727,0.018011568405341682,0.0027166373916591713,12.0,0.0,47,CA,2015-02-01,Relative lifetime-PD deterioration,0.00018993049170149258,17.57829969811301,20.65003729955284,16.752572386745946,0.022124652260544546
RM002577,2,17.84119789540059,83809.15,0.001166997036483516,0.0005602982529462447,0.022702670320637663,0.010961764310976951,54.186950431034475,0.0,236,TX,2015-11-01,Relative lifetime-PD deterioration,0.00021287887892193862,17.63014212960464,19.717146737647152,17.062619326717893,0.02556261971921806
RM001765,2,17.83311343912736,61703.11,0.006064035264888418,0.001403668940630491,0.026506721050857496,0.006184688537085314,20.0,0.0,53,OK,2015-08-01,Absolute lifetime-PD deterioration,0.0002890148233877897,17.529747273581055,20.509779693626175,16.727353845883577,0.022499921637084877
RM002474,2,17.807310014333233,98871.63,0.0013622009975661875,0.00033015438445667736,0.026341470028076408,0.0064457275046343465,30.0,0.0,235,MI,2015-10-01,Relative lifetime-PD deterioration,0.00018010535493683306,17.609663882585505,19.565725151278365,17.077080913112113,0.02202870819255522
RM001587,2,17.768055114131084,149672.17,0.0016330759213830442,0.0006752660954512047,0.015004592543472195,0.006228841094791271,15.0,0.0,111,CA,2015-06-01,Relative lifetime-PD deterioration,0.00011871315231235762,17.536657269894913,19.82375771806794,16.915147306638097,0.020596885151379994
RM002479,2,17.75313666128469,84215.99,0.0015442771091021899,0.0003208068962505062,0.007058379329621389,0.0014695200396637187,15.0,0.0,55,MO,2015-10-01,Relative lifetime-PD deterioration,0.0002108048205724909,17.45365341894653,20.395185039001788,16.661771865553092,0.06232711059379131
RM000944,2,17.746469691211157,73225.01,0.0014082582601407001,0.0003399777570237131,0.026649115079853236,0.0064961564313675835,33.0,0.0,230,OH,2015-05-01,Absolute lifetime-PD deterioration,0.00024235530580618778,17.539352032791975,19.588380258536787,16.981767096792403,0.02539928577327047
RM002571,2,17.733286739324978,77919.74,0.001083372062964921,0.0003203560465367348,0.02109224727754344,0.006281533134122719,33.0,0.0,236,NY,2015-11-01,Relative lifetime-PD deterioration,0.00022758400810019358,17.525962204687325,19.577181094943885,16.967723106474118,0.028400574769045214
RM003282,2,17.732779748593963,79923.08,0.0020630174242502975,0.0008209292336737436,0.03996609787080874,0.016089174980698062,23.0,0.0,237,FL,2015-12-01,Absolute lifetime-PD deterioration,0.00022187307782175014,17.549098405445708,19.36887219610659,17.052849872021216,0.020489099461852574
RM001420,2,17.697335256417624,88739.36,0.0015496559948808808,0.0004171713225881063,0.02953821501169096,0.008034544127944465,29.0,0.0,232,FL,2015-07-01,Absolute lifetime-PD deterioration,0.00019943050362790114,17.501160839269144,19.442722817928686,16.972499071406112,0.021860847170682568
RM000360,2,17.59283106995438,68537.98,0.0018460676711459683,0.00045414354587988866,0.00736384804323309,0.001815337079977386,15.0,0.0,48,MO,2015-03-01,Relative lifetime-PD deterioration,0.00025668732971053976,17.28422979447966,20.31112725005035,16.47106841050671,0.07169997945193599
RM002553,2,17.560820285003693,28678.04,0.00955562650487067,0.0016684320953771793,0.04458308983468162,0.00790029831993666,19.0,0.0,57,IL,2015-12-01,Absolute lifetime-PD deterioration,0.000612343810281445,17.267762604337904,20.149552683597594,16.49059594320468,0.027399547836050538
RM002192,2,17.54445410319122,79611.29,0.0010821950848657412,0.00030584988905094687,0.020892886277173672,0.005947229875235549,33.0,0.0,234,KS,2015-09-01,Relative lifetime-PD deterioration,0.00022037645795202192,17.338133007333546,19.379209670941794,16.78274052052822,0.028129496315801444
RM001593,2,17.5301895528242,25133.08,0.006412835871886727,0.0009713207402344834,0.11695643117836185,0.018612599505297367,8.0,0.0,232,MI,2015-07-01,Absolute lifetime-PD deterioration,0.0006974946784406925,17.34560917845383,19.17539594902692,16.84618507209432,0.020781273077144925
RM000452,2,17.518223312889752,40524.88,0.0023684369669271176,0.0012714985672816956,0.044242711704085225,0.0239874852637324,42.776262222222215,0.0,229,MD,2015-04-01,Absolute lifetime-PD deterioration,0.0004322831631553197,17.31014834239918,19.368252739424385,16.75025257943769,0.026207717349493835
RM001703,2,17.50839641735357,112087.65,0.0013698572703719587,0.00044131482839468325,0.026153965596963147,0.008497658949016329,37.0,0.0,232,TX,2015-07-01,Relative lifetime-PD deterioration,0.0001562027254327624,17.324703250978455,19.14377681322201,16.828974555032964,0.02073685368045569
RM000794,2,17.379270296502924,129480.6,0.0033711660248878592,0.0007165903547387631,0.013694219191589307,0.0029228463254152848,12.0,0.0,49,CA,2015-04-01,Relative lifetime-PD deterioration,0.00013422296696573017,17.079722595134903,20.020429749842364,16.28865457665397,0.021044696311873858
RM001514,2,17.35974846944258,152020.04,0.0016920056174379804,0.0005315430091245656,0.015403324203107749,0.004861915448248433,20.0,0.0,110,TX,2015-05-01,Relative lifetime-PD deterioration,0.00011419381595638693,17.140699022378996,19.308403500412,16.550564115221235,0.02
RM001044,2,17.349438878109304,108776.54,0.0013975393280356652,0.0005860049883247803,0.026448842306195708,0.011172176969828529,14.0,0.0,230,CA,2015-05-01,Relative lifetime-PD deterioration,0.0001594961457508145,17.163232936122995,19.00713694665435,16.66075886263502,0.02099453868452396
RM001230,2,17.342727598802053,59914.25,0.0025016955755688677,0.00048694467143927354,0.04687502224303919,0.00929193991985422,29.0,0.0,230,TN,2015-05-01,Absolute lifetime-PD deterioration,0.0002894591453419187,17.15696908624549,18.996369477136227,16.655751641577716,0.020987787649672192
RM000710,2,17.290999189780077,59404.42,0.002242263524744009,0.001071184153262167,0.02018362326561396,0.009687904663949976,25.779276603773585,0.0,109,NY,2015-04-01,Relative lifetime-PD deterioration,0.00029107260351637264,17.048807963144586,19.43892056432169,16.400784268724216,0.031143205292092052
RM002952,2,17.257861319385267,71128.52,0.0017165841264537732,0.000339949952605636,0.03322404050752692,0.006664512031718806,21.0,0.0,236,NC,2015-11-01,Absolute lifetime-PD deterioration,0.00024262927612419416,17.063924268554207,18.98349940629756,16.54118613377853,0.022847362515559886
RM003129,2,17.183119165042623,67436.21,0.001864260527936847,0.0003358300073304222,0.03633254580752343,0.006639606902622441,27.0,0.0,238,WI,2016-01-01,Absolute lifetime-PD deterioration,0.00025480552903318,16.991567480824514,18.887469382963594,16.475301426748494,0.022336329609730376
RM000833,2,17.173304174211797,174855.66,0.0009981133451478475,0.00048210426020046503,0.018876408071940465,0.009160162462410693,11.0,0.0,229,CA,2015-04-01,Relative lifetime-PD deterioration,9.821417376029919e-05,17.005898162694525,18.667403274011253,16.551612178077203,0.020000149944339865
RM000707,2,17.16514391222755,171221.24,0.000722928516882868,0.00032075833818731375,0.013706079500905632,0.0061034182069983345,44.08308044776119,0.0,229,AR,2015-04-01,Relative lifetime-PD deterioration,0.00010025125336218538,16.97358342271933,18.86895484780809,16.457710580834746,0.02231664280646235
RM002112,2,17.154853522409155,73123.44,0.003445112166117327,0.0011647398273086633,0.03225346711480215,0.011010414063414187,15.0,0.0,114,CO,2015-09-01,Absolute lifetime-PD deterioration,0.00023460129231350652,16.941358985907023,19.055102542142013,16.365507414504705,0.02
RM000547,2,17.150985940514403,37957.71,0.0031770317205690054,0.0005211000633103958,0.05891787488868161,0.009897611132825723,14.0,0.0,229,CA,2015-04-01,Absolute lifetime-PD deterioration,0.00045184459074360396,16.95630138013621,18.883736001614196,16.431237409821644,0.023357950508562517
RM001449,2,17.097433827511445,90645.38,0.003605645871739445,0.000795404941085462,0.015530834627254797,0.0034421882944712934,14.0,0.0,52,CA,2015-07-01,Relative lifetime-PD deterioration,0.00018861892164290605,16.805500527328647,19.672350259380327,16.03393743348124,0.025288543984631894
RM001513,2,17.07903009398122,118417.36,0.0010000773166401915,0.0002929027667974827,0.01907681109770276,0.005623333704867561,35.0,0.0,231,ND,2015-06-01,Relative lifetime-PD deterioration,0.0001442274181250217,16.886408197928453,18.792378447388163,16.367611591869203,0.022846954913491663
RM001732,2,17.054371025639718,134924.38,0.0012067655059524742,0.00043849112558085133,0.02287787962125898,0.00837102263320233,26.0,0.0,230,FL,2015-05-01,Relative lifetime-PD deterioration,0.0001263994766967965,16.88277207085262,18.58380431069043,16.418517235981486,0.020253309198550395
RM002149,2,17.04754676240436,67728.93,0.004118976119072596,0.000896755993399125,0.0184022434623915,0.004029073852142018,20.0,0.0,54,TX,2015-09-01,Prior default history,0.0002517025850313058,16.77989973751111,19.41617609049621,16.067175130948186,0.022967208468630287
RM001113,2,16.934418491042294,204542.56,0.0008172854055137523,0.0003803610064293053,0.015615963065392702,0.007296591888793391,26.0,0.0,231,TX,2015-06-01,Relative lifetime-PD deterioration,8.279166199465918e-05,16.772279132768276,18.38189945677467,16.332024057111408,0.02
RM001681,2,16.923865244189276,80484.14,0.0016389439375428115,0.00036429146529091207,0.03121468410197803,0.007019498902960386,27.0,0.0,232,FL,2015-07-01,Absolute lifetime-PD deterioration,0.00021027577910616026,16.734628241347107,18.607385787100657,16.224759017134538,0.02196678971551589
RM001183,2,16.829551369384447,105163.94,0.0018320974548000908,0.0006885527907599073,0.016669136304090393,0.006294017062817625,28.812038356164386,0.0,110,IL,2015-05-01,Relative lifetime-PD deterioration,0.00016003157897454627,16.602892533730536,18.84097751776515,15.9955798912955,0.022439125209836448
RM002841,2,16.726149959885745,86255.93,0.0017521003554546463,0.0004175518770111728,0.034041428467088464,0.008214447272095082,25.0,0.0,237,FL,2015-12-01,Absolute lifetime-PD deterioration,0.00019391304412213453,16.55257148116286,18.272049808491808,16.083755411065972,0.020585446865707496
RM000138,2,16.626977636180623,52246.57,0.0021932671378306233,0.0005493721862930697,0.019567112429807354,0.004933498440096051,22.0,0.0,108,IN,2015-03-01,Relative lifetime-PD deterioration,0.0003182405588765085,16.39480211263261,18.68632869834424,15.773404341659807,0.035144143580276385
RM002080,2,16.62121873306843,39575.24,0.010154312659784353,0.001329771633954098,0.04407657538276932,0.005859830322012316,17.0,0.0,53,SC,2015-08-01,Absolute lifetime-PD deterioration,0.00041999034580885504,16.344185784276753,19.06897887583291,15.609122183705171,0.020633653656604703
RM002289,2,16.520178647370486,62603.92,0.0033474248970862086,0.0006290970983692729,0.031622511784003104,0.00601259591601111,23.0,0.0,115,MI,2015-10-01,Absolute lifetime-PD deterioration,0.0002638840929988168,16.303716736224548,18.442746507483168,15.722624334686047,0.021156041319667862
RM000594,2,16.509154636187663,53694.87,0.0033301519611172586,0.0010685010073006903,0.029844934670489653,0.009663742723625135,22.0,0.0,109,GA,2015-04-01,Absolute lifetime-PD deterioration,0.00030746241933703655,16.2809535653583,18.53379477209298,15.66982739777473,0.023888327171027787
RM002738,2,16.495905564219825,111868.31,0.003529266664763004,0.0006803935181965963,0.016363679288907806,0.0031712114772782796,12.0,0.0,56,NC,2015-11-01,Relative lifetime-PD deterioration,0.00014745825304967802,16.22500685258591,18.88912030535028,15.506452770812276,0.02023165185529127
RM000433,2,16.474625904588198,41878.92,0.009093637451455258,0.001747274089250845,0.035881385480720396,0.006970799884703505,19.942342857142854,0.0,48,TX,2015-03-01,Absolute lifetime-PD deterioration,0.0003933870764716043,16.187310592109625,19.007900780048697,15.428566812751072,0.02240186801552707
RM002568,2,16.47144640931699,79633.76,0.0020453073153446203,0.000366257038503724,0.03946568284551322,0.007178485200976525,30.0,0.0,236,FL,2015-11-01,Absolute lifetime-PD deterioration,0.00020683999360719612,16.31485017385466,17.86989094593722,15.889343045222942,0.02
RM000809,2,16.39231006340856,70128.19,0.0027462730430907484,0.0006662211080215037,0.02422308345590196,0.005924829818270028,12.0,0.0,107,CA,2015-02-01,Relative lifetime-PD deterioration,0.00023374779904355948,16.167887518596732,18.384073385259494,15.566443576772603,0.023009704856748497
RM001034,2,16.390273610483153,43174.24,0.010383016081115254,0.001199294304270672,0.04172353515394722,0.004888071606254485,13.0,0.0,49,NC,2015-04-01,Absolute lifetime-PD deterioration,0.0003796308541964642,16.11337668096743,18.836070994372545,15.379187678231888,0.020068495869392772
RM001971,2,16.36450583386452,72417.31,0.004817262064827627,0.0011258564665323522,0.0214956642266817,0.005056381482503203,13.0,0.0,54,GA,2015-09-01,Relative lifetime-PD deterioration,0.00022597505808852222,16.088611151756535,18.79947358875376,15.358414146241264,0.022153896950971627
RM003025,2,16.327625398600873,48488.8,0.0028979208147187157,0.0005676775902372887,0.013690528105393174,0.0026935999378328024,15.0,0.0,57,LA,2015-12-01,Relative lifetime-PD deterioration,0.0003367298303649682,16.05420017859641,18.740748819160228,15.330572438912522,0.05065611726189251
RM002497,2,16.28038393958064,116890.17,0.0010785305251781584,0.00032362406216718183,0.020822842170571843,0.0062918136967575755,29.0,0.0,234,VA,2015-09-01,Relative lifetime-PD deterioration,0.00013927932468214087,16.098571279338184,17.897722352954272,15.608795223431002,0.021969470581520607
RM000318,2,16.259890548705783,69787.01,0.0016677930860723288,0.0003855441861462836,0.014910391263331269,0.0034645512909852183,21.0,0.0,108,PA,2015-03-01,Relative lifetime-PD deterioration,0.00023299308207509943,16.033042127332568,18.271900041300846,15.425963469448947,0.03444764310194217
RM000957,2,16.242474534653297,87071.56,0.0016401826361316406,0.00040801044301563513,0.03097284442891135,0.007791285308748508,34.0,0.0,230,TX,2015-05-01,Absolute lifetime-PD deterioration,0.00018654167370669937,16.071372534435177,17.76577871865934,15.60960969900982,0.020764543594901076
RM001053,2,16.219461550080517,146379.81,0.0009904788102476397,0.0002931226811485027,0.018895367346576708,0.00562754447547309,19.0,0.0,231,CA,2015-06-01,Relative lifetime-PD deterioration,0.00011080395274512596,16.049047365970058,17.736890867743572,15.588972894058923,0.020716219052855703
RM000146,2,16.193729510136265,47006.11,0.002365452639686131,0.000685087786069432,0.04381080763338241,0.012880347611508025,22.0,0.0,227,OH,2015-02-01,Absolute lifetime-PD deterioration,0.0003445026510412426,16.009308344728023,17.83463766343339,15.512258668694017,0.0233921955037358
RM000470,2,16.16165292289862,44801.58,0.001960420745009816,0.0009650373673501658,0.036598042395650676,0.01817732569575803,55.615754482758625,0.0,228,TX,2015-03-01,Relative lifetime-PD deterioration,0.00036073845884226896,15.96816794628925,17.88129836229714,15.447978309357165,0.025978295690794285
RM000680,2,16.153046289146424,105062.08,0.0011918665639043592,0.00034575522672320564,0.022501334247868265,0.006577575601504626,20.0,0.0,229,CA,2015-04-01,Relative lifetime-PD deterioration,0.0001537476346284637,15.973749778900341,17.748471229405695,15.490435062663352,0.022022063983087262
RM000632,2,16.08746174021334,81937.16,0.002891609422329959,0.0006322621128278335,0.01151636590076921,0.0025266509298764728,14.0,0.0,48,PA,2015-03-01,Relative lifetime-PD deterioration,0.0001963390205398056,15.806155831355998,18.565996064207763,15.064466678435384,0.035217268073433824
RM000515,2,15.994300797821802,64596.98,0.001848479371995568,0.0005178535405738129,0.03469174260744845,0.009836236074445837,38.0,0.0,229,IA,2015-04-01,Absolute lifetime-PD deterioration,0.0002476013708043596,15.815416168736888,17.585530245378887,15.333569833330646,0.022130438140750313
RM001168,2,15.929290639104105,181683.26,0.0010352651838447546,0.0003753512642089868,0.013630619315191717,0.0049619863412723175,28.0,0.0,159,MN,2015-05-01,Relative lifetime-PD deterioration,8.767616036339344e-05,15.755876083849325,17.475320812634028,15.28642922726638,0.020000358343754306
RM003052,2,15.908289473666311,171170.24,0.000836191659497806,0.0002628000236032934,0.016385959255082794,0.005177532723825928,39.0,0.0,237,TX,2015-12-01,Relative lifetime-PD deterioration,9.293840724688072e-05,15.748234047876997,17.33427808807718,15.315587246727386,0.020404028185212485
RM001604,2,15.90015995994279,131527.1,0.0012217574609329508,0.0005715949435682211,0.023357964280942167,0.010993124172290147,20.0,0.0,232,CO,2015-07-01,Relative lifetime-PD deterioration,0.00012088885073831013,15.746111282815395,17.27521828874928,15.32795569296438,0.02
RM002130,2,15.895584200922377,98675.91,0.0013703389110982884,0.0003035084033054232,0.026274323308185576,0.0058766803478047525,31.0,0.0,233,UT,2015-08-01,Absolute lifetime-PD deterioration,0.00016108880273738927,15.725243964384076,17.4116528424274,15.265843181701495,0.021026764852076434
RM001561,2,15.878053054583923,55594.78,0.0039301154168591155,0.000689417204130623,0.016919287631712243,0.0029840436975452356,14.0,0.0,52,VT,2015-07-01,Relative lifetime-PD deterioration,0.00028560330762319634,15.605877874121568,18.27831683527398,14.88679201062806,0.034704367196710835
RM002356,2,15.832173252354785,35505.98,0.003981507966429217,0.0009398957120498782,0.018118846917420273,0.004300606874585555,13.0,0.0,55,LA,2015-10-01,Relative lifetime-PD deterioration,0.0004459015988955884,15.564351334569228,18.195226761397656,14.855969942741925,0.05100438825794547
RM000523,2,15.831323368771852,73887.9,0.0014034033189921774,0.0006436869488031095,0.02644447919693549,0.012212462850108352,73.88789999999999,0.0,229,VA,2015-04-01,Relative lifetime-PD deterioration,0.0002142613793161242,15.647142496823202,17.46788588538473,15.152230746357752,0.023167585922517147
RM000308,2,15.816795014505509,84552.14,0.001619683622977166,0.00048282130862870086,0.030329482476517566,0.009133850810881694,31.0,0.0,228,IA,2015-03-01,Absolute lifetime-PD deterioration,0.0001870655788783762,15.646163709350981,17.335364024445223,15.186038825625964,0.02101232750165204
RM002811,2,15.795619355995314,238687.4,0.0006452645146949335,0.0002783259533388097,0.012614065408500408,0.005459547834843037,32.0,0.0,236,GA,2015-11-01,Relative lifetime-PD deterioration,6.617701376777875e-05,15.645672869959272,17.13435163621015,15.238456222333197,0.02
RM001243,2,15.785767729105686,35747.9,0.004736928124448558,0.0012473725877914267,0.042970145463751,0.011479006281385429,14.0,0.0,111,NJ,2015-06-01,Absolute lifetime-PD deterioration,0.0004415858757886669,15.569432123113938,17.706108931235743,14.989424637346053,0.02423181412659439
RM000817,2,15.748146104947715,308749.62,0.0005050284638076816,0.00024842171992577386,0.009593744537978122,0.004730081198233149,26.0,0.0,229,NY,2015-04-01,Relative lifetime-PD deterioration,5.1006204007466355e-05,15.596381267644853,17.10273777870117,15.184479569894672,0.020008105930921748
RM001531,2,15.531441526708234,77203.66,0.0015601097586474628,0.0004496532378827063,0.02960838673489885,0.008620400895605673,25.0,0.0,231,IL,2015-06-01,Absolute lifetime-PD deterioration,0.0002011749381662506,15.359050616329116,17.065299537313678,14.894431210560848,0.02192900664727276
RM002629,2,15.512286321518866,116365.83,0.0012894997800849749,0.0005886170559870766,0.0250572497236633,0.011512758838912118,20.0,0.0,236,GA,2015-11-01,Relative lifetime-PD deterioration,0.0001333061975454381,15.359414860857425,16.87557527799692,14.945306279857844,0.02014140094633693
RM001423,2,15.501154419168977,84033.23,0.0015946903489746074,0.000568182816828735,0.03025515841899773,0.010880996654912822,33.0,0.0,231,MN,2015-06-01,Relative lifetime-PD deterioration,0.00018446457929998617,15.335153200339295,16.978616987175336,14.887446327159953,0.020949085418685436
RM002040,2,15.498821347507963,82407.41,0.0026778917792619527,0.0005279678181068161,0.011773364988253654,0.0023297555500544354,17.0,0.0,53,NY,2015-08-01,Relative lifetime-PD deterioration,0.00018807557897412334,15.234402678700592,17.830788291708032,14.535737637134266,0.03282877647597149
RM002466,2,15.471355552363557,31899.01,0.004066247035497501,0.0006972819348125591,0.0766925582847634,0.013566994866641924,16.0,0.0,235,AR,2015-10-01,Absolute lifetime-PD deterioration,0.0004850105239116686,15.303376828081525,16.967127745785163,14.849857834946139,0.021362312808578258
RM000208,2,15.461994501185004,194686.26,0.0011409269696150664,0.00030194088774025587,0.01022160555020224,0.0027141882421314323,21.0,0.0,108,NJ,2015-03-01,Relative lifetime-PD deterioration,7.942006026098093e-05,15.2626767316812,17.233487425961616,14.726800678763118,0.020240236599632748
RM002832,2,15.421175735907656,37897.63,0.003137902750984129,0.0004598416000543511,0.06018385826746375,0.009042825833777024,26.0,0.0,237,OH,2015-12-01,Absolute lifetime-PD deterioration,0.0004069166260768195,15.25137355421404,16.932495378274112,14.793397004471021,0.02187075936579081
RM003216,2,15.4127580410175,97968.92,0.0013411741532772825,0.0004305950340145936,0.02626667609830413,0.008505595035384284,37.0,0.0,238,MN,2016-01-01,Relative lifetime-PD deterioration,0.00015732293507999783,15.247210562914308,16.885930068893735,14.800897622897276,0.021004124232985078
RM000729,2,15.389212253489903,68157.78,0.0019722281436536783,0.0006995270747148499,0.03697301908542183,0.013265210814770723,21.0,0.0,229,FL,2015-04-01,Absolute lifetime-PD deterioration,0.00022578805021950397,15.22389323423568,16.860878598750844,14.777840232715121,0.020984124299444257
RM001540,2,15.385036554550402,48214.88,0.0014432170478586507,0.0006448363867744625,0.0274190765300254,0.012340330235015462,68.8784,0.0,231,NY,2015-06-01,Relative lifetime-PD deterioration,0.0003190931213465719,15.19824252128602,17.04469569297296,14.696391957971274,0.028291057823243055
RM003261,2,15.384664182123247,35970.54,0.006627846313832262,0.0018869417527969863,0.03163018280447771,0.009087292671176916,26.603211875,0.0,58,FL,2016-01-01,Absolute lifetime-PD deterioration,0.00042770178546452865,15.126560381381983,17.663180789817652,14.443067478157317,0.02666498722840342
RM001003,2,15.377838674703149,50551.69,0.002356653059483694,0.0010293339879194473,0.02139593680574836,0.009396000181936981,27.473744565217395,0.0,110,TN,2015-05-01,Relative lifetime-PD deterioration,0.0003042002883524398,15.162560390791914,17.287079073932965,14.586545592934497,0.030462378911823188
RM001242,2,15.373231957629773,121163.08,0.001207500935133019,0.00041261308747068026,0.022990045474656662,0.007912967367077695,31.0,0.0,231,TX,2015-06-01,Relative lifetime-PD deterioration,0.000126880498231225,15.219820912684598,16.74077099065153,14.804629972296313,0.02022526318725608
RM002718,2,15.354641308883776,100065.37,0.0013534252090397975,0.00032275586618818084,0.02628379751706711,0.006328447099553491,24.0,0.0,236,OR,2015-11-01,Relative lifetime-PD deterioration,0.00015344610536975755,15.193312021547824,16.79105452092645,14.757846057807026,0.02074758822016454
RM001268,2,15.326552611506438,143679.26,0.0007589298952100339,0.00033649022973268334,0.014508667094683458,0.006457586553601957,64.4334825773196,0.0,231,AR,2015-06-01,Relative lifetime-PD deterioration,0.00010667199017802873,15.154861162521817,16.852955419421512,14.692958400664008,0.02221103363998497
RM001332,2,15.303888512437196,100330.14,0.0014520848872898629,0.0002566317947270269,0.027585328324778335,0.004928610402657019,15.0,0.0,231,MI,2015-06-01,Absolute lifetime-PD deterioration,0.00015253530506821974,15.148577046459138,16.687974602558928,14.7285085945914,0.02030728108917652
RM000371,2,15.29329082522553,132127.75,0.0004867721917062485,0.00023338515121783086,0.009248465014945029,0.004444380817230309,60.05806818181818,0.0,229,WI,2015-04-01,Relative lifetime-PD deterioration,0.00011574624426152363,15.109538019246632,16.92637198997157,14.615558959061088,0.03005428632791737
RM001586,2,15.16919810976717,121251.16,0.0031396547450577993,0.0010827144883196226,0.013792620663811594,0.004773151756594318,14.0,0.0,53,IL,2015-08-01,Relative lifetime-PD deterioration,0.00012510559164767717,14.916425895516435,17.401077313159398,14.246761893470861,0.020136714221128536
RM003455,2,15.143060569175596,93139.4,0.0013648792723253503,0.0005452671780693785,0.026614208513027093,0.010714153991954634,26.0,0.0,237,FL,2015-12-01,Relative lifetime-PD deterioration,0.00016258490573458275,14.981139691618099,16.58430893812611,14.544368606450039,0.02108113542451603
RM002891,2,15.0522245705977,84309.0,0.0017675847836939613,0.00027800243793089024,0.03433731092293024,0.005476261792706105,26.0,0.0,237,AZ,2015-12-01,Absolute lifetime-PD deterioration,0.0001785363907838748,14.908801066926934,16.332900267845694,14.519176970173671,0.02
RM002303,2,15.051011435639735,91092.14,0.0009315178486312047,0.0004295734226843625,0.01808519036957068,0.008378985902094738,72.72061596638655,0.0,235,TN,2015-10-01,Relative lifetime-PD deterioration,0.0001652284317356002,14.873726809408916,16.626250089470776,14.397377256436664,0.02462728810305442
RM003279,2,15.044239813117233,119904.94,0.002266270505494376,0.0006846758418872566,0.010906163341054653,0.0033049266412438216,13.0,0.0,58,CA,2016-01-01,Relative lifetime-PD deterioration,0.00012546805672157654,14.795916850474342,17.23703043523491,14.13790746295632,0.024655322721909352
RM000112,2,15.04004752169025,94938.98,0.0014226840510157786,0.0002988799160059691,0.026572180325353578,0.0056386993385496575,22.0,0.0,227,GA,2015-02-01,Absolute lifetime-PD deterioration,0.000158418044113074,14.879997987898882,16.464905590726293,14.44809487666187,0.02078160211161997
RM001539,2,15.021474334001612,57757.98,0.0019795702779503185,0.0005062852061807027,0.03758509090034512,0.00974288682538793,28.0,0.0,232,TX,2015-07-01,Absolute lifetime-PD deterioration,0.00026007617188138525,14.853820504868716,16.51310055935944,14.402024500805334,0.02208290670318321
RM003149,2,14.973315716956133,102583.06,0.0025983111153130385,0.0007944996717539911,0.012281992788191198,0.0037682556440137294,12.0,0.0,57,CA,2015-12-01,Relative lifetime-PD deterioration,0.00014596284919709095,14.724663718685747,17.168602097209213,14.066059064407332,0.025331867880161334
RM002730,2,14.967812941640297,77492.71,0.0012942043063312264,0.00042083490662731904,0.02514756621488823,0.008243992192936256,22.0,0.0,236,CT,2015-11-01,Relative lifetime-PD deterioration,0.00019315123889253964,14.798853561805732,16.47111771150017,14.343496823622147,0.023389156554165128
RM002436,2,14.915975747856464,132701.22,0.0009207458315725263,0.0003239288873113481,0.017877839571989407,0.006324550339548596,29.0,0.0,235,VA,2015-10-01,Relative lifetime-PD deterioration,0.00011240270246088517,14.754035721943923,16.356988303443778,14.317487234821362,0.021328526642455055
RM002328,2,14.888034143137121,57130.34,0.0018860780924416193,0.0003042728410634112,0.03629550482497379,0.005941860095476148,27.0,0.0,235,PA,2015-10-01,Absolute lifetime-PD deterioration,0.0002605976814270162,14.721469990229036,16.370005813342278,14.272583215801696,0.022470179364090355
RM003001,2,14.881506244870664,127077.42,0.0017047491432784438,0.0004324856437890669,0.008071715774178978,0.0020526416091654065,15.0,0.0,57,WA,2015-12-01,Relative lifetime-PD deterioration,0.00011710582607728946,14.63429384714804,17.063810682950674,13.979685929515977,0.030867308021215924
RM000682,2,14.876533834237682,84925.66,0.0025801936144027975,0.0008871726274661294,0.023193836642327104,0.008029650190229942,11.0,0.0,109,FL,2015-04-01,Relative lifetime-PD deterioration,0.0001751712478211848,14.685703817439663,16.573284851217412,14.172178084685576,0.02014344400798645
RM001312,2,14.866381862493393,37400.86,0.004680986013564519,0.0006588766091460592,0.01974339385595092,0.0027972289400103323,15.0,0.0,51,IN,2015-06-01,Relative lifetime-PD deterioration,0.00039748770115161504,14.609724262979883,17.129285277652716,13.93198252465615,0.04089979877194628
RM002171,2,14.855541772720905,79361.89,0.0030379473693526063,0.0008768157754117553,0.013598267596019675,0.0039396210651931884,10.0,0.0,54,NY,2015-09-01,Relative lifetime-PD deterioration,0.00018718734864707614,14.604700230522912,17.06885685168659,13.941175235473283,0.029181906817619934
RM001281,2,14.831254608326187,46896.62,0.001938441078516145,0.0007433290735148598,0.01778787542908966,0.006854748976399816,37.74606,0.0,111,TN,2015-06-01,Relative lifetime-PD deterioration,0.00031625423342505676,14.621211119625148,16.693254268256798,14.059753027591825,0.03643991352062929
RM000855,2,14.823474876668667,60287.82,0.0019308793171271493,0.0005435022580885315,0.017719037747219057,0.005016139524811392,16.0,0.0,111,WI,2015-06-01,Relative lifetime-PD deterioration,0.00024587843575482853,14.619923092290863,16.62967020600358,14.074640689428325,0.030971983580426417
RM002807,2,14.81628027935726,46111.79,0.0011698889680233173,0.00037289311602608865,0.022758317205492595,0.007308097308306172,56.89116948051948,0.0,236,LA,2015-11-01,Relative lifetime-PD deterioration,0.00032131219107645265,14.637048222526078,16.409277515759612,14.155158955295835,0.033045762881219305
RM000405,2,14.780899272304985,193610.55,0.0006499949201634791,0.00023013130001098113,0.012277922527213936,0.004363450268362712,35.0,0.0,228,MD,2015-03-01,Relative lifetime-PD deterioration,7.634345996282221e-05,14.623745959535063,16.179684346859943,14.199853619967906,0.02096236559404827
RM000140,2,14.7714396112369,70160.64,0.0015303801962681918,0.0003351122878553815,0.028680182835258083,0.0063479665450083544,29.0,0.0,228,IL,2015-03-01,Absolute lifetime-PD deterioration,0.00021053741258969275,14.60550889024254,16.247593315179827,14.158452152638718,0.02249624445165052
RM000599,2,14.709397071036559,97597.12,0.0016662720825588516,0.0002707107487270793,0.023212582711611196,0.0038057654959129383,21.0,0.0,169,RI,2015-04-01,Relative lifetime-PD deterioration,0.00015071548290601771,14.546427443529085,16.160671819314484,14.106360599211996,0.020296602746163635
RM001552,2,14.69913343093811,80811.42,0.0047232134353783605,0.0007021015169223707,0.01992013230205303,0.0029805288271667063,17.0,0.0,51,NC,2015-06-01,Relative lifetime-PD deterioration,0.00018189425988230512,14.451883763184377,16.881903851518853,13.797084687517106,0.020129222553956872
RM001810,2,14.688094696632572,46435.78,0.0023390372296494483,0.0004932088785353782,0.04426476613036168,0.009492384062370629,25.0,0.0,232,IL,2015-07-01,Absolute lifetime-PD deterioration,0.00031630985194245844,14.523062775444549,16.156482481801742,14.078272358818133,0.022429583831906432
RM000968,2,14.687451923036486,46253.25,0.0032425960844966566,0.0004649059350372884,0.0603527498274713,0.008873168061159897,9.0,0.0,230,MA,2015-05-01,Absolute lifetime-PD deterioration,0.0003175442141479028,14.544646935786977,15.962483227577483,14.156785091470088,0.020016430836745844
RM001135,2,14.68071652414472,54792.74,0.00583515722563296,0.0011142192671268415,0.024565294122039116,0.004726865044936135,14.0,0.0,51,MI,2015-06-01,Relative lifetime-PD deterioration,0.00026793178300893005,14.428519955052623,16.90506984149411,13.762030311992719,0.022652512131375355
RM002502,2,14.670377127221943,46463.17,0.002401112524584499,0.00040535848655163706,0.045987332928383196,0.007908442132789184,25.0,0.0,235,NY,2015-10-01,Absolute lifetime-PD deterioration,0.0003157420625244025,14.506990443662037,16.124242419983048,14.066555811180745,0.02209661528325748
RM001154,2,14.64413102679542,53062.87,0.0017708191945750617,0.0007159514594187283,0.03340025963364057,0.013633527633055809,22.0,0.0,230,KY,2015-05-01,Relative lifetime-PD deterioration,0.0002759769878032496,14.476385807133955,16.13649013541811,14.024397679416063,0.024166531786133497
RM001546,2,14.636826384820923,105090.02,0.003609638798868271,0.0007371356418272882,0.015547930112850605,0.0031903323659557836,15.0,0.0,52,TX,2015-07-01,Relative lifetime-PD deterioration,0.000139278938045886,14.392406767586941,16.795049688697503,13.744807498662313,0.02
RM002634,2,14.63061488492201,42671.99,0.004554998835142619,0.0008528016853341022,0.02107986779893689,0.003973523708265203,13.0,0.0,56,CA,2015-11-01,Prior default history,0.0003428622589413339,14.391520769986723,16.743179780198307,13.75710965580318,0.03149725542693313
RM003407,2,14.615953538799959,82225.24,0.0015265669388556254,0.000327381203201081,0.02984559948749199,0.006473082367197791,24.0,0.0,238,TX,2016-01-01,Absolute lifetime-PD deterioration,0.00017775507300191472,14.461683599776986,15.989421356712677,14.04533439566173,0.020886199189690136
RM002274,2,14.600200448453927,42270.88,0.0034723500275731425,0.0004763480138648107,0.06557943299267566,0.009247971347171147,22.0,0.0,234,GA,2015-09-01,Absolute lifetime-PD deterioration,0.0003453961793190473,14.46005789450455,15.851758078852086,14.079226244093352,0.0200160156729204
RM002276,2,14.591859350319517,103645.65,0.0019320160058955563,0.00038475876485907816,0.008824472226272029,0.0017622624049806745,15.0,0.0,55,WA,2015-10-01,Relative lifetime-PD deterioration,0.0001407860276849006,14.34639857451442,16.757705314900747,13.697101093670643,0.033403136780123716
RM002406,2,14.540270633865871,40820.56,0.00720313178935678,0.0012889939794399532,0.032590918876644115,0.005894260249129646,16.0,0.0,55,TX,2015-10-01,Prior default history,0.00035619968549833396,14.295825713177381,16.698375611140655,13.648390111865314,0.02267362636436158
RM003325,2,14.535025070433461,74909.98,0.002157380382314993,0.0005732200926554026,0.02118941468857427,0.005669927367040972,29.0,0.0,119,IA,2016-02-01,Relative lifetime-PD deterioration,0.00019403322588570256,14.342631996680582,16.242903692096327,13.826770147131574,0.022228523740829335
RM000172,2,14.509360006773347,52783.67,0.004062973243903353,0.0006044463898722943,0.01581926733133343,0.002365328993549798,13.0,0.0,47,WI,2015-02-01,Relative lifetime-PD deterioration,0.0002748835010292643,14.253917314708648,16.759606734084652,13.580696779791296,0.03560089456389251
RM000938,2,14.506658921127805,96737.38,0.0011080640687949439,0.000318064556657425,0.021025486340898625,0.006078656793938042,21.0,0.0,230,UT,2015-05-01,Relative lifetime-PD deterioration,0.00014995918765970098,14.344830135866365,15.94658148785524,13.908649113984943,0.02241555130884965
RM001224,2,14.467819074547068,47195.78,0.003127372406989063,0.00037745678593232115,0.05851442516503558,0.007241070979942532,16.0,0.0,231,MI,2015-06-01,Absolute lifetime-PD deterioration,0.0003065489981211682,14.328094277413372,15.715573091988762,13.948447004159261,0.02
RM002843,2,14.434032812762524,31942.32,0.007985261721845079,0.0011298992794874325,0.03736623388401117,0.005355662985096266,13.0,0.0,57,NE,2015-12-01,Absolute lifetime-PD deterioration,0.000451878035557922,14.193785554911399,16.55616283930944,13.556735739030785,0.024876968654482853
RM000001,2,14.425820602286747,34648.82,0.003530345273132209,0.000732076626404575,0.06471176580519211,0.013758002629358446,15.0,0.0,227,GA,2015-02-01,Absolute lifetime-PD deterioration,0.0004163437774298446,14.266970423598693,15.839939401132517,13.838345618598073,0.02145379628456408
RM001375,2,14.415143902204832,40801.83,0.004508398764943651,0.0006903709672625731,0.041296595371013156,0.006424958692052507,14.0,0.0,112,IL,2015-07-01,Absolute lifetime-PD deterioration,0.0003532965041569173,14.224146935554607,16.111657831250888,13.711334083496226,0.021384148318552305
RM001263,2,14.36579342167958,175228.13,0.0004968832277058558,0.00023515731387048762,0.009480733790856344,0.00449756739599716,60.42349310344828,0.0,230,MI,2015-05-01,Relative lifetime-PD deterioration,8.198337459675898e-05,14.199561298500845,15.843428570740285,13.752502525257349,0.024020098808058086
RM001196,2,14.338979895542767,57512.26,0.001963980983903007,0.0003799682285321432,0.03713667966782941,0.007289083200693547,18.0,0.0,231,GA,2015-06-01,Absolute lifetime-PD deterioration,0.0002493204039546136,14.180887031288147,15.745992295868563,13.754551830452561,0.021830653569641773
RM002119,2,14.30032524914075,105537.56,0.0033746321474140777,0.0006643601462977668,0.0150964149270989,0.00298614675876141,17.0,0.0,54,MN,2015-09-01,Relative lifetime-PD deterioration,0.000135499866105875,14.064295536080857,16.385308016474823,13.438357063066261,0.020044642005088018
RM002414,2,14.298446464042541,184340.94,0.0007718488811905297,0.00033210004218296816,0.015007458893020909,0.006483596188243457,23.0,0.0,235,CO,2015-10-01,Relative lifetime-PD deterioration,7.75652248710598e-05,14.161010979048815,15.525242104104281,13.787931425494609,0.02
RM000061,2,14.279099406904628,140294.77,0.001255507558739939,0.00045014375857030007,0.015271815304223835,0.005500320061920583,15.0,0.0,147,CA,2015-02-01,Relative lifetime-PD deterioration,0.00010177927093721761,14.115886962410032,15.732677450943104,13.675069277496126,0.02009161052775814
RM000150,2,14.263822042463692,219979.1,0.0009642415406552537,0.00034919696537171916,0.008644777641377943,0.0031383864764973346,19.0,0.0,108,MA,2015-03-01,Relative lifetime-PD deterioration,6.484171470136795e-05,14.082660785736563,15.875058087617912,13.594847248432083,0.02
RM000372,2,14.259418849743302,135687.31,0.0013116057911254204,0.0003987164225336885,0.011742710131609102,0.0035827300317501365,16.0,0.0,108,CA,2015-03-01,Relative lifetime-PD deterioration,0.00010509029068188693,14.06660599640077,15.97073505695954,13.549813562927342,0.021965806992058936
RM000114,2,14.252463006959047,51685.73,0.0022429222558355603,0.0004092388448668151,0.019822746002364555,0.0036431408366824902,20.0,0.0,107,NY,2015-02-01,Relative lifetime-PD deterioration,0.0002757523789827298,14.05307600600549,16.020940212692285,13.519465032256806,0.03045341120640212
RM000246,2,14.227545195077996,53016.05,0.0031244953662526915,0.0006619283349334147,0.027771559593496753,0.0059416059838452995,20.0,0.0,108,GA,2015-03-01,Absolute lifetime-PD deterioration,0.0002683629805517008,14.031272169784629,15.968904739112608,13.505656132639585,0.02297012453892384
RM001386,2,14.225493618570217,44303.27,0.004943816571646059,0.0009050326970306437,0.020438565780772744,0.0037655694216900404,14.0,0.0,50,NY,2015-05-01,Relative lifetime-PD deterioration,0.0003210935359527687,13.979083136792577,16.39786953718518,13.328522269123178,0.032004150607004116
RM003007,2,14.17379042633728,75544.48,0.0035385736350888163,0.0006600059651658149,0.016697066302977404,0.003131151048430536,19.0,0.0,57,AR,2015-12-01,Relative lifetime-PD deterioration,0.00018762178820129916,13.936629423896015,16.267041894347823,13.308855069481993,0.02334277995350509
RM001051,2,14.090637072410082,56860.41,0.0014821765448334273,0.00048696979529475683,0.02814927756726182,0.00933262991672057,40.767841132075475,0.0,231,IL,2015-06-01,Relative lifetime-PD deterioration,0.0002478110353479703,13.926394999364348,15.551022489207028,13.48439130129205,0.024655110636619886
RM002326,2,14.085829372725005,85510.37,0.0012831685278572684,0.0004695446379840118,0.024831354304942876,0.0091552418378551,25.0,0.0,235,AZ,2015-10-01,Relative lifetime-PD deterioration,0.00016472656325455036,13.930766401950825,15.465578646112599,13.512802762712493,0.02178096399332256
RM002090,2,14.049376668318715,51760.75,0.0022068349913598045,0.0005190825396567181,0.04198968116845592,0.010030821759752673,29.0,0.0,233,MN,2015-08-01,Absolute lifetime-PD deterioration,0.0002714291556501541,13.895384547463978,15.419702663185651,13.480236349763372,0.021469827538042184
RM000326,2,14.024190965288938,35700.75,0.003987654878283963,0.0005187696919222045,0.07310677988026482,0.00981073928973697,21.0,0.0,228,IL,2015-03-01,Absolute lifetime-PD deterioration,0.00039282622816856616,13.889617598154196,15.226316183393855,13.523714905231774,0.02000083914018498
RM002740,2,13.977957837563855,43130.25,0.006240598174607693,0.0011466131668970596,0.02879143831532227,0.005339624729304049,17.0,0.0,56,OK,2015-11-01,Absolute lifetime-PD deterioration,0.00032408710446992205,13.743509319294583,16.047740509033986,13.122596130185055,0.023212251750234773
RM002230,2,13.952552926400951,38021.33,0.0025829894216793238,0.0009370794982165007,0.04938770783589841,0.018192230425349343,24.0,0.0,235,IL,2015-10-01,Absolute lifetime-PD deterioration,0.00036696646136263384,13.79477217710184,15.356458812077905,13.369500578339476,0.02293121404616976
RM001010,2,13.944597813486723,34688.96,0.004802550186772492,0.00131155901046786,0.04316989175432473,0.011958438035854835,15.0,0.0,110,MI,2015-05-01,Absolute lifetime-PD deterioration,0.00040198950367744443,13.755001154224864,15.62777613066437,13.246553904917725,0.022516305428095688
RM003281,2,13.90755032337548,20409.67,0.006404130535950267,0.000680303267577776,0.11963942540340256,0.0134065933580515,9.0,0.0,238,NY,2016-01-01,Absolute lifetime-PD deterioration,0.0006814196566321494,13.764289649260194,15.18485932555418,13.376399131232267,0.020541907941317668
RM001644,2,13.844971098197142,87683.99,0.0010459960874536008,0.00022806888559841643,0.01994438881503169,0.004381201185665096,28.0,0.0,231,OH,2015-06-01,Relative lifetime-PD deterioration,0.00015789622596094387,13.687575740418488,15.245059989240255,13.263604725181157,0.023504220886858745
RM003236,2,13.801585864185077,58823.77,0.0015708965722347728,0.0003129956199070679,0.030572513220666564,0.006163557975774059,16.0,0.0,237,NH,2015-12-01,Absolute lifetime-PD deterioration,0.00023462600007080603,13.644626534390861,15.198118233306374,13.22161258968575,0.02369761703643294
RM003183,2,13.769559855369724,46931.65,0.002291092442544307,0.0007889323021196243,0.0444728806833119,0.015531456186913428,24.0,0.0,238,OK,2016-01-01,Absolute lifetime-PD deterioration,0.0002933960313641162,13.617246770910166,15.124945526263051,13.20662450456989,0.021834139397729397
RM000598,2,13.745864014369282,117808.53,0.0011112738747108045,0.00036313040506350176,0.020995071063147464,0.0069070331038673105,23.0,0.0,229,OR,2015-04-01,Relative lifetime-PD deterioration,0.00011667970064959882,13.606736360823826,14.9857069762154,13.230452275236324,0.02028357298020789
RM000089,2,13.726578485108234,87773.16,0.0022832369265069555,0.0005748412937548407,0.020175828338824697,0.005114020632446148,19.0,0.0,107,GA,2015-02-01,Relative lifetime-PD deterioration,0.00015638696937774868,13.547866626327433,15.314715749622174,13.067535636779374,0.020283150740821935
RM002546,2,13.706092364342464,149446.02,0.000870446771527415,0.0002957672426156046,0.016766387889271428,0.005727200096764529,23.0,0.0,233,FL,2015-08-01,Relative lifetime-PD deterioration,9.171266230002288e-05,13.568872124505914,14.929151227622166,13.197602415446072,0.020241429619718736
RM003403,2,13.697105844060571,34618.29,0.006722001472921672,0.0013834550484337618,0.03207373142656267,0.006668991952399672,14.0,0.0,58,GA,2016-01-01,Absolute lifetime-PD deterioration,0.0003956609596852003,13.469634198363662,15.706214903931853,12.866577256306273,0.025384306522864882
RM001812,2,13.64758386888953,108634.41,0.0011558209576857366,0.00031133798795321524,0.022204929080704372,0.006027846365224798,49.0,0.0,233,TX,2015-08-01,Relative lifetime-PD deterioration,0.00012562855423884134,13.51362694717806,14.841893994569594,13.15095874470437,0.020238420551885475
RM000355,2,13.610046469506484,32887.29,0.008059124246760932,0.0012820160584578045,0.0318488896106931,0.005118211268392736,9.0,0.0,48,OH,2015-03-01,Absolute lifetime-PD deterioration,0.00041383909922363576,13.373075088450806,15.699518485956958,12.747224236340768,0.026832592445228093
RM003081,2,13.579228922495796,117752.6,0.0011201622178111039,0.00027421909846731376,0.021983759271721248,0.005424657733914429,15.0,0.0,238,MA,2016-01-01,Relative lifetime-PD deterioration,0.00011531999227614333,13.446371435017511,14.764278401517055,13.086314233128146,0.020104255122044532
RM002728,2,13.576373929202244,26988.7,0.006437464179643526,0.0018733674711260996,0.029688972564450467,0.008712405721449601,22.20589240506329,0.0,56,WV,2015-11-01,Absolute lifetime-PD deterioration,0.0005030391952632858,13.346835161866375,15.602138946664954,12.739379196328652,0.033560635385140876
RM003390,2,13.56673912287454,89711.96,0.0029174593551447646,0.0006313763387454999,0.013782328247369469,0.002995489310684163,17.0,0.0,57,IL,2015-12-01,Relative lifetime-PD deterioration,0.00015122553473220895,13.34037997766176,15.564790809644334,12.741103690333588,0.02300130134876464
RM002395,2,13.538376753350603,128346.34,0.0009549263966867594,0.0003878264038736991,0.018535638821419287,0.007567627102997854,35.0,0.0,235,TX,2015-10-01,Relative lifetime-PD deterioration,0.00010548315404514537,13.3999309939002,14.771495398249604,13.025928322623738,0.02047089333291045
RM003008,2,13.494707717911366,29605.81,0.0044863270000642325,0.0011293600357825935,0.020764679307854195,0.005259445564678389,28.143794691358025,0.0,56,NY,2015-11-01,Relative lifetime-PD deterioration,0.00045581281910244526,13.26509347436178,15.520087900967981,12.658147228067772,0.04261013658554512
RM001007,2,13.43864487380259,47370.32,0.007665586784189139,0.0008403290070871857,0.0315544254956337,0.0034967150423139692,12.0,0.0,50,FL,2015-05-01,Absolute lifetime-PD deterioration,0.00028369335216233684,13.212492696856367,15.435943141806636,12.613039678004363,0.02
RM002834,2,13.434911756869349,36679.72,0.003793076252907932,0.0008022340337536257,0.018200394998338698,0.0038715069635848476,14.0,0.0,58,IN,2016-01-01,Relative lifetime-PD deterioration,0.00036627628991904376,13.210950382341595,15.412013390117483,12.617877051494888,0.041563485150437555
RM000528,2,13.432802722687924,103357.51,0.0014132347417883514,0.00034649771449995505,0.012763804365189757,0.0031429502002903176,20.0,0.0,109,NE,2015-04-01,Relative lifetime-PD deterioration,0.00012996445756760129,13.248769021630382,15.06565282592784,12.75587608618466,0.023744384244769264
RM001616,2,13.42092266675397,104781.19,0.0011695987542932793,0.0004733334187516415,0.022371439940760407,0.009111515471979414,20.0,0.0,232,VA,2015-07-01,Relative lifetime-PD deterioration,0.00012808522852960507,13.281277393508713,14.664563588888365,12.904143427508487,0.020563754598937656
RM000356,2,13.411248710993842,86754.17,0.0011855572710029602,0.000567934582144418,0.02228684684393889,0.01073577816957949,20.0,0.0,228,OH,2015-03-01,Relative lifetime-PD deterioration,0.00015458909595923565,13.261900955200417,14.740119790198763,12.859358731293648,0.02212588193325683
RM000543,2,13.404808205937405,115275.2,0.001169239412385836,0.0005216492810142902,0.022078658642001536,0.009907993660201675,19.0,0.0,229,CO,2015-04-01,Relative lifetime-PD deterioration,0.00011628527390052158,13.27513779206463,14.562318282818401,12.923118179506414,0.02
RM001607,2,13.402153880866237,67561.12,0.0026499345427666,0.0006368884675391735,0.02446140019923604,0.0059285425168877914,25.0,0.0,112,TX,2015-07-01,Relative lifetime-PD deterioration,0.0001983708067726858,13.227418679687869,14.95433024584089,12.758195815284946,0.02073947507071003
RM002426,2,13.386111326707642,49027.6,0.0029117767163909045,0.0005367870462285836,0.013276194322667023,0.002457908902975925,17.0,0.0,55,PA,2015-10-01,Relative lifetime-PD deterioration,0.0002730321559021376,13.159074440500415,15.388819215595557,12.558899114453352,0.04204158066756603
RM001455,2,13.337834854964166,54454.42,0.005407354751602092,0.0009032648100669696,0.023221583067783214,0.003908259129257963,16.0,0.0,52,VA,2015-07-01,Relative lifetime-PD deterioration,0.0002449357619632009,13.11005831450944,15.347137736597164,12.507880141372553,0.02203222196799926
RM001958,2,13.331598732024805,88082.9,0.0013268539022102464,0.00032217172073034,0.02545071532208476,0.006236977602490423,42.0,0.0,233,AR,2015-08-01,Relative lifetime-PD deterioration,0.0001513528588639203,13.192672432978906,14.568472031801866,12.81772633045501,0.02068060004030459
RM002806,2,13.28471310964786,19403.37,0.006801186852346252,0.0010097983084609249,0.12609386092737274,0.019755837401714937,8.0,0.0,237,FL,2015-12-01,Absolute lifetime-PD deterioration,0.0006846600930481593,13.152320443314705,14.46617043549193,12.79314902146593,0.020222506622602138
RM002946,2,13.259667896985817,41452.06,0.0024792226895553678,0.0006939082912903294,0.04764611691978471,0.013558839586293225,18.0,0.0,236,VA,2015-11-01,Absolute lifetime-PD deterioration,0.0003198795885412165,13.112196196415432,14.572086103020032,12.714548586665172,0.022038426351402608
RM000675,2,13.25769913742291,164045.81,0.0005963781288572619,0.00028582273988884103,0.011319721947224859,0.005440377523126094,59.65302181818182,0.0,229,FL,2015-04-01,Relative lifetime-PD deterioration,8.081705431807682e-05,13.111738840978562,14.555764263930921,12.7187758186812,0.021854374827152252
RM002056,2,13.25641348806059,112319.41,0.0011429007254164546,0.00030633506913832026,0.010804968583738472,0.0029063972195810805,24.0,0.0,114,NJ,2015-09-01,Relative lifetime-PD deterioration,0.0001180242443230479,13.075852256160449,14.85852197145857,12.592213595890888,0.025118503608469064
RM000240,2,13.182364213232226,98908.43,0.0011506751157092248,0.0002737046529435078,0.021544010385766033,0.005164904155149808,32.0,0.0,227,GA,2015-02-01,Relative lifetime-PD deterioration,0.00013327846992649897,13.041062215117716,14.439952783339656,12.659998565038338,0.020962003655869962
RM002609,2,13.119484692414764,34231.85,0.003942362598394407,0.0006345589266578823,0.0747454275091245,0.012406022954193685,8.0,0.0,236,CO,2015-11-01,Absolute lifetime-PD deterioration,0.00038325374446355554,12.992768491618218,14.251197420480677,12.648381537966937,0.02
RM003231,2,13.114542018948152,44911.62,0.002467355339716911,0.0010935321549628305,0.047815396259147214,0.02146649824895952,19.0,0.0,238,TX,2016-01-01,Absolute lifetime-PD deterioration,0.00029200777034870155,12.97302971926659,14.374288517434216,12.591205692270032,0.021181606940513516
RM001928,2,13.092797967931542,55468.54,0.0034395068521910566,0.0008889222143005773,0.015102141720311102,0.003920115342848529,12.0,0.0,53,PA,2015-08-01,Relative lifetime-PD deterioration,0.0002360400682608834,12.869803239693493,15.059766706633416,12.280369447325103,0.032374587062414736
RM001316,2,13.088708534536504,18322.76,0.012928296747663864,0.001202400938250514,0.053802091955924225,0.005100228153150477,5.0,0.0,51,CA,2015-06-01,Absolute lifetime-PD deterioration,0.0007143415366755066,12.866353124102222,15.052482159958066,12.276959261763938,0.027756162158857546
RM000550,2,13.063525483736237,187019.97,0.0006534434861024101,0.0002945990140003709,0.012396478513596598,0.005606981328322269,23.0,0.0,229,KS,2015-04-01,Relative lifetime-PD deterioration,6.985096556125122e-05,12.928881271029171,14.262835094976504,12.56511391192024,0.020423768674361308
RM002711,2,13.057111862546266,38075.64,0.0048818170320686595,0.0012729938874937207,0.022578798631029073,0.005926789428828738,14.0,0.0,56,KY,2015-11-01,Relative lifetime-PD deterioration,0.00034292560446905863,12.837620493481412,14.994414880093583,12.256612378810686,0.03120268648968508
RM003464,2,13.044965812002488,86648.32,0.0012177241312499993,0.0003235191416395028,0.0237774603806159,0.006370160780856504,30.0,0.0,237,IL,2015-12-01,Relative lifetime-PD deterioration,0.0001505507067188664,12.904129625496022,14.298273313416177,12.524413543778412,0.0213163325119002
RM001307,2,13.030573317126118,40829.19,0.00756404379340413,0.0010416015966026233,0.031754283038261,0.0044193198124089506,14.0,0.0,51,GA,2015-06-01,Absolute lifetime-PD deterioration,0.0003191484650350917,12.80847825976761,14.990450386140648,12.220852736768416,0.021256798620652557
RM002470,2,12.801407078916686,33807.85,0.002906551356091187,0.0011590158276524156,0.027509536105092658,0.011052147966131076,39.636789655172414,0.0,115,GA,2015-10-01,Relative lifetime-PD deterioration,0.0003786519130591471,12.622172926400978,14.39078184848655,12.142736027339874,0.028913400276557238
RM000949,2,12.770658461430774,85284.32,0.001305643135491033,0.00042550147951370804,0.01705508727880556,0.005587957367144014,19.0,0.0,158,CA,2015-05-01,Relative lifetime-PD deterioration,0.00014974216199919015,12.613613498488984,14.16644823932043,12.191384418054515,0.023198212509779496
RM003208,2,12.739885428378098,36857.76,0.003350946744889083,0.000658083304885746,0.06440449235703716,0.012971418563509807,31.0,0.0,238,TX,2016-01-01,Absolute lifetime-PD deterioration,0.0003456500185680871,12.614110970845754,13.861734126046526,12.273264515402687,0.020180509446512788
RM003218,2,12.685712043416427,21611.83,0.008440761571116378,0.0025604162643006446,0.04014223624405244,0.012314760396788471,25.02422421052632,0.0,58,MI,2016-01-01,Absolute lifetime-PD deterioration,0.0005869800032397268,12.473463327015416,14.56005616679781,11.910974100943253,0.02851729239738339
RM001167,2,12.63200611208855,38326.24,0.002742744420582991,0.0008421794708985625,0.05149703937801775,0.01608796902101406,16.0,0.0,231,MI,2015-06-01,Absolute lifetime-PD deterioration,0.00032959158300132106,12.493750883974997,13.862693158625191,12.120758802879136,0.021447652005706162
RM000479,2,12.58864968117679,56880.1,0.002242338614521138,0.000429075768177643,0.020184293066203507,0.0038906862063041725,20.0,0.0,109,NC,2015-04-01,Relative lifetime-PD deterioration,0.0002213190497410657,12.414335515620612,14.135002560910248,11.947649731832351,0.02500219881934043
RM001030,2,12.527841058955225,62846.8,0.004178764173203056,0.0011224647042440917,0.017296663484973163,0.004668630985289135,10.0,0.0,50,DC,2015-05-01,Relative lifetime-PD deterioration,0.00019933936268760262,12.31160623221798,14.434367535870795,11.740590975717218,0.024071636412927717
RM001761,2,12.516876398685676,36943.94,0.005531489904920819,0.0008706171284087826,0.02420091228054877,0.0038395106396640344,10.0,0.0,53,UT,2015-08-01,Absolute lifetime-PD deterioration,0.0003388072955587757,12.304117817701055,14.394167541155351,11.74132747853772,0.028992173204016612
RM003250,2,12.515128314391278,48205.25,0.0036223976684377165,0.0006800191123964582,0.017387112006159833,0.003282477930640959,30.825125850340132,0.0,58,WI,2016-01-01,Relative lifetime-PD deterioration,0.00025962168673311056,12.30403333990429,14.377573181949803,11.745756535906077,0.02887203787296326
RM001308,2,12.498704073445005,29719.94,0.006753288538034091,0.0005117813955957549,0.028388095552020376,0.00217326273912688,11.0,0.0,51,IL,2015-06-01,Absolute lifetime-PD deterioration,0.00042054943830455263,12.296666368270019,14.287116801574506,11.75837487136339,0.02424475299886923
RM003139,2,12.485815133726437,58801.11,0.0011513956317884813,0.00036939064715617347,0.0224962640541716,0.0072702559445524395,26.0,0.0,237,TN,2015-12-01,Relative lifetime-PD deterioration,0.00021233978633611572,12.341258235505075,13.771641601878857,11.951910057710354,0.026311794705693097
RM001325,2,12.46897987589612,88034.18,0.0015026434554644562,0.0007037205252292294,0.021200808258190817,0.009981399455905815,11.0,0.0,171,MA,2015-06-01,Relative lifetime-PD deterioration,0.00014163793967179704,12.327453535298934,13.72848312955107,11.945840210618957,0.02063794179821253
RM000600,2,12.46776875345369,83716.58,0.003264344643185761,0.0005998734413709839,0.013262478564381563,0.0024472188683959395,15.0,0.0,49,KY,2015-04-01,Relative lifetime-PD deterioration,0.000148928309702256,12.25103740100884,14.377894971457492,11.679236226921613,0.023147782485154686
RM000780,2,12.431477829743589,36926.34,0.007353839252203262,0.0014038155428519454,0.029689477514251772,0.0057198530713530316,12.0,0.0,49,VA,2015-04-01,Absolute lifetime-PD deterioration,0.0003366561059055295,12.215706091785483,14.334086796964035,11.645801991109963,0.02333689984012161
RM001341,2,12.424912267495886,74805.97,0.0019646562529024273,0.00039143712977836087,0.008323171073841729,0.0016625499156560641,26.782384320987656,0.0,51,WI,2015-06-01,Relative lifetime-PD deterioration,0.0001660951962456457,12.208931824393,14.327975110361972,11.639412420046208,0.039151418602681044
RM000984,2,12.40839853161393,34516.79,0.006363259487510802,0.0007901348676129185,0.02624767796411165,0.0032881122325625345,18.0,0.0,50,PA,2015-05-01,Absolute lifetime-PD deterioration,0.0003594887743505097,12.193041980835284,14.30707342849184,11.62441883450286,0.027278942800795618
RM000163,2,12.400102088136427,55586.97,0.0012373286699584687,0.0003506114877020539,0.023148492287948463,0.006611610099200638,35.0,0.0,227,KY,2015-02-01,Relative lifetime-PD deterioration,0.00022307569720271542,12.254839802208298,13.691830090437797,11.863843443873547,0.025971250559226493
RM002071,2,12.399718016136887,33910.44,0.0031795712445416664,0.0003928647602101478,0.013967022595685386,0.0017339885221656637,15.0,0.0,53,MO,2015-08-01,Relative lifetime-PD deterioration,0.0003656607822292157,12.187532144837652,14.270860340830934,11.626996263778995,0.05322294930128653
RM000647,2,12.373723813170345,15296.15,0.006009109414807598,0.000995854318702034,0.024310830148992935,0.004060166399212695,30.27363020833333,0.0,49,MO,2015-04-01,Absolute lifetime-PD deterioration,0.0008089436762303158,12.155820892813022,14.293430873357584,11.58143142259923,0.06303847101678224
RM002422,2,12.317158435197152,90451.68,0.001326073169629027,0.0006233358603779679,0.0256514318285328,0.012136550745545871,17.0,0.0,235,TX,2015-10-01,Relative lifetime-PD deterioration,0.00013617390451119485,12.194868134915115,13.40757280848961,11.863704877253934,0.0201539019952145
RM001372,2,12.311017135122956,101540.38,0.003130796522912855,0.0006475947194894397,0.01349616572920509,0.0028032164619485878,18.0,0.0,52,TX,2015-07-01,Relative lifetime-PD deterioration,0.00012124257497483223,12.10548007453592,14.125829698145754,11.560954352887297,0.02
RM000447,2,12.288676578302361,23835.56,0.004421072375793074,0.0011633919455940626,0.017930045482021817,0.004742003642952408,19.127301234567902,0.0,49,WI,2015-04-01,Relative lifetime-PD deterioration,0.0005155606404171902,12.073406259602944,14.185416277718916,11.505803967891874,0.057067804689416794
RM001068,2,12.266417919286802,121467.33,0.0006896051351896718,0.00021993891663382994,0.01319169490831007,0.0042253378392822505,28.0,0.0,231,CA,2015-06-01,Relative lifetime-PD deterioration,0.0001009853260073042,12.126439956948206,13.511416509169518,11.749491115886709,0.02333339246584676
RM000265,2,12.26198558321956,27754.28,0.0023359123219911238,0.001236802561695269,0.043461511102424355,0.02323949752117971,35.788413684210525,0.0,228,SC,2015-03-01,Absolute lifetime-PD deterioration,0.0004418052128615681,12.115988507299523,13.560171939107038,11.723065436003036,0.027143883885710107
RM000644,2,12.235002498894392,47839.36,0.005491151313814475,0.0005466705630253599,0.021335386159971215,0.0021394200022619714,15.0,0.0,47,IL,2015-02-01,Relative lifetime-PD deterioration,0.0002557518014223934,12.019484824534015,14.1337750477318,11.451329292308497,0.02438871273466826
RM001418,2,12.227683823900298,104579.8,0.0012201666878265873,0.0002975351248370378,0.011229901770728024,0.002748824468356892,28.0,0.0,111,ND,2015-06-01,Relative lifetime-PD deterioration,0.0001169220425349857,12.059994620626055,13.715229853755517,11.611070181439855,0.023903226387447962
RM002778,2,12.20461081621282,78005.6,0.0025099798779808164,0.0010553573417912728,0.011659459569417607,0.004915480864411403,9.0,0.0,56,CT,2015-11-01,Prior default history,0.00015645813654677126,12.000755964040241,14.003972439911344,11.461090372597965,0.02857785972359212
RM002050,2,12.188645253208124,66651.81,0.0013729921986268031,0.0005021639603923759,0.02643602954730384,0.00974684527159242,18.0,0.0,234,NC,2015-09-01,Relative lifetime-PD deterioration,0.0001828704314737758,12.05212348344924,13.403342032233148,11.684185911921997,0.02235400620371791
RM000095,2,12.177884317784295,68662.39,0.001344305009051037,0.00045012998741144467,0.02512583492206011,0.008480710081411491,21.0,0.0,227,NC,2015-02-01,Relative lifetime-PD deterioration,0.00017735887605695484,12.040749532673658,13.397891918769567,11.67125667727304,0.022344026996013004
RM000035,2,12.171606443984192,28080.74,0.004505783069759147,0.0006348310677470936,0.08187983572157609,0.011940836675489841,8.0,0.0,227,FL,2015-02-01,Absolute lifetime-PD deterioration,0.00043345034511142484,12.0518586651606,13.240726405447981,11.726651510674612,0.020036403789231664
RM002701,2,12.142276749105978,52131.66,0.005399956319723175,0.0010668969215032274,0.025391372950362645,0.0050576325784316145,13.0,0.0,57,TX,2015-12-01,Absolute lifetime-PD deterioration,0.00023291559772134585,11.943525077404747,13.89858776809481,11.416023368357004,0.020444883957374656
RM002433,2,12.136291990277844,30255.98,0.006985303165844923,0.0011775049020468537,0.03218320228549132,0.005483172856171281,14.0,0.0,56,VA,2015-11-01,Absolute lifetime-PD deterioration,0.0004011204393405153,11.932763356338011,13.933326835011702,11.393588287798554,0.025451033703096974
RM000483,2,12.131807851239019,116542.09,0.0009287546550717194,0.0002481214545021717,0.017499609794634274,0.004703794934928562,32.0,0.0,228,FL,2015-03-01,Relative lifetime-PD deterioration,0.00010409808036941005,12.004275445926977,13.267195199170539,11.660110593914341,0.020688151973001542
RM002803,2,12.085466280804145,118159.49,0.0008710750672153902,0.00035754989597108804,0.017063962680336386,0.007037989714055559,19.0,0.0,237,CA,2015-12-01,Relative lifetime-PD deterioration,0.00010228096178143748,11.955858777078225,13.239087339575503,11.606256217248372,0.021068753811196758
RM002845,2,12.076667680532982,37965.43,0.003417092031614279,0.0009792910373774804,0.032822942349367,0.009507283123383559,7.0,0.0,117,NH,2015-12-01,Absolute lifetime-PD deterioration,0.0003180964282646866,11.915615717660337,13.506950369530696,11.483369985075269,0.023556981389521683
RM000919,2,12.063048475825067,116944.67,0.001009150131867572,0.00037870904761451923,0.019165766028194198,0.007233674987960903,20.0,0.0,230,OR,2015-05-01,Relative lifetime-PD deterioration,0.00010315175951007487,11.943600300904109,13.12824308308222,11.620050953211747,0.020126602800439652
RM002932,2,12.047104760906207,72997.73,0.0008722237190621772,0.0004094835652553422,0.01708628064368989,0.008056329097835047,72.99773,0.0,237,SC,2015-12-01,Relative lifetime-PD deterioration,0.00016503396421924636,11.904039442213367,13.318209674011168,11.519690245798524,0.02540609445445399
RM000670,2,11.99843342144382,30175.81,0.008352549962995627,0.0013798948231926072,0.033669606400849816,0.005622595374893846,11.0,0.0,49,IL,2015-04-01,Absolute lifetime-PD deterioration,0.00039761760898692763,11.790429414662434,13.832861753725464,11.240830539670801,0.02419577976078912
RM003400,2,11.98653495527451,145569.61,0.0018870002884050854,0.0006803306418664039,0.009087573552261197,0.0032839797342594235,21.992531007194245,0.0,58,FL,2016-01-01,Relative lifetime-PD deterioration,8.234228940556007e-05,11.79239003593287,13.70224073685008,11.27704525480364,0.0202107715780929
RM000864,2,11.966858426505482,54559.05,0.0015309870032521734,0.00030270671000786893,0.029063377447654637,0.005811036528956315,39.0,0.0,231,NY,2015-06-01,Absolute lifetime-PD deterioration,0.00021933773455559585,11.831473329809452,13.170945019652207,11.46693448527999,0.022710797329975423
RM000891,2,11.964647803173689,150061.94,0.0008022634328663968,0.0002553025701580998,0.015265174934565473,0.0048819682689963395,23.0,0.0,230,NV,2015-05-01,Relative lifetime-PD deterioration,7.973139493714188e-05,11.84876168193274,12.99901765850871,11.534226084069912,0.02
RM000266,2,11.956385951278408,35193.34,0.0034829315815353636,0.0005858552662996727,0.06386956645072273,0.011024456724290088,18.0,0.0,227,FL,2015-02-01,Absolute lifetime-PD deterioration,0.0003397343347144207,11.83829224670988,13.010333879128535,11.517850102784822,0.020062129219665256
RM002386,2,11.948379123772142,58453.36,0.001731923001204684,0.00039040257020550063,0.03337652147458181,0.007617713466676168,14.0,0.0,235,MD,2015-10-01,Absolute lifetime-PD deterioration,0.0002044087649327967,11.818290277022628,13.106260517851181,11.467405575299857,0.0212734005478642
RM002613,2,11.930405016668491,75130.26,0.0012155821517201828,0.0003591561937148372,0.023637151735597772,0.007039777733407915,32.0,0.0,236,IL,2015-11-01,Relative lifetime-PD deterioration,0.000158796269527997,11.798456330808987,13.104242123115439,11.442958937440673,0.021854771158707615
RM002990,2,11.924116634346237,71361.67,0.002572307815258593,0.0004726435444581995,0.012159670335950667,0.0022430681137101116,15.0,0.0,57,CA,2015-12-01,Relative lifetime-PD deterioration,0.00016709413659106125,11.724687992601803,13.68423470619761,11.196857929465956,0.02860868519474328
RM002278,2,11.880068218456877,42922.8,0.0068452782882030185,0.0009300285593877833,0.030991666731829848,0.004255533756608476,18.0,0.0,55,GA,2015-10-01,Absolute lifetime-PD deterioration,0.0002767775685290073,11.686029220614685,13.595564518077273,11.170475112076808,0.020052020162172595
RM002350,2,11.87285509776957,70646.08,0.0030225830652187403,0.000838380352880591,0.013778677626297697,0.0038368088558041746,14.0,0.0,55,NC,2015-10-01,Relative lifetime-PD deterioration,0.00016806106011500664,11.672616745858454,13.639672837471583,11.142945151864224,0.025313751624872583
RM000289,2,11.838883890386247,67421.6,0.0017315196062555164,0.00029911910446789417,0.03239118291328569,0.005667989134286233,34.0,0.0,228,TX,2015-03-01,Absolute lifetime-PD deterioration,0.00017559482258484293,11.725886649627196,12.847900436485885,11.418900290622394,0.02000504299666502
RM002118,2,11.808677303417774,53984.3,0.004152337933076468,0.0007340833275484625,0.018209834441854644,0.0032381378552125417,10.0,0.0,53,NC,2015-08-01,Relative lifetime-PD deterioration,0.00021874280676822285,11.607932515326562,13.579687562117188,11.077107652560901,0.02509148801365855
RM003336,2,11.79529703410063,55462.88,0.002051949688214341,0.0006845500390285714,0.03992014285732526,0.013489745029224176,11.0,0.0,238,TX,2016-01-01,Absolute lifetime-PD deterioration,0.00021267011439183523,11.676976544631726,12.850092420921627,11.356713268025928,0.020230959672639
RM002937,2,11.790834744821444,29996.97,0.0034224915964816824,0.0009645502109124888,0.032597689217541914,0.00928510965587337,20.52424263157895,0.0,116,OH,2015-11-01,Absolute lifetime-PD deterioration,0.00039306752464737083,11.629484147755571,13.222779242064476,11.197105455516711,0.027096436696459673
RM000916,2,11.764820819118782,121063.25,0.0012093585381654224,0.0002913040987808807,0.011031200475062564,0.002667113496518825,19.0,0.0,110,MA,2015-05-01,Relative lifetime-PD deterioration,9.717912594547711e-05,11.606947800739313,13.166090328813647,11.183761482601467,0.02170303717870613
RM002117,2,11.740459206557773,86819.23,0.0030557868209436737,0.0009514166580544352,0.013677692301285904,0.004274252210910157,11.0,0.0,54,MD,2015-09-01,Relative lifetime-PD deterioration,0.0001352287875227386,11.542812884076273,13.48458904884864,11.019874159262887,0.021333295201575515
RM001988,2,11.719619093355174,24918.08,0.011511797479567591,0.0014996030029476688,0.0507694503149525,0.006730526259491887,13.0,0.0,54,OK,2015-09-01,Absolute lifetime-PD deterioration,0.00047032592773420636,11.526389672144228,13.428032509476813,11.012936235086524,0.02040607978852291
RM000211,2,11.657870081052923,92486.83,0.0011818410174682739,0.0003543438933769423,0.02221772741787653,0.006711106334461037,19.0,0.0,228,OR,2015-03-01,Relative lifetime-PD deterioration,0.0001260489745518678,11.537453166742294,12.730499508699351,11.212092607881548,0.020434127312472582
RM000293,2,11.642913358690192,106894.85,0.0007926946664420406,0.0003862868105498064,0.015019323106450266,0.007345949760712123,61.082771428571434,0.0,229,CO,2015-04-01,Relative lifetime-PD deterioration,0.00010891931050644809,11.512227425552695,12.804732774836138,11.160661433403167,0.022107865381122024
RM000929,2,11.627049520476596,64194.29,0.0009138821421189042,0.00044986054632951375,0.017371429346405343,0.008587184829514594,54.259459404761905,0.0,230,GA,2015-05-01,Relative lifetime-PD deterioration,0.00018112279955859932,11.488149522467278,12.861504275280009,11.114749021847139,0.02688940097005202
RM002721,2,11.592718669960897,39712.57,0.0032738907811954484,0.0012832233501077924,0.01518672194627757,0.0059743035851044235,17.329121454545454,0.0,56,WI,2015-11-01,Relative lifetime-PD deterioration,0.0002919155992664513,11.397025802966546,13.319313825111836,10.879455696209668,0.038995492260218936
RM000268,2,11.575095968639463,63752.49,0.002339405006851002,0.0006521879270469706,0.020858695391402393,0.005854402055556762,15.0,0.0,108,GA,2015-03-01,Relative lifetime-PD deterioration,0.00018156304120261755,11.418805706737537,12.962331488875979,10.99985229456349,0.021536819788236624
RM001550,2,11.549309329302968,69414.23,0.002264035062815465,0.0005208928804541251,0.02093275438031217,0.004851128609961952,19.0,0.0,112,MN,2015-07-01,Relative lifetime-PD deterioration,0.00016638244534734404,11.399246019368261,12.882472581639345,10.996175715285787,0.020607483565463575
RM001997,2,11.546533525096526,74906.1,0.0013141925433071899,0.0003542424730409823,0.012523547599646356,0.00338966720018119,16.0,0.0,115,NY,2015-10-01,Relative lifetime-PD deterioration,0.00015414677209328113,11.38965959560042,12.938696265272885,10.969312678177488,0.028115269795601215
RM002881,2,11.530288921463736,68840.63,0.0016718868656851239,0.0005286611449315063,0.01618217746973194,0.005142540750180613,14.0,0.0,117,NH,2015-12-01,Relative lifetime-PD deterioration,0.00016749249565937638,11.37559186599342,12.9035409038822,10.960802697819227,0.024460750028213605
RM003345,2,11.48867335174307,30360.46,0.002533638163183942,0.0004203316298758319,0.02463715030694058,0.004125596189526792,14.0,0.0,118,WA,2016-01-01,Absolute lifetime-PD deterioration,0.00037840906731133426,11.33318844896149,12.868852513403413,10.91633176766248,0.03456855180287431
RM002141,2,11.448874382114072,25225.06,0.002700125443902014,0.0004370695201006093,0.051144107353647494,0.008452364499722309,12.0,0.0,233,NY,2015-08-01,Absolute lifetime-PD deterioration,0.0004538690644190369,11.318220041945724,12.6117596988806,10.965829874016757,0.02545604415001815
RM002779,2,11.429985433213353,96452.28,0.0015844381215955182,0.0003821840643041885,0.015341622699652668,0.0037200702038873157,21.0,0.0,117,MN,2015-12-01,Relative lifetime-PD deterioration,0.00011850404607556559,11.28475883879634,12.720677320777758,10.894343746259832,0.020468902100116457
RM002430,2,11.418958661703984,25154.11,0.004644825114003247,0.0012130248951018165,0.021492030163013376,0.00564820751491002,12.0,0.0,56,AL,2015-11-01,Relative lifetime-PD deterioration,0.00045395995571713665,11.226942751841506,13.113685430054485,10.718710439036995,0.043636726147810764
RM000157,2,11.41615161032992,29448.35,0.0024546419261476274,0.0011425555884279938,0.04562206764576926,0.02148676580042974,8.0,0.0,228,WI,2015-03-01,Absolute lifetime-PD deterioration,0.0003876669358497138,11.286599743605843,12.569306569855586,10.937127601186962,0.024746127389606378
RM000456,2,11.41523826653198,83697.41,0.0010826576136921853,0.00039902509347164916,0.020371281822459064,0.007554311446160589,19.0,0.0,228,CA,2015-03-01,Relative lifetime-PD deterioration,0.00013638699532676074,11.288000101769864,12.547293673964193,10.945110219058943,0.021899062752062878
RM002209,2,11.390721264643755,74266.95,0.0014979780978889342,0.0006883630253428091,0.02868800389364745,0.013281332085022912,17.0,0.0,233,MN,2015-08-01,Relative lifetime-PD deterioration,0.00015337537443834378,11.277062563539362,12.404097686709964,10.969323296625987,0.020168409366351628
RM003450,2,11.390719174449998,58216.69,0.0012341591788091902,0.0002778505735363644,0.024094671989928207,0.005473278062253617,5.0,0.0,237,CA,2015-12-01,Relative lifetime-PD deterioration,0.0001956607147271684,11.287597981404502,12.313878023177278,11.00586878096137,0.020554554498326234
RM001692,2,11.378126600183519,141463.69,0.0007104318015447223,0.000204243724767363,0.013645934498824674,0.003941327815635831,28.0,0.0,232,MI,2015-07-01,Relative lifetime-PD deterioration,8.04314280235693e-05,11.259870979983349,12.431125476995753,10.9406056735838,0.020655145406319336
RM003051,2,11.373511281066799,91858.51,0.0016091195203557622,0.0006164957612196522,0.01557892483893819,0.005994647230905814,14.0,0.0,117,MI,2015-12-01,Relative lifetime-PD deterioration,0.0001238155428502683,11.226385675744744,12.680443700639906,10.831295329039222,0.020845311321524958
RM001108,2,11.354344295579523,36308.1,0.004704913167450452,0.0006882141830158099,0.019458262935078463,0.002864435948535471,9.0,0.0,50,NY,2015-05-01,Relative lifetime-PD deterioration,0.00031272207291429524,11.15802350690621,13.085232821478439,10.63963432989849,0.03338443182372566
RM002033,2,11.350785859473769,42556.87,0.0015545355534201182,0.0007328845539670441,0.02975570043801845,0.014134548066851882,73.50732090909092,0.0,233,MI,2015-08-01,Relative lifetime-PD deterioration,0.0002667204110517002,11.217088575522892,12.53872907870011,10.857858747032841,0.02427385540816231
RM000691,2,11.330854924831714,62627.27,0.0023322641776800154,0.0005354937358622496,0.009681942510271213,0.0022293328541139745,25.442328437499995,0.0,50,NY,2015-05-01,Relative lifetime-PD deterioration,0.00018092525707781473,11.132791413496673,13.075708828704066,10.610745352005566,0.03667912145119082
RM003177,2,11.328064553498956,86973.31,0.0011712801542646594,0.00047650666627919975,0.01136163823483749,0.004636266440680714,27.565311366120216,0.0,117,IN,2015-12-01,Relative lifetime-PD deterioration,0.00013024759611309444,11.173847183832667,12.69633771870215,10.760830672735954,0.02584400905417642
RM001084,2,11.327201578722605,81343.26,0.0036378458944532773,0.0006018279857287557,0.01536969735453586,0.002555268645695108,12.0,0.0,51,VA,2015-06-01,Relative lifetime-PD deterioration,0.00013925187629217965,11.136158787916601,13.013344926244857,10.630498572529802,0.02010739611132271
RM000574,2,11.309348267315809,134179.46,0.0008344927594954171,0.00037282409990299875,0.01580531589655909,0.007090794017943769,15.0,0.0,229,CA,2015-04-01,Relative lifetime-PD deterioration,8.428524207293582e-05,11.197330245806842,12.308355905132812,10.893858092083246,0.02009819023603659
RM002175,2,11.295607378417992,131170.65,0.002159725925662033,0.0005286199145136232,0.00968210044507456,0.002376590002276524,18.0,0.0,54,TX,2015-09-01,Relative lifetime-PD deterioration,8.611383246494541e-05,11.10894934621159,12.944155675945595,10.61414906189873,0.02
RM001496,2,11.292249465209945,64905.16,0.002488605619050717,0.0005474185209747523,0.022987600112093887,0.0050976013917177765,15.0,0.0,112,MN,2015-07-01,Relative lifetime-PD deterioration,0.0001739807661703622,11.148444014287444,12.570885059521892,10.761461895769793,0.020208965778112976
RM003067,2,11.26408240777939,126879.92,0.001130504030492138,0.0002428964945061875,0.005264762121515498,0.0011330123166183315,19.0,0.0,56,PA,2015-11-01,Relative lifetime-PD deterioration,8.877750244309258e-05,11.075363274550607,12.929340260558854,10.57610784807976,0.035113931877439566
RM000440,2,11.256916241786074,81346.78,0.0009128808916859094,0.00030975236760650226,0.017277764333997747,0.005894581739295024,38.0,0.0,229,IL,2015-04-01,Relative lifetime-PD deterioration,0.0001383818295178503,11.127550713808992,12.407246801475523,10.779368214264764,0.02348176486875266
RM001002,2,11.229119311762066,63836.36,0.0012101636492723297,0.0005164139489479506,0.022941595564034634,0.009851642101088243,72.19588333333334,0.0,230,TX,2015-05-01,Relative lifetime-PD deterioration,0.00017590475571856016,11.101640661343316,12.362118207220906,10.758910187328047,0.02248309673738817
RM002631,2,11.215419196843445,64188.0,0.001032449566961479,0.0004652720977016719,0.020110364568809658,0.0091107241549927,14.0,0.0,236,WA,2015-11-01,Relative lifetime-PD deterioration,0.0001747276624422547,11.086825440669307,12.359504508176554,10.740303332900798,0.025526923410270724
RM003049,2,11.212522787615239,76168.02,0.0011558976255942545,0.00040957624531862325,0.022677474090394556,0.0080920082003626,11.0,0.0,238,NY,2016-01-01,Relative lifetime-PD deterioration,0.0001472077492314391,11.090523830563711,12.29847704878236,10.761406734154003,0.021738083031930148
RM003169,2,11.204898069633716,92817.7,0.0009591250684209383,0.0003310097034144361,0.01885181480179232,0.00654460275507629,24.0,0.0,238,MI,2016-01-01,Relative lifetime-PD deterioration,0.00012071941094892155,11.082889952227173,12.290607063254853,10.753968762378113,0.021532492555746834
RM002853,2,11.17757244689553,48098.69,0.0032242266932895804,0.000597986904259258,0.030735631845096867,0.005765583964269405,16.0,0.0,116,TX,2015-11-01,Absolute lifetime-PD deterioration,0.00023238829263116166,11.036622595114114,12.431028369070873,10.65718270388978,0.02028604345220872
RM001169,2,11.174899744561696,56027.88,0.002554871168033131,0.00043417682313842985,0.010602313443964229,0.0018078268471779513,15.0,0.0,50,IN,2015-05-01,Relative lifetime-PD deterioration,0.00019945248230990886,10.98086832393453,12.884853973384825,10.46903042554486,0.03837633335270656
RM001038,2,11.142689408158429,30009.41,0.00808603185924144,0.0012469802658378612,0.03326296034076093,0.005185501927756908,10.0,0.0,50,NC,2015-05-01,Absolute lifetime-PD deterioration,0.0003713065137954538,10.95071547966761,12.836142788612388,10.443203781386032,0.023102829810058935
RM003097,2,11.133621875869743,43719.02,0.005508622473367907,0.0013825283607745403,0.025897058698892805,0.006550008004820751,12.0,0.0,57,FL,2015-12-01,Prior default history,0.0002546631163248797,10.954241521017064,12.719608014345951,10.477576321296016,0.0206877706407828
RM002888,2,11.105552548016428,56194.32,0.0015157236852671554,0.0005415124299727559,0.029391269025322964,0.010596090668552938,25.0,0.0,236,SC,2015-11-01,Relative lifetime-PD deterioration,0.00019762767034135173,10.982562837119293,12.199864724325113,10.651084270962137,0.021933878046776135
RM003033,2,11.063996005488303,49492.78,0.0018707102272267398,0.0005337377334432999,0.03615529307917631,0.010444715515202985,16.0,0.0,236,IL,2015-11-01,Absolute lifetime-PD deterioration,0.00022354767716600891,10.943918056344929,12.132816354387975,10.620006471030967,0.021291673802495425
RM002752,2,11.027310072603683,57328.98,0.003896660735762635,0.0006455246613159785,0.018054958741102967,0.0030088853467207244,9.0,0.0,56,CA,2015-11-01,Relative lifetime-PD deterioration,0.00019235140887913376,10.8430202315598,12.654176036598466,10.355015194104366,0.022644997214004824
RM001893,2,11.01880558526309,212220.92,0.001327599076872567,0.0005815440106647952,0.005850278351948401,0.0025659355258005334,9.0,0.0,53,CA,2015-08-01,Relative lifetime-PD deterioration,5.1921392034598144e-05,10.835007096188876,12.641305222671784,10.34832260934398,0.02
RM000755,2,10.981735464567734,70463.29,0.001013006536793749,0.00045468711313921025,0.019155495893361185,0.008641365889500374,13.0,0.0,229,WA,2015-04-01,Relative lifetime-PD deterioration,0.00015585045013605998,10.856140574396559,12.099136081053521,10.517702287267836,0.024364935602837864
RM001237,2,10.957133583537882,16383.85,0.0070166259788815395,0.0007921372863079222,0.12676113489410135,0.01513892213960677,8.0,0.0,231,TX,2015-06-01,Absolute lifetime-PD deterioration,0.0006687764831549289,10.85151896348404,11.901030234342738,10.564046843118994,0.02
RM000689,2,10.953162434500513,54434.25,0.005261360813113609,0.0011519521247560897,0.021310264266921397,0.0046954575803137555,12.0,0.0,49,IL,2015-04-01,Relative lifetime-PD deterioration,0.00020121821159473148,10.7650930482907,12.61197005371978,10.268040460069255,0.02050299604004288
RM002435,2,10.951878560269492,40379.52,0.001228815840727902,0.0003090423588150152,0.023791518846314808,0.006034732306182344,22.0,0.0,235,PA,2015-10-01,Relative lifetime-PD deterioration,0.00027122359454172544,10.824102504247804,12.088483343847644,10.479922606951629,0.03009301297524805
RM003140,2,10.934742012632531,46091.15,0.0028825225769505175,0.0005840013354280331,0.027752793515636975,0.005679486710762682,16.0,0.0,117,TX,2015-12-01,Absolute lifetime-PD deterioration,0.00023724168333036887,10.790915053716708,12.212014321703329,10.404924472363989,0.02155933308914098
RM000530,2,10.932029035293066,27356.48,0.007988590334295248,0.0010831033496468885,0.032220560584057756,0.004415292655601477,16.0,0.0,49,MI,2015-04-01,Absolute lifetime-PD deterioration,0.00039961387705191113,10.741664829733768,12.610431363472873,10.238983333483812,0.024945336468063767
RM001510,2,10.919197021864564,70251.32,0.001105604028901934,0.000343244851035716,0.01027156294995124,0.003199040678581455,19.0,0.0,112,PA,2015-07-01,Relative lifetime-PD deterioration,0.00015543048901948836,10.769020057274194,12.251503774297543,10.366904303072614,0.03364019348471732
RM000119,2,10.913384524079861,40428.02,0.004302396506912854,0.0007839308943018388,0.016745614284280008,0.0030668875837553955,14.0,0.0,47,KS,2015-02-01,Relative lifetime-PD deterioration,0.00026994605533686445,10.720917512323435,12.6087526922811,10.21374596340818,0.03271770553203037
RM003148,2,10.904847224977434,57530.07,0.0011258799008078608,0.0005477262757415803,0.022094785399859207,0.010807389884485707,74.8678993150685,0.0,238,FL,2016-01-01,Relative lifetime-PD deterioration,0.00018955039034330106,10.777394306359113,12.037299909404675,10.434947357573066,0.02390720478056132
RM003030,2,10.896415039638626,68078.03,0.003872918314830057,0.000684491151745012,0.017945730851055774,0.003190285961206407,14.0,0.0,56,TX,2015-11-01,Relative lifetime-PD deterioration,0.00016005773139496878,10.71833016259595,12.47014989175727,10.245645694263377,0.020094216875513757
RM001335,2,10.844903745976168,59979.05,0.003762634448391467,0.001066136068335827,0.016202800110487248,0.004611720656664153,12.0,0.0,52,MD,2015-07-01,Relative lifetime-PD deterioration,0.00018081152912518902,10.659341300557408,12.481457138817063,10.169010580132952,0.02323799868221975
RM001245,2,10.844437698055273,58658.48,0.00289703421760765,0.0004856386310608778,0.012254558425922824,0.002062335971473872,16.0,0.0,51,NY,2015-06-01,Relative lifetime-PD deterioration,0.0001848741682030505,10.657136869475362,12.495490505458262,10.162774381424281,0.030694392125232353
RM003143,2,10.818822811985134,52961.22,0.0027404214484158165,0.0005368117935117394,0.013175979200685362,0.002591922142245684,17.0,0.0,58,KY,2016-01-01,Relative lifetime-PD deterioration,0.00020427820227678165,10.638219220408635,12.412871273139096,10.160161929117661,0.031709442202123996
RM002427,2,10.799127612841747,48576.8,0.004433451394878646,0.0007626330566585204,0.020521937678737,0.0035539816468946883,17.0,0.0,56,MI,2015-11-01,Relative lifetime-PD deterioration,0.0002223103953500796,10.617817638404649,12.399360910908902,10.137924211899808,0.02259972443887697
RM002411,2,10.775687783532518,14827.22,0.007638183639546079,0.0008092856812414847,0.13942566903517717,0.01572989998066443,4.0,0.0,235,GA,2015-10-01,Absolute lifetime-PD deterioration,0.0007267503809569507,10.672113294408925,11.70147800017369,10.390108750360127,0.02
RM001396,2,10.71890167067411,152140.28,0.00181329804330631,0.0003883437135223105,0.007833911299248042,0.0016817338981398589,15.0,0.0,52,HI,2015-07-01,Relative lifetime-PD deterioration,7.045406824986855e-05,10.539637463342043,12.301396200362568,10.06494474866553,0.02
RM001913,2,10.7045760840203,63460.62,0.0029419566602026186,0.0006580028907030209,0.013170812903960272,0.0029576052558618615,15.0,0.0,54,NC,2015-09-01,Relative lifetime-PD deterioration,0.00016868060986514628,10.522770048883007,12.308281075187018,10.042175606697436,0.026358413472318577
RM001228,2,10.643920929103224,92997.87,0.0010348644437349756,0.0002896055599024031,0.019649552882918697,0.005536195626701934,27.0,0.0,230,MN,2015-05-01,Relative lifetime-PD deterioration,0.00011445338403022805,10.533516377876248,11.627110779004587,10.23537961973614,0.020562740737159513
RM000098,2,10.620811102174503,61616.17,0.0015058324116659617,0.00040706857309957714,0.028104313220295163,0.007672364221694372,28.0,0.0,227,MN,2015-02-01,Absolute lifetime-PD deterioration,0.00017237051738487646,10.506392008232378,11.639132671096036,10.19783233291621,0.02096308755592393
RM000417,2,10.587959204727163,43413.83,0.006719154351770923,0.0008548025914061946,0.02715366379815254,0.003485846865655229,10.0,0.0,49,FL,2015-04-01,Absolute lifetime-PD deterioration,0.00024388447655337395,10.408216690780844,12.174608394151118,9.932303118301366,0.02
RM003015,2,10.559398740305959,45033.46,0.003247738565465159,0.0007145290733948681,0.015333096065791585,0.0033894689740385786,33.12378462809917,0.0,57,MI,2015-12-01,Relative lifetime-PD deterioration,0.00023447895720883893,10.379959396273025,12.14200172661434,9.905773404088544,0.02926315016791315
RM002399,2,10.540917555338664,35884.24,0.0043213156282121586,0.0010691963937272543,0.019299393102768847,0.0048023892399909895,10.0,0.0,54,TN,2015-09-01,Relative lifetime-PD deterioration,0.0002937478278859651,10.362054732462031,12.11896880315895,9.889032432576393,0.03186113214044854
RM001291,2,10.526548801989104,54398.6,0.0015455895695778569,0.0002541900312265766,0.006424214368658809,0.0010586989448636563,12.0,0.0,50,MO,2015-05-01,Relative lifetime-PD deterioration,0.00019350771530864957,10.34394303323701,12.135717775991788,9.86230820163059,0.062337404375655665
RM003445,2,10.51713139248378,91863.18,0.0009052889433231952,0.0003253385389530737,0.017654382245529066,0.006378933303615275,22.0,0.0,236,AZ,2015-11-01,Relative lifetime-PD deterioration,0.00011448690751271381,10.402228522807631,11.539608912124352,10.092465228340643,0.02161912876903111
RM001716,2,10.503510074546682,91496.33,0.0009837300226005357,0.0002336607069803944,0.018848248981539473,0.004507777525854739,27.0,0.0,232,TX,2015-07-01,Relative lifetime-PD deterioration,0.0001147970642598089,10.390695078585207,11.507527217557634,10.086480204362955,0.02101434587124736
RM001751,2,10.493874233752424,130397.62,0.001597249179383951,0.0006134569377767544,0.007035292766742085,0.0027065967536936686,8.0,0.0,53,WA,2015-08-01,Relative lifetime-PD deterioration,8.047596446739153e-05,10.316845980250363,12.055799885254604,9.84863473292787,0.02495395746574347
RM001129,2,10.444375986151332,74851.21,0.0025677955138762648,0.0004826501701250893,0.010867681691574482,0.002049654986182925,13.0,0.0,51,CA,2015-06-01,Relative lifetime-PD deterioration,0.0001395351656459706,10.264545189241689,12.02978992264637,9.789757837979785,0.026708244005153387
RM001896,2,10.444276459321019,64440.66,0.004008112689756255,0.0007894575383587058,0.017581676113408218,0.0034820713275752757,18.0,0.0,53,TX,2015-08-01,Relative lifetime-PD deterioration,0.00016207587661766683,10.269710985337722,11.985486665053708,9.807329050312527,0.02031415863830005
RM003239,2,10.419066966385454,83222.29,0.0008969187302089479,0.0002687333986059106,0.017565981020863264,0.005294134312082477,34.0,0.0,237,TX,2015-12-01,Relative lifetime-PD deterioration,0.00012519562927654904,10.301469149962031,11.464946375081158,9.984831785090407,0.022532871878302437
RM000233,2,10.399171316527402,61759.77,0.00130815728277702,0.00026104059408835927,0.024564518180304584,0.0049481361913583655,25.0,0.0,228,MI,2015-03-01,Relative lifetime-PD deterioration,0.00016838099164759524,10.283790289206305,11.425726470418697,9.972857641452551,0.021896119533858265
RM001356,2,10.378265097374445,66536.24,0.0014612985612203306,0.000573439935093294,0.027876509208504596,0.011028421464291505,16.0,0.0,232,OR,2015-07-01,Relative lifetime-PD deterioration,0.0001559791340384495,10.271698504163885,11.327650366737338,9.983673481607413,0.020410280996571772
RM001545,2,10.35679301914482,129652.39,0.0005895231234466036,0.00025119884391592965,0.011336064967269244,0.004845344321750544,29.0,0.0,232,CA,2015-07-01,Relative lifetime-PD deterioration,7.988123488618158e-05,10.241325469409697,11.383982995998398,9.9302507758167,0.02228331786534293
RM000912,2,10.34167540892155,96939.3,0.0010581366926371667,0.0005256978996426694,0.02008719999304931,0.010027907625855925,18.0,0.0,230,OR,2015-05-01,Relative lifetime-PD deterioration,0.00010668196911801044,10.239245621368024,11.255192522493907,9.961735809206402,0.02009908086016277
RM003009,2,10.334975196831211,80880.46,0.003081919964268723,0.0006882470552502195,0.014554764876182569,0.0032649574250105395,16.0,0.0,57,MN,2015-12-01,Relative lifetime-PD deterioration,0.00012778086569773726,10.167319074074397,11.816877996191733,9.722094684876367,0.02
RM000431,2,10.33191333844837,122711.6,0.0019114065790036732,0.00044273254457143785,0.007781941576809226,0.0018065910128967078,8.0,0.0,49,WA,2015-04-01,Relative lifetime-PD deterioration,8.419671276756533e-05,10.153731515659835,11.902710375385796,9.68335130740727,0.02325988424681633
RM003313,2,10.304803096639832,16499.79,0.006375454337258808,0.0007545115934173252,0.11866574484454206,0.014796665860897007,11.276834892086331,0.0,237,IL,2015-12-01,Absolute lifetime-PD deterioration,0.0006245414697180892,10.206976612881228,11.179177941511103,9.94064753773231,0.02
RM000117,2,10.301713322506538,83353.76,0.0031698498546320147,0.001166899540599028,0.012357969482840958,0.004562584824787774,7.0,0.0,47,NJ,2015-02-01,Relative lifetime-PD deterioration,0.00012359026542421768,10.121416120888249,11.890325724204814,9.646014001337173,0.021434106139401263
RM002848,2,10.295815319364412,86720.53,0.0023173746963543584,0.00044273389293051724,0.010959802734327173,0.0021012409563213597,16.0,0.0,57,GA,2015-12-01,Relative lifetime-PD deterioration,0.00011872408205259368,10.12388343958343,11.81327522621994,9.668813936577436,0.022844769023078262
RM002374,2,10.285028589135775,23482.1,0.00418087260914406,0.0011843694563734056,0.07877139150673629,0.02294042154776066,4.0,0.0,235,CA,2015-10-01,Absolute lifetime-PD deterioration,0.00043799441230280836,10.179081258944377,11.229368176068192,9.892411843588864,0.020443369548360065
RM000104,2,10.277508912832126,38633.12,0.002354694056834626,0.00047716325615119174,0.043615727076319555,0.008987858009114169,26.0,0.0,227,AR,2015-02-01,Absolute lifetime-PD deterioration,0.00026602844690856253,10.167208868587922,11.259396544039356,9.869605143786252,0.020904430742504997
RM001766,2,10.222167229633698,54561.86,0.001339041631369618,0.00025777320491741614,0.025681618069399947,0.004993233750814174,20.0,0.0,233,AR,2015-08-01,Absolute lifetime-PD deterioration,0.00018735005055974443,10.10596976825682,11.255828345002932,9.792943577028568,0.022942843706966247
RM001541,2,10.213606566341056,14218.74,0.004903043472994889,0.0006948842720567042,0.0906500917324996,0.013349197599970997,7.0,0.0,232,TN,2015-07-01,Absolute lifetime-PD deterioration,0.0007183200878798724,10.09867563340114,11.237129898247474,9.788299266815308,0.02378620710842651
RM000568,2,10.207871540083898,30487.6,0.0013420281933574799,0.0006252258878658344,0.025192887485220083,0.011812682939882135,66.44733333333333,0.0,228,OH,2015-03-01,Relative lifetime-PD deterioration,0.0003348204365080852,10.081919227513634,11.326796235247857,9.743635626428052,0.031265687887025606
RM000055,2,10.201465562830512,59337.4,0.004914874613930007,0.0010058772951089005,0.019112383998727167,0.003933910642794358,8.0,0.0,47,OR,2015-02-01,Relative lifetime-PD deterioration,0.00017192302936816427,10.025471847944086,11.753637657669888,9.56041924330204,0.02
RM000337,2,10.192090991976896,86280.73,0.0005476063091590593,0.00023557162303190375,0.0103985731534334,0.004485929420566803,55.66498709677419,0.0,229,NC,2015-04-01,Relative lifetime-PD deterioration,0.00011812708344003227,10.069736552217929,11.279440697925413,9.740854556094693,0.028344183167712308
RM002905,2,10.173480809816027,90334.6,0.002705718369917775,0.0007692041512466572,0.012787121910579291,0.003648453827087672,14.0,0.0,57,MN,2015-12-01,Relative lifetime-PD deterioration,0.00011261997960710544,10.008238491933723,11.633888121017891,9.56953217249016,0.020019780057542524
RM001671,2,10.167388980761016,107631.11,0.0019024631727134675,0.00046591966277388126,0.008217905869777886,0.002017417965233914,14.0,0.0,52,CA,2015-07-01,Relative lifetime-PD deterioration,9.446515027821432e-05,9.993770354547042,11.69845534420677,9.535100908316451,0.024092651609207906
RM000099,2,10.166617019094035,73967.0,0.0019794406913780376,0.0005660040942887727,0.01751234921623157,0.005035577410636205,20.0,0.0,107,MN,2015-02-01,Relative lifetime-PD deterioration,0.00013744801085746394,10.033214166280162,11.351681961726461,9.67495241985377,0.020404400215732546
RM003446,2,10.131504863527166,92137.75,0.0016908662886185352,0.000406557475604237,0.008146076932861734,0.0019634971678336166,15.0,0.0,58,NJ,2016-01-01,Relative lifetime-PD deterioration,0.00010996041105331057,9.963373484735024,11.615700802629833,9.518174797616613,0.028221928747840845
RM002154,2,10.127147064835011,102841.07,0.002455510320284136,0.0005394196854678392,0.011002410957323794,0.0024250981973498176,17.0,0.0,54,MN,2015-09-01,Relative lifetime-PD deterioration,9.847376213447614e-05,9.959618172376533,11.606701567368221,9.51555775054349,0.02005054262483502
RM002114,2,10.104493111424123,54072.25,0.00471453648873368,0.0005887400621078029,0.021041064186333447,0.002646602026344924,15.0,0.0,54,MI,2015-09-01,Relative lifetime-PD deterioration,0.0001868702173744226,9.938011115154527,11.575492834986694,9.496259153626733,0.02
RM001557,2,10.101032268695656,57761.07,0.003609406590433024,0.00033968621315437936,0.015546935932176043,0.00147114046192387,12.0,0.0,52,WY,2015-07-01,Relative lifetime-PD deterioration,0.0001748761279646595,9.940207901710446,11.524828944349931,9.51158705072318,0.020265458456785804
RM000758,2,10.093568110665203,9476.36,0.011167698866066299,0.0013213707799623197,0.19290658982241982,0.024917146542288382,4.0,0.0,229,TX,2015-04-01,Absolute lifetime-PD deterioration,0.0010651313490269683,9.998619222755064,10.943086400085692,9.73954140887393,0.02
RM000872,2,10.057724030069934,28736.37,0.0024750660439902543,0.0007360543886352043,0.04638720952604858,0.014013783499135068,18.0,0.0,230,OH,2015-05-01,Absolute lifetime-PD deterioration,0.0003499998096513211,9.943958156762355,11.070087077067326,9.637257876221026,0.023044793737098362
RM003338,2,10.051608003364901,78790.45,0.001733350041722839,0.0003338151756669457,0.008350070687416222,0.0016124080421657805,17.0,0.0,58,WA,2016-01-01,Relative lifetime-PD deterioration,0.00012757393825476185,9.884114288176745,11.52989853015737,9.440790657725538,0.031626141752298234
RM001858,2,10.038874130675167,27348.9,0.0028979783082693452,0.0008939095124492995,0.054792472679583315,0.017214611182268857,15.588873000000001,0.0,233,AZ,2015-08-01,Absolute lifetime-PD deterioration,0.0003670668337913103,9.92734232420481,11.031562907184636,9.626525834233135,0.02194959201189498
RM002164,2,10.029142760526877,40831.46,0.004494131642646395,0.0008453075928254104,0.020065133958420134,0.0037982610889791824,18.0,0.0,54,TX,2015-09-01,Prior default history,0.00024562292801988655,9.864211499850995,11.486032299431956,9.426849913885448,0.023122577372147846
RM001429,2,10.002684406763386,53271.29,0.002585074612641595,0.0005443350179404392,0.011153823643474614,0.0023566460347087537,11.0,0.0,52,WI,2015-07-01,Relative lifetime-PD deterioration,0.00018776876637985275,9.83127945002964,11.514082965705054,9.378556972110728,0.03496878391256747
RM001726,2,9.997655534308965,118184.9,0.0008168286793646458,0.0003953181097957958,0.01554026492077254,0.007549784596570852,17.0,0.0,230,IL,2015-05-01,Relative lifetime-PD deterioration,8.459334089472484e-05,9.896574187288078,10.898492335090255,9.623159352550473,0.020238315261963794
RM001067,2,9.993307274383046,34420.56,0.0020044074435015494,0.00034108347293370316,0.037887185990791994,0.006545461391698981,16.0,0.0,231,WV,2015-06-01,Absolute lifetime-PD deterioration,0.00029032959586895295,9.880500528611476,10.997150269307003,9.576375897764787,0.023261231128655
RM000316,2,9.9899734875723,109302.16,0.0015766101713976712,0.00046026933357828557,0.006291542157533914,0.0018398066371397848,13.0,0.0,48,NY,2015-03-01,Prior default history,9.13977682378125e-05,9.821477891088131,11.476676090206425,9.375793075339926,0.027406955201738938
RM000498,2,9.980070516967142,51825.22,0.0031779170403739357,0.0008460879591949083,0.0129130591707326,0.003450355345371414,14.0,0.0,49,NY,2015-04-01,Relative lifetime-PD deterioration,0.0001925716961156584,9.8059035318377,11.51475851722022,9.346605024617304,0.030537605172217767
RM000076,2,9.92582790155417,70058.96,0.0033198613851055463,0.0005710797263749509,0.012939971298678077,0.002234866804991409,14.0,0.0,47,AZ,2015-02-01,Relative lifetime-PD deterioration,0.00014167820792021705,9.751157041296246,11.46444820331275,9.290872450507281,0.022645138754830423
RM000612,2,9.91560403425961,73628.78,0.0013479482376693515,0.00023361226431571568,0.025412230594974994,0.004448696628285842,13.0,0.0,229,GA,2015-04-01,Absolute lifetime-PD deterioration,0.00013467022045264923,9.81837188953357,10.783153006766174,9.554682711289278,0.020050205865156788
RM002163,2,9.914862267634957,99102.82,0.0019220651167556517,0.0005619964035207173,0.008620246707783608,0.00252649774078173,14.0,0.0,54,CA,2015-09-01,Relative lifetime-PD deterioration,0.00010004621732898173,9.74712277325089,11.3945988484223,9.30363681165944,0.0243521834928359
RM000712,2,9.899488964052557,60204.11,0.0011783185728838747,0.0003230066158437121,0.016563972405216343,0.004566209266147814,19.0,0.0,170,TN,2015-05-01,Relative lifetime-PD deterioration,0.00016443211209421678,9.77796654203895,10.979614574265959,9.45120623558495,0.025490747056404642
RM001859,2,9.883929838221754,71302.38,0.001069628882226536,0.0004017092471009721,0.010115404413303275,0.0038097290597188804,16.0,0.0,114,PA,2015-09-01,Relative lifetime-PD deterioration,0.00013861991476612356,9.7491261268965,11.08009052765904,9.38801267453574,0.03101831438652298
RM003465,2,9.875704966772258,73202.0,0.001229800848791643,0.00048700486847327076,0.023910472321230447,0.009534352455905837,8.0,0.0,236,CA,2015-11-01,Relative lifetime-PD deterioration,0.0001349103162040963,9.772876534290505,10.791544117237706,9.495119230477462,0.02059380896191498
RM003073,2,9.875166784150501,85079.56,0.0014968640010510075,0.0004746060746288345,0.014499216987607477,0.004617812638865848,22.0,0.0,117,WY,2015-12-01,Relative lifetime-PD deterioration,0.00011606979142993336,9.748012411509112,11.004714023470408,9.406538259841843,0.020781033000036905
RM001162,2,9.866819165191881,120530.92,0.0006365326561823746,0.0003163232225366991,0.012129925879032721,0.0060454730224809294,21.96341208888889,0.0,230,TN,2015-05-01,Relative lifetime-PD deterioration,8.186131131490477e-05,9.758308528037608,10.832373043602352,9.465805924614717,0.02184058297682637
RM001125,2,9.850077606923938,45959.5,0.0030209163289367873,0.0007602090955152005,0.012776011068566628,0.0032268996857527377,13.0,0.0,51,VT,2015-06-01,Relative lifetime-PD deterioration,0.0002143208173919198,9.680116232278685,11.34837755674643,9.231456065413928,0.034364608436071704
RM000603,2,9.82440669612673,77564.9,0.001125443457342194,0.00028812568830908055,0.02116820828485677,0.005460215422352532,30.0,0.0,228,TX,2015-03-01,Relative lifetime-PD deterioration,0.00012666047008539597,9.720546341446928,10.748976920696878,9.44031198119088,0.02074227901905079
RM000879,2,9.818465129152466,99854.32,0.0019545310113850346,0.000354830979692977,0.008118712117944016,0.001477632004803553,15.0,0.0,50,CA,2015-05-01,Relative lifetime-PD deterioration,9.832789536949894e-05,9.648692020441223,11.314854763399936,9.200698041492576,0.02512586868952694
RM000475,2,9.817447256036594,58357.12,0.0026106943376091696,0.0006117106286644635,0.018346220354210074,0.004324896664250288,15.0,0.0,85,FL,2015-04-01,Relative lifetime-PD deterioration,0.000168230496227994,9.67391832419414,11.089288978004486,9.290606912768812,0.021410301702091458
RM002077,2,9.813662556750966,32315.71,0.0015303994245330504,0.0006141060111521068,0.014444592241612098,0.005818803989259713,35.717363684210525,0.0,114,OH,2015-09-01,Relative lifetime-PD deterioration,0.0003036808585282813,9.675799728946439,11.0359558099705,9.307174694886164,0.043256130873202306
RM003172,2,9.807246518959571,127684.83,0.0013471602813082849,0.00038367559204367904,0.006494483586871658,0.0018530688133576723,12.0,0.0,58,IN,2016-01-01,Relative lifetime-PD deterioration,7.680823570787204e-05,9.6455444372095,11.235058224115077,9.217119568447627,0.025492920083921386
RM001037,2,9.779922148285914,47026.58,0.004298383593680831,0.0006085957869608995,0.017788418615306334,0.002533373315416365,21.0,0.0,50,NE,2015-05-01,Prior default history,0.00020796583864456897,9.618699285642517,11.204026832011351,9.191190064683889,0.021513389445789358
RM002611,2,9.751072186476847,67905.84,0.0017521202228448645,0.00034767759372422496,0.008150336999878438,0.001621461563879989,19.0,0.0,56,AL,2015-11-01,Relative lifetime-PD deterioration,0.00014359695994448855,9.58652678842055,11.202632388466562,9.151485167062022,0.03586318101386438
RM001917,2,9.71077953298794,62335.84,0.0006773696735364291,0.00023899236982955106,0.013070546359961077,0.004630237031341244,30.0,0.0,233,IN,2015-08-01,Relative lifetime-PD deterioration,0.00015578164235835983,9.597199921661478,10.72093268465357,9.291374702950774,0.03036389089880406
RM001573,2,9.68542073790114,55028.89,0.0036388289020163602,0.0011470726254111491,0.01567289890749468,0.004961153694483023,9.0,0.0,52,MA,2015-07-01,Relative lifetime-PD deterioration,0.00017600610766274114,9.519901308584492,11.14528236916901,9.082480975242687,0.02355967137049414
RM001977,2,9.6033435032792,59091.11,0.0016246096134547594,0.0005783331684457563,0.031208295168667965,0.011217369937911559,16.0,0.0,234,TX,2015-09-01,Relative lifetime-PD deterioration,0.00016251756826499283,9.508400483902674,10.450205763814015,9.2510962499737,0.020088197383628364
RM000251,2,9.598504681315603,67144.56,0.001638230753319463,0.00033785468639278816,0.014647828395200069,0.003036586166919819,16.0,0.0,108,NC,2015-03-01,Relative lifetime-PD deterioration,0.00014295282717342409,9.466466783808976,10.769900103338024,9.112913115874953,0.02317954809682863
RM000469,2,9.597780890557834,84498.49,0.0022067173123384827,0.0004046228275798331,0.008980154490891179,0.001651179531023339,15.0,0.0,49,CA,2015-04-01,Relative lifetime-PD deterioration,0.00011358523555341442,9.430641000207752,11.070548141555463,8.989874345465589,0.026059516300495328
RM000797,2,9.561703777636808,143860.66,0.00042966795175074197,0.0002060699204102227,0.008167720207144846,0.003925182475148836,45.0,0.0,229,MD,2015-04-01,Relative lifetime-PD deterioration,6.646503483048672e-05,9.451567720747727,10.540908912633391,9.155231856792053,0.023635652389436497
RM001140,2,9.495192210345067,55452.72,0.0013774334011840068,0.00044198034408309385,0.012669104708278756,0.004080872444063521,44.9167032,0.0,111,IL,2015-06-01,Relative lifetime-PD deterioration,0.00017123041413198608,9.360471124998863,10.689135042603725,9.000581284184035,0.028191329507876617
RM001844,2,9.440757233986814,54221.63,0.0012601192075361674,0.0005875043455466506,0.024185472027227428,0.011345872854103378,15.0,0.0,233,NJ,2015-08-01,Relative lifetime-PD deterioration,0.00017411422773507205,9.333226858222378,10.397339576475366,9.043534707386051,0.022983933013070827
RM002070,2,9.426823305851698,23437.16,0.0043392068111176765,0.0008949516234360228,0.019378689808778105,0.00402097961792558,23.437160000000002,0.0,54,NY,2015-09-01,Relative lifetime-PD deterioration,0.0004022169625437424,9.265250993037975,10.85162745049838,8.838426736269753,0.04076167536062904
RM001556,2,9.421328245037937,39653.36,0.0033056914622359313,0.0004051714896737943,0.014245944167113667,0.0017545578670733475,17.0,0.0,52,WI,2015-07-01,Relative lifetime-PD deterioration,0.00023759217995745978,9.25903072316383,10.85216711691222,8.830534006242104,0.03367125939512265
RM002904,2,9.415950939073987,117812.19,0.00072976487333647,0.0003364374974094206,0.014254707577806891,0.006595868533596838,19.0,0.0,236,GA,2015-11-01,Relative lifetime-PD deterioration,7.99234012972171e-05,9.318916844550465,10.280183162947157,9.056810899727546,0.020496818391605887
RM003023,2,9.401359002403732,48760.42,0.0028713843646412784,0.0006386346781537023,0.013329434270061502,0.002976807725334818,12.0,0.0,56,CA,2015-11-01,Relative lifetime-PD deterioration,0.00019280717849443733,9.243190331074224,10.797042390940431,8.824754060945605,0.03025614437978114
RM002475,2,9.39953970838846,50611.26,0.0012769050809228358,0.0005864013437278977,0.024711580268380606,0.011421336936505933,14.0,0.0,235,NJ,2015-10-01,Relative lifetime-PD deterioration,0.00018572032603789075,9.292479180172384,10.35201891064158,9.004001118641355,0.02349301226563574
RM000589,2,9.391099386869229,42942.53,0.001773178605025254,0.0004605293863735307,0.033301087467616286,0.008751936945087913,19.0,0.0,229,IL,2015-04-01,Absolute lifetime-PD deterioration,0.0002186899418098847,9.2878771262564,10.309707813137853,9.00955446190066,0.021585917293440074
RM001828,2,9.360467513479241,38154.22,0.001717558307801,0.00037506814402156447,0.007563655094522614,0.00165548986927333,12.0,0.0,53,MO,2015-08-01,Relative lifetime-PD deterioration,0.00024533243016052327,9.200273164882864,10.772896604846288,8.777240049961977,0.06736565643777351
RM002055,2,9.355211628282383,98766.18,0.0006848906588529253,0.0002782459980741346,0.006487554738960122,0.002640213288889748,37.67958312138728,0.0,114,WI,2015-09-01,Relative lifetime-PD deterioration,9.472080046309763e-05,9.224897936670537,10.510686541902812,8.87638232394796,0.030823639900958814
RM002086,2,9.324181608183393,31103.25,0.0031752720220570014,0.0005607181038828553,0.029761224049789647,0.005314145671725057,16.0,0.0,114,ND,2015-09-01,Absolute lifetime-PD deterioration,0.00029978158578873246,9.19760133597366,10.447687900768234,8.85830421636646,0.023756800277954484
RM002359,2,9.314084413148658,134999.49,0.0010543176848171834,0.00034814879983117227,0.004910647870716933,0.0016236577218379233,13.0,0.0,56,PA,2015-11-01,Relative lifetime-PD deterioration,6.89934785172052e-05,9.15880943470261,10.684541107008055,8.747820993857475,0.030223618594255052
RM000458,2,9.312667364160728,64862.87,0.003001432501863136,0.0005835923835170785,0.01219925711983827,0.0023808591026173165,14.0,0.0,49,CA,2015-04-01,Relative lifetime-PD deterioration,0.00014357470405118873,9.150278045753486,10.743599459052902,8.722022366798457,0.02426437535599158
RM000158,2,9.306193660125775,66833.35,0.001074801071265364,0.00039020452450951124,0.020312678108676985,0.007420189644644637,16.0,0.0,229,MT,2015-04-01,Relative lifetime-PD deterioration,0.00013924475819520905,9.202310309350345,10.230504360458282,8.922327294913769,0.02213973166557593
RM003111,2,9.301849429933354,6338.4,0.010186836853942678,0.0014257973551130157,0.18378301160801036,0.027901840971207736,2.0,0.0,238,NY,2016-01-01,Absolute lifetime-PD deterioration,0.00146753903665489,9.199370847329293,10.215750237362272,8.921763591305757,0.023696168765247584
RM002418,2,9.280676933433927,67161.77,0.002836292528778768,0.000863587636556538,0.013167379475804819,0.004023699940384873,14.0,0.0,56,MI,2015-11-01,Relative lifetime-PD deterioration,0.00013818392417939442,9.1251376908412,10.653349016951937,8.713528771426105,0.022223232546894615
RM000379,2,9.254230424246018,145785.89,0.0017308578606987067,0.0005236218800282211,0.007048832844916864,0.0021363973039293382,12.0,0.0,49,CA,2015-04-01,Relative lifetime-PD deterioration,6.347823115286408e-05,9.09616733534551,10.648320416070975,8.678457103722002,0.02
RM001770,2,9.252325280356043,58901.87,0.001253593441991642,0.00044129363649244994,0.005524859177814423,0.0019475780758551053,10.0,0.0,53,MO,2015-08-01,Relative lifetime-PD deterioration,0.00015708033175103003,9.094568192410698,10.64344627617411,8.677848973357381,0.05980524029122504
RM001497,2,9.217724754115517,40464.23,0.0033951879343568064,0.000594196603184712,0.031243837325205415,0.0055321244029983285,8.0,0.0,112,TX,2015-07-01,Absolute lifetime-PD deterioration,0.00022779933670097062,9.101882829787343,10.248575300666602,8.789576669997654,0.02
RM000325,2,9.204637216047434,107822.04,0.0007295924638298973,0.00018336465841981603,0.013831589987817638,0.003493413535486045,28.0,0.0,229,OR,2015-04-01,Relative lifetime-PD deterioration,8.536879116781166e-05,9.105990828223982,10.08257203606689,8.8399734987339,0.02100700120752179
RM001788,2,9.198481152648851,39933.6,0.004815465147313014,0.0009684892923853868,0.021094019946247156,0.004270422768870019,11.0,0.0,53,MI,2015-08-01,Relative lifetime-PD deterioration,0.0002303444005210863,9.041919998169833,10.57969070253897,8.627931573987329,0.02283884682986207
RM000566,2,9.185915303144935,30965.3,0.002390204440544318,0.0004089313054545415,0.04445005465450924,0.007741165516001569,19.0,0.0,228,FL,2015-03-01,Absolute lifetime-PD deterioration,0.0002966519072363237,9.083048756795097,10.101217613577063,8.805780067345616,0.021866490406662845
RM001838,2,9.161007780229742,105451.49,0.0005459880441208446,0.00025187068420538756,0.010548137067783903,0.004879163130346642,33.0,0.0,233,CA,2015-08-01,Relative lifetime-PD deterioration,8.687414260556907e-05,9.05596207019147,10.095215233224753,8.773147004028653,0.024048388525636316
RM003439,2,9.151675579564596,139875.29,0.0010324189634242141,0.00040763468011393753,0.005921871765772857,0.0023416313617090623,9.0,0.0,69,UT,2016-12-01,Relative lifetime-PD deterioration,6.542739306967367e-05,9.009526912307509,10.409331831177841,8.631221188634251,0.02455409737364512
RM003263,2,9.14381358246835,55470.79,0.0010800256728432218,0.0002347848757144063,0.005119743482360217,0.0011147373177222697,14.0,0.0,57,MO,2015-12-01,Relative lifetime-PD deterioration,0.00016484015429505061,8.990618998269133,10.495529648149875,8.585392934973099,0.06692291123096562
RM001032,2,9.125402123489058,13756.13,0.013407183014064815,0.0017226961907716581,0.05468883283164938,0.007158346682832217,5.0,0.0,50,ND,2015-05-01,Absolute lifetime-PD deterioration,0.0006633698666332071,8.978743167579513,10.42503468486073,8.587035517492707,0.02130917473882138
RM000832,2,9.048569591099795,150874.49,0.000574357861798215,0.0002602990882186297,0.010856571883549715,0.004934113538140106,15.0,0.0,228,CA,2015-03-01,Relative lifetime-PD deterioration,5.997415196631184e-05,8.956149467240335,9.872011006811887,8.70630182177048,0.02030608852320283
RM001615,2,9.034221693858012,33717.9,0.006417638300675198,0.0020126451887094565,0.027513792508471524,0.008692252900560082,9.0,0.0,52,TX,2015-07-01,Relative lifetime-PD deterioration,0.00026793547919229876,8.880855355141053,10.38764789415225,8.475043565591978,0.021069083945907893
RM002612,2,9.032290616685565,117833.06,0.0017207307814012883,0.00033747062428107717,0.008004783430944018,0.0015738888439408294,17.0,0.0,56,KY,2015-11-01,Relative lifetime-PD deterioration,7.665328063860486e-05,8.882285481010616,10.356464503487107,8.48509101736406,0.020858366613417077
RM002253,2,9.017759574643549,30795.14,0.0024045393399314044,0.00043400903621643226,0.0460515073026746,0.008465155632128685,18.0,0.0,235,TX,2015-10-01,Absolute lifetime-PD deterioration,0.0002928306081623123,8.917752736503044,9.90770486411691,8.648132391147298,0.02161901143520213
RM001477,2,8.993234429863413,43212.18,0.0010550122860042473,0.00039956289075371895,0.02002845461590086,0.007630557477209421,46.96976086956522,0.0,230,IL,2015-05-01,Relative lifetime-PD deterioration,0.00020811804518687586,8.885873313194491,9.947507516817424,8.59717960202835,0.027109854752407687
RM000046,2,8.992866006358346,92626.0,0.0007051193489896615,0.0002065145515701447,0.01325458647988953,0.0038993480920371804,25.0,0.0,227,OH,2015-02-01,Relative lifetime-PD deterioration,9.70879235458548e-05,8.891971980239662,9.890419172427029,8.620153553067384,0.02254919646225263
RM002232,2,8.977488647391066,86282.95,0.0024312830946252167,0.0005567557061726745,0.011094941266850178,0.0025492527365628126,15.0,0.0,55,TX,2015-10-01,Relative lifetime-PD deterioration,0.00010404707589843725,8.827910241954914,10.297866059249966,8.431865622658341,0.020616253566010965
RM002038,2,8.962467853309953,51527.24,0.000901800600173137,0.0004075730572884202,0.017439191553912714,0.007917782598262146,73.0610119402985,0.0,234,NC,2015-09-01,Relative lifetime-PD deterioration,0.00017393650141769583,8.855180903296569,9.915587704826786,8.56702011832079,0.02579575193568364
RM002644,2,8.958280476039258,71254.44,0.0027806509697371868,0.0005289909526965425,0.012910382784190655,0.002466231458086332,16.0,0.0,56,VA,2015-11-01,Relative lifetime-PD deterioration,0.00012572241780356785,8.809138677536051,10.274816453202781,8.414241548519689,0.021059682212214086
RM001648,2,8.95222722892357,44339.65,0.0035225430330606735,0.0007415284583946638,0.01488533915234902,0.0031477005582649653,7.0,0.0,51,DE,2015-06-01,Prior default history,0.00020190117037287327,8.798457874564726,10.308168468646501,8.392282775567576,0.028476388674625226
RM003323,2,8.936669389392401,67654.93,0.0023427719255557835,0.0005396488351512807,0.01127266442330177,0.002605606240155267,18.0,0.0,58,VA,2016-01-01,Relative lifetime-PD deterioration,0.0001320919168698039,8.787622877381796,10.252171427921,8.393108205401484,0.02414714763452372
RM000273,2,8.928205091187037,61906.5,0.0026579654869299534,0.0004488725512184015,0.010589548326401799,0.0017942816471967493,11.0,0.0,48,NJ,2015-03-01,Relative lifetime-PD deterioration,0.00014422080219665199,8.771979973186681,10.304595508866639,8.360132080022968,0.02822928646080684
RM002478,2,8.89594396583703,121081.7,0.0017520526029637532,0.000769265680814422,0.007860098189404696,0.0034570383639469515,11.0,0.0,54,CA,2015-09-01,Relative lifetime-PD deterioration,7.34705902364852e-05,8.746971748789102,10.210676489771245,8.35273053864692,0.020590308883931346
RM000494,2,8.83881466809639,35322.71,0.001926036340556731,0.0003584613939992672,0.036122083410185746,0.006818512346594696,21.0,0.0,229,MI,2015-04-01,Absolute lifetime-PD deterioration,0.0002502303664723457,8.740346826398685,9.714989016975204,8.474926714600732,0.022060053462731686
RM002776,2,8.833993776105078,109932.8,0.0015523992036043071,0.0005039606147978573,0.007352463182319857,0.002391551988577656,12.0,0.0,57,CA,2015-12-01,Relative lifetime-PD deterioration,8.035812583783073e-05,8.687300482334523,10.128952911335658,8.298861439475353,0.02330965859883569
RM000823,2,8.832781098474955,67477.98,0.0009639987817917906,0.00018498115306447136,0.01823684178630358,0.0035241590646990506,20.0,0.0,229,OH,2015-04-01,Relative lifetime-PD deterioration,0.00013089871834448742,8.733794307128518,9.713452081893058,8.467057062897416,0.022482000686831108
RM002503,2,8.823462669348213,28783.24,0.0074847379848317335,0.0009782164048550168,0.03384796929576939,0.004475640535212433,14.0,0.0,55,OH,2015-10-01,Absolute lifetime-PD deterioration,0.0003065486258443529,8.678825740557967,10.102015092727218,8.294653081215689,0.02019051784635618
RM003241,2,8.817936561369988,78842.39,0.00165481637771247,0.0007996919931695335,0.007836025734861085,0.0037928455295209718,14.782948125,0.0,57,NY,2015-12-01,Relative lifetime-PD deterioration,0.00011184258317600453,8.67038320813597,10.120033515154661,8.2799735748739,0.029886930105910543
RM001159,2,8.790672971649045,83787.06,0.0006340681139259823,0.00028665340108119267,0.012135446752965962,0.005503668029249398,67.029648,0.0,231,AR,2015-06-01,Relative lifetime-PD deterioration,0.00010491683288146219,8.68792594028474,9.703660991099113,8.411823809868144,0.023944729946773907
RM000353,2,8.787053211436463,59746.88,0.003513298625815569,0.0007430263446537241,0.013979308209836505,0.0029687944902812013,12.0,0.0,48,VA,2015-03-01,Relative lifetime-PD deterioration,0.0001470713317822866,8.63351519225868,10.139956837812756,8.228624671904704,0.021989520808432923
RM000788,2,8.779348445795538,50651.31,0.001930854703670983,0.0005641475060143996,0.017085784558107497,0.005019096744479201,12.0,0.0,107,CA,2015-02-01,Relative lifetime-PD deterioration,0.00017332914875835468,8.658083189607638,9.855198488824445,8.333357636433412,0.023876865523262836
RM002973,2,8.7758927269252,47806.5,0.0033883946256251713,0.0008200754712101169,0.015992937007772046,0.003889373324376444,13.0,0.0,57,IL,2015-12-01,Relative lifetime-PD deterioration,0.0001835711195533076,8.629140744376535,10.071207706767607,8.240655819498576,0.023909059483030563
RM000634,2,8.768281673985475,61460.02,0.0037857009511696525,0.0005296913228200556,0.015368296840292728,0.002161140639095338,15.0,0.0,49,MI,2015-04-01,Relative lifetime-PD deterioration,0.0001426664305346057,8.618282823544044,10.091377085706165,8.221795596433903,0.020250803692720858
RM002974,2,8.73761496752453,35803.78,0.002999293963170229,0.000613866001129633,0.014166747784642997,0.0029125092381465656,7.0,0.0,57,IN,2015-12-01,Relative lifetime-PD deterioration,0.00024404168966306157,8.591943404889962,10.023530996416369,8.206225809085595,0.036431022157573614
RM003192,2,8.686017849048765,53287.84,0.0013257398246592916,0.0006550152239147823,0.02596815876828884,0.012911316316588262,14.0,0.0,238,MD,2016-01-01,Relative lifetime-PD deterioration,0.00016300187526926906,8.591416951624048,9.527983366822335,8.336285490360787,0.021478485517907764
RM003003,2,8.670172571381576,64165.95,0.0019565915644717837,0.0004588604647190282,0.009259775673910786,0.002177712759025119,9.0,0.0,57,NY,2015-12-01,Relative lifetime-PD deterioration,0.00013512108168556026,8.525678304116353,9.945563783553366,8.143167290316065,0.03099466534356829
RM001672,2,8.617695131204755,50676.96,0.0032269211471695008,0.000768831312430052,0.013908308374933176,0.0033273358390089047,26.338683157894735,0.0,52,OK,2015-07-01,Relative lifetime-PD deterioration,0.00017005154080285706,8.468641658405414,9.931444602306463,8.075333146523896,0.024275400312692874
RM000545,2,8.61758681567921,177244.95,0.0007258324148978159,0.0002897959428780415,0.006573669898660706,0.0026292321370554594,9.0,0.0,109,CA,2015-04-01,Relative lifetime-PD deterioration,4.8619646515622644e-05,8.50788383095019,9.593125532940702,8.212589012958794,0.02
RM000260,2,8.549670223700776,33393.81,0.006018184871452131,0.0008567453949031151,0.023365145090331052,0.0033513958867794624,12.0,0.0,47,MI,2015-02-01,Absolute lifetime-PD deterioration,0.0002560255994659123,8.39940932956435,9.873707236421257,8.003154171201887,0.022599506405847923
RM000210,2,8.541718045245906,45988.77,0.0011191866651749738,0.00030844173321060856,0.02096035046660716,0.0058185954896439185,26.0,0.0,227,KY,2015-02-01,Relative lifetime-PD deterioration,0.00018573486625639057,8.442084667750356,9.427761916689244,8.173861405136623,0.0251506246275034
RM002559,2,8.519728858423958,90751.59,0.0009953172232355385,0.00033873504881896455,0.009662193712759115,0.0032977765672288495,25.0,0.0,117,IL,2015-12-01,Relative lifetime-PD deterioration,9.387966490090101e-05,8.40520988482019,9.535946334531785,8.098401361553668,0.02314814204917328
RM003071,2,8.516213293208818,43942.52,0.0018278169363753838,0.0003619453186211011,0.008803552045878682,0.0017481891777915148,20.0,0.0,58,PA,2016-01-01,Relative lifetime-PD deterioration,0.0001938034799371729,8.373377297205773,9.776507590189404,7.995566685814805,0.04445955397386125
RM002286,2,8.51495485294652,49453.67,0.0030659941209175818,0.0006847327360132294,0.013975483010945755,0.0031345104646808286,20.0,0.0,55,IL,2015-10-01,Relative lifetime-PD deterioration,0.00017218044389721775,8.370357446900224,9.79039667303511,7.988153797492268,0.024865787714492816
RM002245,2,8.514933194883952,93780.2,0.002216264357372628,0.0006637617847660156,0.010117620240378544,0.0030386256260067634,11.0,0.0,55,FL,2015-10-01,Relative lifetime-PD deterioration,9.079670543338521e-05,8.374180242729174,9.757910829636705,8.001161954531781,0.02016387042756587
RM001130,2,8.501818917712109,50212.71,0.002981047047769392,0.0005555875933819301,0.012853837903021192,0.002405317863125811,14.0,0.0,52,NC,2015-07-01,Relative lifetime-PD deterioration,0.0001693160739126032,8.355793886197624,9.78932991713383,7.970170027800854,0.026982732163231844
RM001946,2,8.45330367042294,65430.95,0.0014314995258343807,0.0003487480325060875,0.013399034292877476,0.003279228305536508,29.0,0.0,113,TX,2015-08-01,Relative lifetime-PD deterioration,0.00012919426770393737,8.338198151767727,9.474395967539497,8.030041024605529,0.02281417153300169
RM000776,2,8.417058689584847,105277.58,0.0018814741190419273,0.0004121591963807658,0.007660430643087857,0.001681914303271359,14.0,0.0,49,MA,2015-04-01,Relative lifetime-PD deterioration,7.995110345037231e-05,8.27100622853771,9.704190748332902,7.885729011395398,0.021923122846381635
RM001591,2,8.366085483265774,39762.59,0.001167031339944479,0.0005512592010997377,0.022322855739875913,0.010603993557541824,10.0,0.0,232,MS,2015-07-01,Relative lifetime-PD deterioration,0.00021040091913695195,8.27026189053916,9.218740471588662,8.011963028944525,0.02671600839639518
RM000384,2,8.36339180829519,53393.38,0.003091587454918099,0.00045353916580273415,0.01230912044686594,0.0018129228496870375,9.0,0.0,48,UT,2015-03-01,Relative lifetime-PD deterioration,0.00015663724245019121,8.217200010510888,9.651521596169381,7.831710646083314,0.026496147385433252
RM003122,2,8.342057667037535,162943.05,0.0010961067921226885,0.0004313639419994962,0.005286730911255755,0.00208320264505113,24.78684800498753,0.0,58,MA,2016-01-01,Prior default history,5.1196155141551206e-05,8.209722485349527,9.512258968649409,7.857959346999373,0.020294754489676905
RM000908,2,8.302521861700814,49517.35,0.0036166665341437537,0.0008444192072595466,0.014983375563413448,0.003513712123327628,11.0,0.0,50,CA,2015-05-01,Relative lifetime-PD deterioration,0.00016766894556556066,8.158801459210544,9.569428515083304,7.779455604067544,0.02322827681555829
RM000592,2,8.281697859006282,47269.95,0.003852625707445482,0.0007495594533764691,0.015638367681492737,0.003057166085051133,14.0,0.0,49,MI,2015-04-01,Relative lifetime-PD deterioration,0.00017520005540531104,8.137335890202387,9.553894368003892,7.7565434471705395,0.023031148528421343
RM002589,2,8.26437435723216,35333.6,0.003200138159849764,0.0006681202105517631,0.014846610523943093,0.003114077514983604,18.0,0.0,56,KY,2015-11-01,Relative lifetime-PD deterioration,0.00023389562221885573,8.124616561757236,9.497340497175163,7.755061450555544,0.0318514792707833
RM000862,2,8.24120380775237,77657.99,0.0018742751808475948,0.0003471963005110458,0.007786335843197212,0.0014458561875827503,12.0,0.0,50,WA,2015-05-01,Relative lifetime-PD deterioration,0.00010612177585013943,8.098608249007343,9.497997632446875,7.722364539568104,0.028388779334177147
RM002704,2,8.233300408255413,37327.17,0.004080118835129714,0.0005293397644185963,0.01889864274195341,0.0024678560899972224,17.0,0.0,56,KS,2015-11-01,Prior default history,0.0002205712463134873,8.097093457962249,9.4360628821931,7.736169933655973,0.023148003511516208
RM002144,2,8.223320207551428,54161.65,0.0025125961930073746,0.0005684403561775544,0.011257070892703114,0.002555438202968663,15.0,0.0,54,OH,2015-09-01,Relative lifetime-PD deterioration,0.00015182920401338268,8.08335300483091,9.4577774481832,7.713484712501267,0.0277169559382774
RM003099,2,8.200829068802438,59531.11,0.00208563754617865,0.000488784881407486,0.00986811118931441,0.0023196013417793315,14.0,0.0,57,NJ,2015-12-01,Relative lifetime-PD deterioration,0.00013775703273133052,8.063542362336408,9.412366300654027,7.700270686784826,0.02895924193818001
RM003304,2,8.184055321719732,57973.22,0.0033209854681906987,0.0007577223916291638,0.01594957881686987,0.0036570098988052413,12.0,0.0,58,NV,2016-01-01,Relative lifetime-PD deterioration,0.000141169583502861,8.05156945848873,9.355123027857722,7.699720393113952,0.020110538724329493
RM001039,2,8.171741767170111,33709.34,0.0060619877617186825,0.0007014699205038994,0.025016909145278654,0.0029195467501996752,10.0,0.0,50,AZ,2015-05-01,Absolute lifetime-PD deterioration,0.00024241773250885696,8.031631406876379,9.407654598555157,7.661254529474639,0.020887219019175007
RM002048,2,8.13275297782859,46507.59,0.0015821810583261501,0.0005849596598015008,0.03040513875972428,0.011345203143615756,14.0,0.0,234,FL,2015-09-01,Relative lifetime-PD deterioration,0.00017486937030769794,8.045630062436462,8.908319774186255,7.810560365912489,0.020809248084928393
RM000584,2,8.122927369682946,58665.71,0.0013848539209356124,0.00022979388452781362,0.026099313488948117,0.004376133922321612,11.0,0.0,229,VA,2015-04-01,Absolute lifetime-PD deterioration,0.0001384612471183413,8.0432537672259,8.833806558051752,7.8271856427677635,0.020052270274162873
RM001488,2,8.113412956920778,32925.08,0.0006083696065360703,0.00030099983877119235,0.011696450029267336,0.005803301612610334,61.25596279069768,0.0,232,IN,2015-07-01,Relative lifetime-PD deterioration,0.00024642044778390145,8.013801682644328,8.998526535525883,7.746133243915566,0.045601687782798425
RM000154,2,8.10870408288656,61488.99,0.0012672283401385356,0.0004761322715514931,0.023701537696806052,0.008968521099972926,17.0,0.0,227,OR,2015-02-01,Relative lifetime-PD deterioration,0.00013187245526209747,8.023953258835654,8.863497460042515,7.795052311026968,0.020422298961716153
RM001560,2,8.102028734070228,33781.09,0.006206780470909255,0.0013300519965832465,0.026619159299580364,0.005750795475160886,14.0,0.0,52,MN,2015-07-01,Absolute lifetime-PD deterioration,0.00023983917434488433,7.966692998551011,9.29733946427764,7.607915047860658,0.020101929569121935
RM002369,2,8.078647660767116,63748.45,0.002222570506087785,0.0005265184813825033,0.010146294215708451,0.0024109342474731843,10.0,0.0,55,CA,2015-10-01,Relative lifetime-PD deterioration,0.00012672696607944376,7.942508835547984,9.279818800546602,7.582433991718299,0.026339360607990876
RM000350,2,8.077616697144089,90664.04,0.002460609680478481,0.000485644853072427,0.009806170677287174,0.001941164764853398,19.0,0.0,48,TX,2015-03-01,Relative lifetime-PD deterioration,8.909394173416593e-05,7.9391563762131545,9.298764316652232,7.57328323603909,0.02
RM000622,2,8.058484075840104,126426.21,0.001691025121188161,0.00033941176612127056,0.006887039009703888,0.0013852063470606302,16.0,0.0,49,MI,2015-04-01,Relative lifetime-PD deterioration,6.374061261379348e-05,7.920293176142525,9.277006720041816,7.555299937736264,0.020236509666449336
RM001549,2,8.049801952893606,88316.34,0.0024012248446865043,0.0009147984664836681,0.01016545663583468,0.0038821179083887714,16.0,0.0,51,TX,2015-06-01,Relative lifetime-PD deterioration,9.11473681188963e-05,7.914250507667758,9.246136762760548,7.555495518660631,0.02
RM001782,2,8.043103950773963,94243.56,0.0018487220467882455,0.00043701463772233246,0.008139439845408214,0.0019287075063204595,19.0,0.0,53,IL,2015-08-01,Relative lifetime-PD deterioration,8.534380440184945e-05,7.906102699861991,9.251278888843247,7.544155574466498,0.02198478014808692
RM000019,2,8.011558502139076,138530.67,0.0015556074021235752,0.000417676498123278,0.0060789873101826375,0.001634903438156754,12.0,0.0,47,CA,2015-02-01,Relative lifetime-PD deterioration,5.783238110476962e-05,7.87189582095338,9.242160500010382,7.503621721098419,0.020550963468639497
RM001300,2,8.005506814997226,59021.28,0.0035696975467671946,0.0004406049612877473,0.01508344537110129,0.0018712307992809762,16.0,0.0,51,TX,2015-06-01,Relative lifetime-PD deterioration,0.00013563763468019035,7.870996389554758,9.192939644324307,7.51480370599407,0.02
RM001901,2,7.965011415595504,35469.61,0.0034488562209663495,0.0006659520819196243,0.015142950863837434,0.0029379439464414236,11.0,0.0,53,CA,2015-08-01,Relative lifetime-PD deterioration,0.0002245587536935282,7.828978854573429,9.16475813239356,7.469513722117482,0.03074959967687351
RM000267,2,7.963711380732704,41743.89,0.0019812714296343807,0.0003630177666533862,0.036980384410345346,0.006874849150618312,7.0,0.0,228,TX,2015-03-01,Absolute lifetime-PD deterioration,0.00019077549746160944,7.88542764881031,8.662434192034464,7.67296361788599,0.02
RM000848,2,7.96297206192672,120599.28,0.0006178740103196018,0.00019939677695458347,0.011725454627345422,0.003798302708396206,28.0,0.0,229,MN,2015-04-01,Relative lifetime-PD deterioration,6.602835491162733e-05,7.882914282508577,8.676405118395571,7.666394254992787,0.020287724115927934
RM001826,2,7.932509692607756,67669.88,0.0029275843637257574,0.0005137824911479922,0.012865649121767575,0.0022672151179647937,16.0,0.0,53,VA,2015-08-01,Relative lifetime-PD deterioration,0.00011722364060062993,7.799998851468862,9.102340896127819,7.449067225860924,0.02020526233454874
RM000077,2,7.9126787887101795,54421.06,0.004021823612012698,0.0007148306773038696,0.015659990827438408,0.002796836183870055,12.0,0.0,47,FL,2015-02-01,Relative lifetime-PD deterioration,0.00014539736617975063,7.77539919726335,9.12288302519403,7.413003830247555,0.020273293052287082
RM002188,2,7.905202554011007,35610.57,0.004075497720181127,0.0006892713491303638,0.018543446976774014,0.0031552612774747857,14.0,0.0,55,MI,2015-10-01,Relative lifetime-PD deterioration,0.00022199034034026994,7.771505080986377,9.084866778779855,7.417864802098857,0.024545458178855582
RM002353,2,7.898101375057008,26408.47,0.004021417989352731,0.0011854726277094653,0.01829915855782427,0.0054218875627832785,10.0,0.0,55,IN,2015-10-01,Relative lifetime-PD deterioration,0.00029907455354501823,7.764666186790424,9.075509289999275,7.411680565007979,0.03400402451653736
RM000394,2,7.8707715511539345,112340.42,0.0010605942236339059,0.0004553537150839305,0.009504953103276814,0.0040907268690942855,13.0,0.0,108,MD,2015-03-01,Relative lifetime-PD deterioration,7.006179566672382e-05,7.770033658823604,8.766527409129687,7.498911532019161,0.02
RM000053,2,7.860341143038934,49467.13,0.004518593147049327,0.0005607392375434336,0.0175815376426941,0.002194433369286042,12.0,0.0,47,AZ,2015-02-01,Relative lifetime-PD deterioration,0.0001589002867770767,7.724811234137328,9.055614685858655,7.3667013633202085,0.02
RM000771,2,7.845103792184617,53085.94,0.001317505448750299,0.0005994079110858976,0.02484512342552425,0.011376918347654086,18.0,0.0,229,TX,2015-04-01,Prior default history,0.00014778119766146398,7.7636361907868086,8.570552081275062,7.543673418687066,0.020674636260678458
RM003394,2,7.8419794244274135,31444.45,0.005960754022819529,0.0015360194429659187,0.028483007619912293,0.00740226885004025,9.0,0.0,58,CO,2016-01-01,Absolute lifetime-PD deterioration,0.00024939152773947117,7.71566354087229,8.959146481871734,7.379770383234989,0.020040441541210364
RM003408,2,7.802506946188676,100528.11,0.0006790239888588863,0.0002645428896386048,0.013381543810676244,0.0052337175560027704,19.0,0.0,238,NC,2016-01-01,Relative lifetime-PD deterioration,7.761517595614476e-05,7.720080377488474,8.536285717843077,7.497669398313909,0.020812038890253483
RM000982,2,7.75931342209639,62246.25,0.0013888260051066919,0.00034397209169976254,0.005774062809019598,0.0014324366804189248,23.66654296875,0.0,50,AL,2015-05-01,Relative lifetime-PD deterioration,0.0001246551145184873,7.6236965243464425,8.953931805245526,7.26631698433337,0.04269352095852235
RM000420,2,7.754312085485806,26384.38,0.002515205614410269,0.000508971596178421,0.046922419096598555,0.009668305733446347,6.156355333333334,0.0,229,CA,2015-04-01,Absolute lifetime-PD deterioration,0.0002938978321827462,7.668790988624323,8.515573786304106,7.438074093295092,0.021449445738382394
RM002366,2,7.741723003699846,70136.45,0.002595754300526305,0.000996949829256588,0.011842000104292372,0.004561198600959937,9.0,0.0,55,MI,2015-10-01,Relative lifetime-PD deterioration,0.00011038087903935609,7.6124351087496605,8.882902543802933,7.270173143131991,0.020670821983260288
RM002136,2,7.662160041595227,45754.38,0.0021417263498038695,0.0009286048459497707,0.009601710432791788,0.004171936392507236,14.078270769230768,0.0,54,WI,2015-09-01,Relative lifetime-PD deterioration,0.00016746287550165094,7.531691997042836,8.812770215940104,7.1869715535489735,0.0358382963419305
RM002116,2,7.640552495510779,83211.01,0.0011957509489649385,0.000390083828315806,0.00536963065016316,0.0017541793144255635,15.0,0.0,54,PA,2015-09-01,Relative lifetime-PD deterioration,9.182141276149369e-05,7.510741961062845,8.785366604685285,7.167757038288632,0.035644570238436334
RM000411,2,7.63415696857627,103384.64,0.0020137729855104003,0.0005305329449491,0.008197413477395776,0.002164571648685887,12.0,0.0,49,CO,2015-04-01,Relative lifetime-PD deterioration,7.384227452527057e-05,7.503813370934316,8.783824617721505,7.159317113460549,0.02
RM001257,2,7.632069073433196,122865.37,0.0016207176871472155,0.0005277643830109671,0.006869931384871353,0.0022410757550613836,16.0,0.0,51,IL,2015-06-01,Relative lifetime-PD deterioration,6.211733276376571e-05,7.503317267281161,8.768179514320336,7.162702135705599,0.020051515365133023
RM000516,2,7.6254271209871956,64923.03,0.0009732642798423015,0.0002357853908857589,0.01833093257369145,0.004470428414581673,28.0,0.0,228,IA,2015-03-01,Relative lifetime-PD deterioration,0.00011745334623148667,7.542153312707708,8.366351961338387,7.317723722583306,0.02131261054030303
RM001693,2,7.625370607641569,80333.14,0.002456475426433921,0.00044466925785688723,0.010601229195063233,0.00192547255579667,16.0,0.0,52,MI,2015-07-01,Relative lifetime-PD deterioration,9.492185426390116e-05,7.497773793831236,8.751786588988773,7.1598785458494945,0.02000640126773723
RM002630,2,7.622530192869222,147128.12,0.0009970828406135534,0.0004101033097770327,0.004727297218318549,0.001946493389236692,19.640889805825243,0.0,57,KY,2015-12-01,Relative lifetime-PD deterioration,5.1808792179694966e-05,7.495758115406594,8.741472016255402,7.160177478530386,0.023022773548197734
RM001818,2,7.603966234739129,55708.22,0.003296511010682581,0.0008712850750838394,0.014477814867134176,0.0038424519679615132,24.83378481927711,0.0,53,CO,2015-08-01,Relative lifetime-PD deterioration,0.00013649630583671725,7.476645703756998,8.727840913614214,7.139551151163338,0.020457502141368076
RM003109,2,7.599366351938167,134838.98,0.0013269491756111203,0.0004870824578962381,0.006397296311090983,0.0023520350393197997,17.0,0.0,58,FL,2016-01-01,Relative lifetime-PD deterioration,5.635882407252092e-05,7.476704977586584,8.68352057973787,7.150996528981067,0.02
RM001438,2,7.56302627419085,30798.84,0.0023415056794271103,0.0010609501506884413,0.044123766658783925,0.020226770061675947,6.0,0.0,231,IL,2015-06-01,Absolute lifetime-PD deterioration,0.0002455620495509198,7.48472402392497,8.260674817725725,7.273046522574281,0.020428550431908374
RM001009,2,7.548531795224575,117490.36,0.0007728779613676443,0.0003513954629557748,0.00706239709727563,0.003216507075793573,27.451018691588786,0.0,110,GA,2015-05-01,Relative lifetime-PD deterioration,6.424809486688588e-05,7.445990119483147,8.458226312274881,7.171431338798586,0.022075032719410945
RM000915,2,7.5394537582038925,40706.27,0.00279680238596937,0.0007150990608602892,0.011601843270144463,0.0029762075626803552,23.549081818181815,0.0,50,NC,2015-05-01,Relative lifetime-PD deterioration,0.0001852160308032127,7.407479645505197,8.702067234903733,7.059643215796425,0.03140367269815864
RM000070,2,7.534979788795038,28616.12,0.006399324451732017,0.0010451596266612946,0.02483106951398595,0.004087306696176296,7.0,0.0,47,IL,2015-02-01,Absolute lifetime-PD deterioration,0.0002633124193215236,7.402974925621739,8.69839853151865,7.054696708296823,0.022181549259925135
RM002429,2,7.528057369292886,24349.73,0.004109717022832203,0.0010560674120447114,0.019034705012044295,0.004918781716637288,23.051077733333333,0.0,56,NC,2015-11-01,Relative lifetime-PD deterioration,0.00030916389501209606,7.400241265685893,8.65556730678496,7.062333662601304,0.032040326409309025
RM000502,2,7.524667077853709,25350.05,0.001683550798515284,0.0004328011032200862,0.015050320645552118,0.003888473329900388,29.3109953125,0.0,108,PA,2015-03-01,Relative lifetime-PD deterioration,0.00029683046297161974,7.418141030568089,8.469049545077471,7.133359001708116,0.040964881045593995
RM000247,2,7.521730221099183,60484.24,0.002334844575134641,0.00039165493961511647,0.009306720189292794,0.0015656996371961052,14.0,0.0,48,NE,2015-03-01,Relative lifetime-PD deterioration,0.00012435851423609165,7.389784916814484,8.684018889358798,7.04207236174103,0.027321689246406516
RM001209,2,7.50693315303057,46984.34,0.004290082819268957,0.00048058696188475384,0.01775430019298696,0.0020009224836164963,18.0,0.0,50,GA,2015-05-01,Relative lifetime-PD deterioration,0.00015977521772212976,7.380105416338507,8.626395118045334,7.044357953114867,0.02
RM001535,2,7.499529833328027,35060.6,0.0032248968192337786,0.0005467249775464436,0.013899630259238904,0.0023669837057284093,14.0,0.0,52,KY,2015-07-01,Relative lifetime-PD deterioration,0.00021390192504771815,7.370518210030588,8.636973895076181,7.0298631323979395,0.03136692883489473
RM000241,2,7.474006305843426,64823.88,0.000869061152729907,0.000319021955850796,0.01638364501641254,0.006044045056572744,20.0,0.0,228,SC,2015-03-01,Relative lifetime-PD deterioration,0.00011529711436346338,7.389816708914178,8.222932111174163,7.16301838050124,0.02237212073100772
RM000972,2,7.408871912309536,59252.99,0.0033549236646684298,0.0004533466873319581,0.01390477322779582,0.0018875890920833083,14.0,0.0,50,TX,2015-05-01,Relative lifetime-PD deterioration,0.00012503794175297374,7.2834574381135,8.515637305249276,6.951601280421166,0.02
RM001820,2,7.399946680484936,22961.57,0.0035103043371174513,0.0006311722585022859,0.015411133746648376,0.0027846731824939797,14.813916129032258,0.0,53,PA,2015-08-01,Relative lifetime-PD deterioration,0.00032227529217230947,7.273141635029307,8.518128310814687,6.938183352270829,0.04237778308643199
RM001636,2,7.393151992166433,53983.69,0.0010974568954781427,0.0005144236779818423,0.02109497764022461,0.009941219224299136,20.0,0.0,233,VA,2015-08-01,Relative lifetime-PD deterioration,0.00013695158652856878,7.311672655426646,8.118130850223567,7.092065643226709,0.02164349993420139
RM001831,2,7.389287260253099,94236.73,0.000976694474078723,0.00045541726078954014,0.00915949456218823,0.00428030264763013,11.0,0.0,113,CA,2015-08-01,Relative lifetime-PD deterioration,7.841196591024645e-05,7.290961494144533,8.262172104413036,7.027291575579379,0.021630485857082625
RM001919,2,7.331804941532039,54296.63,0.0031719560028610973,0.0006393711303336741,0.014194778423604393,0.002873952537235769,16.0,0.0,54,FL,2015-09-01,Relative lifetime-PD deterioration,0.00013503241253705873,7.2088562486365495,8.41691593533514,6.883453325123689,0.0207160840168137
RM002558,2,7.328593041268451,25278.39,0.002479699920272611,0.0004457710767953033,0.04765507744804365,0.00873045208433243,18.0,0.0,236,MI,2015-11-01,Absolute lifetime-PD deterioration,0.000289915340386332,7.250081946548021,8.027578014289652,7.03819381478545,0.021061230981368282
RM002360,2,7.326569358962993,27073.79,0.005489885313986377,0.0010105880232044013,0.02491564751975084,0.004623482448651517,13.0,0.0,55,TX,2015-10-01,Absolute lifetime-PD deterioration,0.0002706148403663836,7.203030008521797,8.416894447061729,6.876063064864687,0.02270038175698722
RM001195,2,7.319755927104818,94043.94,0.0006890398990756282,0.0002352241939345943,0.01318095018420995,0.004518359731861876,22.0,0.0,231,IL,2015-06-01,Relative lifetime-PD deterioration,7.783336094919904e-05,7.241808659741324,8.013573362238196,7.031541963258429,0.020819057339570637
RM002351,2,7.317557880847492,29027.94,0.002352088618183952,0.0006516976741381372,0.010735067752848604,0.0029834619950579455,23.222351999999997,0.0,55,PA,2015-10-01,Relative lifetime-PD deterioration,0.00025208670959246476,7.192507669902042,8.420166146947976,6.8622516727748115,0.046473061516117936
RM003265,2,7.300762087791879,27590.26,0.005857022274738042,0.001485307453554511,0.027992899184108078,0.007158577255965248,13.0,0.0,58,TX,2016-01-01,Prior default history,0.00026461374730763247,7.181262443370799,8.356704008447492,6.864129765657181,0.020790272099825032
RM001146,2,7.288434347239711,120958.0,0.0006840474723373688,0.00018944770238424487,0.006309614493952065,0.0017510224295506083,27.0,0.0,111,MD,2015-06-01,Relative lifetime-PD deterioration,6.0255909879790596e-05,7.189398579006157,8.167053640102003,6.9242085546775405,0.022671302982986793
RM000628,2,7.282174815099253,34871.5,0.003403239754970547,0.0005715583064352283,0.01382382393230086,0.002331807411703468,14.0,0.0,49,KY,2015-04-01,Relative lifetime-PD deterioration,0.00020882883773566533,7.154964833216374,8.40305711681115,6.819524286326623,0.030580136460891444
RM000327,2,7.273027594232639,59433.04,0.0029460609441088245,0.0006060946537095948,0.011732270329280703,0.002422175400925375,15.0,0.0,48,MI,2015-03-01,Relative lifetime-PD deterioration,0.00012237347432055704,7.145778285096661,8.394129047690186,6.810320021065406,0.021778057647304668
RM001760,2,7.269070516047538,136143.23,0.0011484945584813713,0.000433551183212597,0.00506257449909342,0.001913433320112623,20.081126425,0.0,53,CA,2015-08-01,Relative lifetime-PD deterioration,5.3392816639119974e-05,7.145541827534934,8.35850115485784,6.819143396856039,0.02209828478034313
RM003327,2,7.241981765296876,121217.17,0.0007929408814263348,0.0002937247701615847,0.007770001273086358,0.002884549507320755,22.0,0.0,118,IL,2016-01-01,Relative lifetime-PD deterioration,5.974386108252549e-05,7.150427443536621,8.055662982493299,6.904301669841953,0.020436935679342523
RM001434,2,7.186332863126635,62849.44,0.0008678103146274656,0.00021578653912829104,0.01650256812504336,0.004127812034256606,29.0,0.0,230,OK,2015-05-01,Relative lifetime-PD deterioration,0.000114342034919112,7.105740878998187,7.903164267543328,6.888695657214001,0.022111582209301112
RM000777,2,7.1861720377382845,60293.96,0.0023043229660855355,0.00038430392983625043,0.009375945649577888,0.0015683115689476557,12.0,0.0,49,MT,2015-04-01,Relative lifetime-PD deterioration,0.0001191856039599702,7.060958039450491,8.289485657653032,6.730768234109911,0.026242813563394002
RM001222,2,7.157629637991751,128024.88,0.0007025475198481861,0.00032516033775623434,0.0064215751923827336,0.0029766819975814984,11.0,0.0,110,NY,2015-05-01,Relative lifetime-PD deterioration,5.590811440707268e-05,7.061552827760062,8.010440469078318,6.803987252294235,0.021813361736195875
RM002977,2,7.130055723844544,46702.8,0.003154880448314868,0.0006502105912485008,0.014897291821970637,0.003084737222755707,13.0,0.0,57,TX,2015-12-01,Relative lifetime-PD deterioration,0.00015266869917530734,7.011203776486405,8.179176281623342,6.696531264426893,0.021885139905554248
RM001374,2,7.12461502926536,42957.93,0.0017557038411427882,0.00041398872302747666,0.016267207382261506,0.0038572364517841518,20.0,0.0,112,IL,2015-07-01,Relative lifetime-PD deterioration,0.0001658509855867208,7.026981875118085,7.990780882644999,6.765554284726786,0.023797123604128605
RM000778,2,7.121931578260501,127854.11,0.0014955165123855096,0.0005461033356510394,0.006092627525466909,0.002228045273730883,18.219210675,0.0,49,VA,2015-04-01,Relative lifetime-PD deterioration,5.5703579480241195e-05,7.0001969837218105,8.195525314104781,6.678548744737781,0.020091207859189098
RM002241,2,7.069245619890397,56257.48,0.0011783723795794822,0.0003908790429546703,0.022825530504795855,0.007626976886488057,21.0,0.0,235,TX,2015-10-01,Relative lifetime-PD deterioration,0.00012565876786323164,6.996663940585869,7.715788414121301,6.800543735310361,0.020394725232686088
RM002393,2,7.056812803985182,100065.7,0.0017060300884416903,0.0003997635219583481,0.007795438882947425,0.001830937591511761,14.0,0.0,55,TX,2015-10-01,Relative lifetime-PD deterioration,7.052179522039203e-05,6.940270067184448,8.085975591958263,6.6314239013342435,0.02017146759274401
RM000278,2,7.032598301666308,48628.24,0.0033525006950415647,0.0006476566875480218,0.01334271780690377,0.002588111081568978,11.0,0.0,48,GA,2015-03-01,Relative lifetime-PD deterioration,0.000144619634633421,6.909529164569119,8.116933704773828,6.585048653887223,0.02251685486603537
RM002069,2,7.008534419087636,61044.7,0.0023352024360275806,0.0005693876031678649,0.010465550740485052,0.002559692332751884,9.0,0.0,54,MA,2015-09-01,Relative lifetime-PD deterioration,0.00011480987569908012,6.88991608820433,8.054968927652967,6.576283269265564,0.02317765245455775
RM000188,2,7.004671948129694,61877.07,0.0011471959848675735,0.0002196364874676646,0.02157313397099947,0.004164854447809785,12.0,0.0,228,CO,2015-03-01,Relative lifetime-PD deterioration,0.00011320303220772564,6.936525131311355,7.612930220086029,6.751564389639383,0.02
RM000395,2,6.985911535925084,16861.81,0.00553117738410737,0.0016119406685729779,0.022393786649044012,0.006565752374166789,19.088841509433966,0.0,49,MI,2015-04-01,Relative lifetime-PD deterioration,0.0004143037749758231,6.863587097691766,8.06385683834678,6.540954412573479,0.036456075082598086
RM002248,2,6.974397231102767,48593.73,0.0030487794939819367,0.0006739899599193127,0.013897443633126172,0.003085392499011186,20.00918294117647,0.0,55,MI,2015-10-01,Relative lifetime-PD deterioration,0.00014352463231578983,6.856845980776815,8.01155142121979,6.5459445765977184,0.02174541216847138
RM001999,2,6.953526000452641,70046.03,0.000872061390814728,0.0003268705233137549,0.016868718846226205,0.006354739854345981,27.0,0.0,234,TX,2015-09-01,Relative lifetime-PD deterioration,9.927080807367156e-05,6.879946160564752,7.60848457893592,6.681449945970073,0.020785074089351294
RM001683,2,6.951402123774133,34485.51,0.0037692409252746387,0.000729167377126507,0.015611697485557574,0.0030346916069811103,16.0,0.0,50,MD,2015-05-01,Relative lifetime-PD deterioration,0.0002015745779538749,6.830347733365078,8.01820891777418,6.511028781117242,0.0261432828920244
RM000191,2,6.942177575366272,68124.23,0.001940289869858569,0.00035174327043402756,0.007738600335216228,0.0014062309158265895,10.0,0.0,48,NJ,2015-03-01,Relative lifetime-PD deterioration,0.00010190467584538236,6.820746909330458,8.011959054588619,6.500665807785855,0.027492293069163915
RM002377,2,6.909303175398314,139371.97,0.0012447817813861018,0.00047430902527846646,0.0055893284996045844,0.002132619682598813,11.0,0.0,54,NJ,2015-09-01,Relative lifetime-PD deterioration,4.957455344427085e-05,6.794808709855019,7.920263917166218,6.491467709946531,0.02
RM002431,2,6.90671220484907,57526.05,0.0020924143876290715,0.0005731000879276438,0.0097272121677906,0.0026716584897255036,12.0,0.0,56,NC,2015-11-01,Relative lifetime-PD deterioration,0.00012006234053701009,6.79059732001515,7.931256533623887,6.483452183250577,0.0258041667394374
RM002795,2,6.871216353818625,99847.52,0.0013320031066368448,0.00028941973554344377,0.006200852917479516,0.0013499089711777046,21.0,0.0,56,OH,2015-11-01,Relative lifetime-PD deterioration,6.881709584593212e-05,6.755637743312085,7.8908880003545505,6.450006230489894,0.022982029476292444
RM002028,2,6.870841017564002,36612.75,0.0025475413513015048,0.000488635386286886,0.011412935988429407,0.0021969797330313456,24.313154296875,0.0,54,WI,2015-09-01,Relative lifetime-PD deterioration,0.00018766252241538814,6.752869254757045,7.910876029603059,6.4414155494648675,0.03233010976060056
RM000793,2,6.864984725636088,78802.69,0.0023841276342937896,0.0005714419392773029,0.009699465068038982,0.0023313330826122414,9.0,0.0,49,CO,2015-04-01,Relative lifetime-PD deterioration,8.711612161508811e-05,6.747722255749037,7.8992896736700144,6.437788044655709,0.02
RM001583,2,6.859950518231615,78554.1,0.002004555321773673,0.00040386231797914015,0.008657430973216362,0.0017488924356395819,19.0,0.0,52,IA,2015-07-01,Relative lifetime-PD deterioration,8.7327720873024e-05,6.745265216915978,7.872128011372141,6.441734745010818,0.020792199175052015
RM003005,2,6.825333048011844,30332.08,0.003209195774321932,0.000557950589913256,0.015152224470024733,0.0026474941252569995,15.0,0.0,57,OH,2015-12-01,Relative lifetime-PD deterioration,0.0002250202771459077,6.710647234188081,7.83736860157543,6.407214278915598,0.030404963084308376
RM001974,2,6.8222682184669,86890.06,0.0012305544018451442,0.00027120330532281475,0.0054235345956977765,0.001197259765470915,9.0,0.0,53,WA,2015-08-01,Relative lifetime-PD deterioration,7.851609514905272e-05,6.706417485926877,7.844053747177012,6.400260039670231,0.03081468220289874
RM003116,2,6.8051356384255755,36545.64,0.0035462964678848285,0.00048776892194280484,0.016733264819612126,0.0023147843646299515,10.0,0.0,57,TX,2015-12-01,Relative lifetime-PD deterioration,0.00018620923421851622,6.70080408057997,7.73015488007744,6.42182691888763,0.020162690331445562
RM002378,2,6.7867847281473725,45104.66,0.003485527591117938,0.0006452519682448911,0.015875869389489594,0.0029539877675894832,17.0,0.0,55,TX,2015-10-01,Relative lifetime-PD deterioration,0.00015046748447161272,6.673642993785317,7.785591615908709,6.374027365492559,0.02070802126876496
RM000264,2,6.7738779856246065,50093.73,0.0017706150380508458,0.00034895887568453163,0.015823137597471004,0.003136249646059963,13.0,0.0,108,NC,2015-03-01,Relative lifetime-PD deterioration,0.00013522406867335705,6.682608373990483,7.583963042739348,6.437967495587999,0.021343506241803298
RM001800,2,6.763149047932067,101310.22,0.0017031449732563143,0.0005201970148732296,0.007500367435661404,0.002295495919310664,11.0,0.0,53,TX,2015-08-01,Prior default history,6.675682915240008e-05,6.6504639033315325,7.757988515976551,6.352014644269708,0.02
RM000782,2,6.755307274003279,38817.91,0.0027144706760197693,0.0011533738050982561,0.011037791173832967,0.004701242167888475,13.988436036036038,0.0,49,TN,2015-04-01,Prior default history,0.000174025527752609,6.638790891533873,7.782431198619654,6.331233838398621,0.030940233874415007
RM003316,2,6.750636650230414,36195.11,0.0032043557557629226,0.0005789306675239559,0.01565619250631367,0.0028431838455235114,13.0,0.0,59,MI,2016-02-01,Prior default history,0.00018650686930445613,6.638626528789813,7.739543736176183,6.3419468224658075,0.02474698667740346
RM000859,2,6.73786917949519,100954.31,0.0006633360157656939,0.00017919806529676503,0.012692220987009284,0.003443927900690369,13.0,0.0,231,NV,2015-06-01,Relative lifetime-PD deterioration,6.674176842469817e-05,6.672969723852072,7.317183594486222,6.496795047549304,0.02
RM000663,2,6.724168892160245,49031.46,0.0017526170773157624,0.00039861704923757835,0.007282332325425633,0.0016598564043083242,13.0,0.0,50,PA,2015-05-01,Relative lifetime-PD deterioration,0.0001371398871695896,6.607309422818723,7.753890582317953,6.299134769067209,0.03871480673044571
RM002354,2,6.714173430231865,26951.97,0.004262808286384566,0.0010967189472094443,0.019389197034565875,0.005016760734178227,9.0,0.0,55,NC,2015-10-01,Relative lifetime-PD deterioration,0.00024911624012017913,6.600873317940721,7.713996423912497,6.301096188707204,0.026805215084218473
RM001011,2,6.6931817908603986,46992.62,0.001992312379776588,0.0005929272852945729,0.018114995009356538,0.00542202621437704,18.0,0.0,110,TX,2015-05-01,Relative lifetime-PD deterioration,0.00014243048782682042,6.605289691618181,7.473801197148767,6.369356151401132,0.02056681416424813
RM003259,2,6.689059180636403,46032.92,0.0024157100548345607,0.0006994436840508427,0.01162199427510524,0.0033761153724749526,13.0,0.0,58,ND,2016-01-01,Relative lifetime-PD deterioration,0.00014531033835429955,6.57748396221058,7.673847353317188,6.2821447066528044,0.026022705993297333
RM001082,2,6.679724596847962,122750.06,0.001423406807819904,0.00041946931396030687,0.006035501201596238,0.0017815297807785013,14.0,0.0,51,OH,2015-06-01,Relative lifetime-PD deterioration,5.4417281725548344e-05,6.566833700785331,7.67576072322383,6.268257925033846,0.02006843682912136
RM002566,2,6.679432980495072,37085.6,0.002012140177798938,0.0005215987407308634,0.009355410451579615,0.0024318008663881674,12.0,0.0,56,IN,2015-11-01,Relative lifetime-PD deterioration,0.0001801085321659909,6.566880963552162,7.67242355820436,6.269239007933761,0.03993869399253819
RM001791,2,6.678408340044619,46017.03,0.0025348428887471057,0.0004423591451147606,0.011147174248475666,0.0019522769720148325,14.0,0.0,53,MA,2015-08-01,Relative lifetime-PD deterioration,0.00014512906069871567,6.564164159420714,7.6858058416667445,6.262399825299487,0.026671908982790895
RM002773,2,6.6722353057100525,77812.18,0.002045844261223197,0.0002999406701350924,0.009680553165761552,0.001423917157924115,20.0,0.0,57,MI,2015-12-01,Relative lifetime-PD deterioration,8.574795495653833e-05,6.564088500204579,7.628059368112805,6.276949457104065,0.02
RM000641,2,6.655057278432057,40011.72,0.0027560793783203896,0.001256251404833605,0.0112062645384855,0.005119767116346763,6.0,0.0,49,NY,2015-04-01,Prior default history,0.00016632769794530346,6.541394724462339,7.657492078911383,6.241054606246049,0.029678594032777235
RM001777,2,6.618871225259962,37391.29,0.0027357029873634913,0.0004985707166469815,0.012026344162480718,0.002200145902319983,11.0,0.0,53,CA,2015-08-01,Relative lifetime-PD deterioration,0.00017701639139114917,6.505840005471089,7.615683876618576,6.207204679587109,0.030410329802562752
RM000359,2,6.585682743288988,96933.63,0.0018244391384115701,0.0006445397233583591,0.007277809364701349,0.002575667375579016,6.0,0.0,48,CA,2015-03-01,Relative lifetime-PD deterioration,6.794012298197217e-05,6.471455189005036,7.592400706217085,6.170094537334282,0.020462038312345242
RM001695,2,6.585151802372739,68181.19,0.0024622856812875882,0.0005247921372637996,0.010829440697744053,0.0023157548354223456,15.0,0.0,53,MN,2015-08-01,Relative lifetime-PD deterioration,9.65831162872449e-05,6.475644060464666,7.552114267547037,6.185492319545992,0.02
RM000769,2,6.547538230836812,52704.51,0.000865124765576186,0.00025287968746415647,0.016380958432120174,0.004814769301875188,17.0,0.0,229,KY,2015-04-01,Relative lifetime-PD deterioration,0.00012423108061979538,6.473339640670769,7.207631434650079,6.273426078083803,0.02319986298228683
RM000162,2,6.5074005316428725,57997.64,0.0009509131486667236,0.000284735267176973,0.01791355553430307,0.005396128736482542,19.0,0.0,228,IL,2015-03-01,Relative lifetime-PD deterioration,0.00011220112631553409,6.436926236833992,7.1345949178682,6.246889330592177,0.02117118705962595
RM000011,2,6.500956913252542,61595.49,0.002514309047038052,0.0006921356779059562,0.009811659797700156,0.0027081296975236535,9.0,0.0,47,MA,2015-02-01,Relative lifetime-PD deterioration,0.00010554274206200069,6.386663925683218,7.50770123385412,6.085502153057585,0.02254019557666417
RM001843,2,6.4905146809112315,11586.4,0.008623276538459146,0.0018212662254005973,0.03752896028720942,0.008018935217357304,28.966,0.0,53,MI,2015-08-01,Absolute lifetime-PD deterioration,0.0005601838949899219,6.378864553038833,7.475443759367788,6.083678227093736,0.028428966791526577
RM001208,2,6.487087896146056,109898.97,0.0014272799695596982,0.0003425686036789067,0.006051886008103469,0.001455106302973741,14.0,0.0,51,MD,2015-06-01,Relative lifetime-PD deterioration,5.902774062528571e-05,6.376118293375843,7.465550028925137,6.083044170624402,0.020964716754116184
RM000344,2,6.4761939528501395,33256.56,0.0013404419429600156,0.00035623469157525293,0.00535099669493877,0.0014241775281814695,8.0,0.0,48,MO,2015-03-01,Relative lifetime-PD deterioration,0.00019473433069596314,6.362512985420358,7.477460417792053,6.063022552060222,0.07624863429236028
RM002202,2,6.475569193258291,40588.51,0.0036854131809974234,0.0009641779492869474,0.016477726976263596,0.004331485743826358,10.0,0.0,54,TX,2015-09-01,Relative lifetime-PD deterioration,0.00015954192931098705,6.36660628112721,7.437160441775753,6.078276381076149,0.02101047375483078
RM003324,2,6.471542505546354,49974.06,0.0009179980650756579,0.00044345880424272427,0.01790010896803651,0.0086853533284309,21.0,0.0,236,AR,2015-11-01,Relative lifetime-PD deterioration,0.00012949803369080587,6.39917584865435,7.115379228774271,6.204170424078858,0.02266559480479286
RM003287,2,6.465244050969805,58161.1,0.0016572723549508899,0.0005485844414784799,0.007847619344421575,0.0026030971541126657,8.0,0.0,57,UT,2015-12-01,Relative lifetime-PD deterioration,0.00011116096585122711,6.35741961133055,7.416901965380485,6.072025555558077,0.03017727577430496
RM002829,2,6.464403726468328,45510.87,0.001026688093506784,0.00028479991467966433,0.02008309928364138,0.005609805384440447,23.0,0.0,237,MI,2015-12-01,Relative lifetime-PD deterioration,0.00014204087345437097,6.392174612176662,7.106986443602784,6.19756028149399,0.022456149012092152
RM002331,2,6.429258751794194,44493.68,0.001015220341923331,0.0005015809641690671,0.01969496662088499,0.009776982935139622,10.0,0.0,235,WA,2015-10-01,Relative lifetime-PD deterioration,0.0001444982467576113,6.35665328808563,7.075277652412482,6.160965507552851,0.023202132452584477
RM003135,2,6.421532618808456,115447.59,0.0013027557345624049,0.00033743947157008987,0.006280949632556432,0.0016299029456529057,14.0,0.0,58,MD,2016-01-01,Relative lifetime-PD deterioration,5.562292481643364e-05,6.31760720296595,7.339953969723127,6.041739219890976,0.02005902956508565
RM000373,2,6.398424460252183,4517.94,0.017104086604778523,0.0010931184606036586,0.06668097734923473,0.004365309617877289,2.8431863793103447,0.0,48,IN,2015-03-01,Absolute lifetime-PD deterioration,0.0014162260809688007,6.294126059083192,7.322511546735589,6.015668376637492,0.03710707143897017
RM001407,2,6.375710933422316,42499.47,0.0019906484928590867,0.0003661758417807882,0.00859756838468484,0.0015857938669769922,16.0,0.0,52,PA,2015-07-01,Relative lifetime-PD deterioration,0.00015001859866540254,6.265806464881233,7.34446849345535,5.975756604373246,0.03539893842297249
RM002329,2,6.32730695275411,32695.38,0.0013034197381309363,0.0003897525747644032,0.025218516671785873,0.007605076345864825,54.4923,0.0,235,AR,2015-10-01,Relative lifetime-PD deterioration,0.00019352296724350996,6.255262460349388,6.967789809871666,6.061454340578195,0.02279550730076205
RM000419,2,6.321508111111347,77209.95,0.0011577638897819686,0.00028000826051584863,0.010467280477647889,0.0025405318931417398,19.0,0.0,109,MN,2015-04-01,Relative lifetime-PD deterioration,8.187426764440785e-05,6.239499452622597,7.05013697720847,6.0191811880998,0.020357490091868026
RM000164,2,6.321432921426795,45480.2,0.0011426966475075876,0.00036253370582090303,0.021489391332259022,0.0068657118670579775,19.0,0.0,228,MI,2015-03-01,Relative lifetime-PD deterioration,0.00013899307657896833,6.251910938853752,6.940043220694486,6.064515478343623,0.021488360821913573
RM001567,2,6.3206734786512335,31844.83,0.0044152317016002834,0.0008582946751585026,0.01899236152781203,0.0037139600837310383,12.0,0.0,52,TX,2015-07-01,Relative lifetime-PD deterioration,0.00019848350512944278,6.212520624655225,7.274542495893915,5.926721407915617,0.021992673701595373
RM002234,2,6.320640822322803,83135.63,0.001104088356423588,0.000543757266664695,0.0105308503552356,0.005198863302345869,10.0,0.0,115,CO,2015-10-01,Relative lifetime-PD deterioration,7.602806188300736e-05,6.241775125367516,7.0222470278044025,6.029291682486969,0.02
RM001338,2,6.301410701722364,125423.07,0.0012438671317184676,0.0004369250184777966,0.005378927448674298,0.0018919634679133157,9.0,0.0,52,CA,2015-07-01,Relative lifetime-PD deterioration,5.0241241118738076e-05,6.194723177449909,7.24253588483546,5.912674758846074,0.020523807335819388
RM002060,2,6.253686067692616,49859.46,0.0031718306156440636,0.0009012462615529501,0.014194220420340353,0.004049216551340273,12.0,0.0,54,CO,2015-09-01,Relative lifetime-PD deterioration,0.00012542626951219722,6.1502645588806955,7.167167223364207,5.876062955327318,0.02
RM003283,2,6.248293740268475,135396.22,0.0008822773370212208,0.0003024766207178296,0.004257135334287843,0.001461123002858944,10.0,0.0,58,NY,2016-01-01,Relative lifetime-PD deterioration,4.6148214036318555e-05,6.145504818526627,7.155954386398878,5.873137766266598,0.023638044870839165
RM000050,2,6.241573338054281,85633.37,0.0005439585544787974,0.0002121715492859593,0.010239893917794785,0.0040059589707645005,24.0,0.0,227,AK,2015-02-01,Relative lifetime-PD deterioration,7.28871623066368e-05,6.171338616231908,6.866314377257138,5.982164588119779,0.022379387623680604
RM000432,2,6.232042002906856,52611.98,0.002729940606606941,0.0005207464081823874,0.011100431353096463,0.0021246746882379597,10.0,0.0,49,NC,2015-04-01,Relative lifetime-PD deterioration,0.00011845290754894333,6.12355029047527,7.1880895345030345,5.837402496343836,0.02239708428427322
RM001883,2,6.204257447478131,38610.17,0.0015836060135714682,0.00027113814372372767,0.030304061866478715,0.005251475340517842,12.0,0.0,233,FL,2015-08-01,Absolute lifetime-PD deterioration,0.00016068972106256284,6.14255490813993,6.754485652154458,5.975429436603452,0.02013584945128211
RM003006,2,6.114649496939455,72821.02,0.0012308000736213234,0.0005851125142585204,0.00583282376296701,0.002776236963758505,14.129451641791047,0.0,57,NY,2015-12-01,Relative lifetime-PD deterioration,8.396819348231396e-05,6.01225067068957,7.01819985269858,5.741366621425509,0.03014092525446902
RM000732,2,6.095081226925226,69713.99,0.0007766431822206593,0.00024331159963326518,0.014717324719055735,0.004632995734188183,16.0,0.0,229,GA,2015-04-01,Relative lifetime-PD deterioration,8.742981468892005e-05,6.0299982725416195,6.674414323013591,5.854418613364244,0.020843626327283506
RM001575,2,6.078241323409177,43031.54,0.0018215482899048702,0.0003275622632126927,0.007869446243963574,0.0014186617482880859,16.0,0.0,52,AL,2015-07-01,Relative lifetime-PD deterioration,0.00014125084353033094,5.9734654053898755,7.001777054646779,5.696961152408809,0.036398136410282333
RM003310,2,6.064667354640296,66944.39,0.0020532036235479845,0.0004178479303503521,0.00988483990421718,0.002017981521987955,15.0,0.0,58,OR,2016-01-01,Relative lifetime-PD deterioration,9.059261507409801e-05,5.9655140785163825,6.94050919666752,5.702588145088732,0.020453412843318773
RM000654,2,6.0543638417939345,24883.37,0.0036646698944638287,0.0010480833154928486,0.014879741184730899,0.004272763494290954,20.9020308,0.0,49,CA,2015-04-01,Relative lifetime-PD deterioration,0.0002433096418127422,5.947938966754938,6.9918263088991175,5.66749342483246,0.032270460339922424
RM000668,2,6.045583016044089,37550.66,0.0024832965861131557,0.0004929281282155892,0.010101374005343167,0.002011260799267389,12.0,0.0,49,DE,2015-04-01,Relative lifetime-PD deterioration,0.00016099804946288797,5.940001398037912,6.975816221321521,5.661643816078647,0.032618701676660165
RM001131,2,6.0298062263897325,20918.38,0.002482303125741141,0.0007486619505639827,0.046717265650584316,0.014313710689367487,6.0,0.0,231,MA,2015-06-01,Absolute lifetime-PD deterioration,0.00028825397695183527,5.964841452588914,6.608268446776744,5.789458360800974,0.02116217302808996
RM000315,2,6.02756426233837,63742.37,0.0019881183197856863,0.0006444928260361352,0.007928789009859827,0.0025754801487698487,8.0,0.0,48,CA,2015-03-01,Relative lifetime-PD deterioration,9.456134533965977e-05,5.922185831051454,6.955961212948309,5.644395032592685,0.02512010953865496
RM001280,2,6.014449976911453,41026.35,0.0019802409759669378,0.0005699944751593959,0.018168318679713136,0.005260069231042497,10.0,0.0,111,FL,2015-06-01,Relative lifetime-PD deterioration,0.0001465996847614144,5.934607043096516,6.723358077564188,5.720430261321432,0.020935798943407663
RM002145,2,6.010772439565876,107592.03,0.0011270237272238343,0.00023737939301937558,0.005061613475881743,0.0010677636081721786,14.0,0.0,54,NC,2015-09-01,Relative lifetime-PD deterioration,5.586633544850744e-05,5.909054368382467,6.90799968643492,5.640184660525344,0.023294977059858047
RM000805,2,6.010757010044579,63102.79,0.0006398900012002076,0.0002434381925624294,0.012140840768069205,0.004635400939252965,36.0,0.0,229,IL,2015-04-01,Relative lifetime-PD deterioration,9.525342714711314e-05,5.942031436983884,6.621874986702438,5.757056650054051,0.023220401467622765
RM000699,2,6.006408338924103,59551.01,0.002749393218966019,0.0003350312761907548,0.011179193784323527,0.0013673379382798112,14.0,0.0,49,MI,2015-04-01,Relative lifetime-PD deterioration,0.00010086156958419518,5.904004920867098,6.909773290433507,5.6332612380310865,0.02
RM000434,2,5.999080193518148,27741.23,0.0014162050877299414,0.00035888429088640536,0.02656766958086476,0.0067968218064808905,6.0,0.0,228,WA,2015-03-01,Relative lifetime-PD deterioration,0.00021625141327612902,5.931027720519009,6.6046994320024455,5.747536113180493,0.024301926622501264
RM002389,2,5.996802552007603,71977.62,0.0007642220522897904,0.0002881038657542343,0.0148602175732504,0.005626955983070059,17.0,0.0,235,NJ,2015-10-01,Relative lifetime-PD deterioration,8.331482135707743e-05,5.9350018037463075,6.5472393535260744,5.76806071810829,0.020479600762855772
RM002044,2,5.996079052811286,55413.62,0.0005451753581931385,0.00025276048226231996,0.010577479226257624,0.004917322604481855,74.14498450704225,0.0,234,OH,2015-09-01,Relative lifetime-PD deterioration,0.00010820587163970312,5.9239183521303085,6.637068175624673,5.730153272253237,0.026222854815838272
RM002985,2,5.957157056417255,31473.58,0.0031793573219900105,0.0005414167456010864,0.015012182128325335,0.0025691201292907806,14.0,0.0,57,IL,2015-12-01,Relative lifetime-PD deterioration,0.00018927484755205015,5.857168368115365,6.839541626208747,5.592591958113209,0.025890339858712735
RM001892,2,5.954680868733117,88989.12,0.00170908774150585,0.0005464268870909828,0.007526461976120502,0.0024111335641969767,11.0,0.0,53,GA,2015-08-01,Relative lifetime-PD deterioration,6.691470674991637e-05,5.855440583090986,6.830810983661244,5.5926081632968625,0.02
RM003027,2,5.952143842294684,45006.27,0.0023776097844888933,0.0005204358321725731,0.01124340880971375,0.002469659064791574,15.0,0.0,57,SC,2015-12-01,Relative lifetime-PD deterioration,0.00013225143612867018,5.852203309348552,6.834004004667141,5.587821453351329,0.024357126809517956
RM001734,2,5.933344461036466,14773.13,0.002371687472958195,0.0005833022383754971,0.010432593358638442,0.0025736855894606947,9.902867362637362,0.0,53,MO,2015-08-01,Relative lifetime-PD deterioration,0.00040163082982661534,5.831839788321982,6.828388736250588,5.563737108494838,0.0797673310836216
RM002605,2,5.926936838371186,58695.29,0.0022620264075473282,0.0005151285763359708,0.010512434419653771,0.0024016641151478613,12.790316925373135,0.0,56,FL,2015-11-01,Relative lifetime-PD deterioration,0.00010097806550357253,5.828345204956076,6.797232640181174,5.567303457545246,0.020905123677697535
RM001543,2,5.910329926380195,24035.43,0.0031033005302125356,0.0005328455668144707,0.013122671442456602,0.002262633589580454,11.0,0.0,51,WI,2015-06-01,Relative lifetime-PD deterioration,0.0002459007359710309,5.808195321065023,6.810640663061467,5.538623322826252,0.03847608195274293
RM000229,2,5.90022303854015,33000.15,0.0009310980209503645,0.00038428876312904785,0.017543394336208773,0.0072762884937355166,71.25032386363637,0.0,228,OH,2015-03-01,Relative lifetime-PD deterioration,0.0001787938248323159,5.829403241925506,6.529350191314452,5.639205654448764,0.025864966003350583
RM000869,2,5.888341778808574,44125.47,0.0020599599038154262,0.0003221327277605563,0.008555213007832685,0.0013415352678447512,10.0,0.0,50,NY,2015-05-01,Relative lifetime-PD deterioration,0.00013344541777818056,5.786262431296468,6.7879710548094945,5.5169674907627,0.032253722165357844
RM000951,2,5.8744448040817465,37164.14,0.0019465496022909186,0.000548991195183501,0.008085661224899177,0.0022854757559089833,18.58207,0.0,50,WI,2015-05-01,Relative lifetime-PD deterioration,0.000158067556630713,5.771899662890419,6.777850921783512,5.501597484526462,0.039012682291668065
RM001848,2,5.871756449327447,136657.91,0.0010937915162563515,0.00032029178625711855,0.004821893628333407,0.0014138482237885386,12.0,0.0,53,FL,2015-08-01,Relative lifetime-PD deterioration,4.29668246011332e-05,5.773876585285186,6.7358064134957685,5.514694316399758,0.02
RM001161,2,5.823341823956519,35633.95,0.0037211585263568704,0.0005128417160872977,0.015719559333011945,0.00217776160239036,11.0,0.0,51,IL,2015-06-01,Relative lifetime-PD deterioration,0.00016342117065204725,5.723231536206242,6.706058147237757,5.458833826580347,0.02185342269504714
RM003089,2,5.818677373678037,32560.0,0.002318519580305319,0.000551555640874602,0.010965193813084695,0.002617181261080459,7.0,0.0,57,CT,2015-12-01,Relative lifetime-PD deterioration,0.00017870630754539425,5.7215330415690575,6.67609507012917,5.464392433508987,0.03440719811331291
RM001887,2,5.80995176997263,19633.31,0.004847992473519124,0.0010083774798880312,0.02123532448191756,0.004446001345759121,11.0,0.0,53,NC,2015-08-01,Relative lifetime-PD deterioration,0.0002959231922672555,5.7107503347407285,6.6850024341768295,5.4485179754735995,0.028625910339821672
RM002367,2,5.7877582925608815,54685.88,0.002484469832878752,0.0005002181018177017,0.011336573624725066,0.0022906124420999374,15.0,0.0,55,TX,2015-10-01,Relative lifetime-PD deterioration,0.00010583642966997846,5.69132246190564,6.6390275575766635,5.4359863973139895,0.020570746612767365
RM000465,2,5.773107256284105,45328.22,0.0008947343921660609,0.0003813461196061525,0.016937084957178605,0.007252317168596978,20.0,0.0,229,OH,2015-04-01,Relative lifetime-PD deterioration,0.00012736231990323257,5.707314926378454,6.3583227591372475,5.530113204081753,0.023124605921865774
RM000423,2,5.759520775392197,72802.16,0.0011923008818329618,0.00022059396628081471,0.00485962028914555,0.0009004524104238021,16.0,0.0,49,CT,2015-04-01,Relative lifetime-PD deterioration,7.911194908766714e-05,5.658910441275156,6.645824299639312,5.3937469376860046,0.03323983891712928
RM002578,2,5.744517287124438,55283.35,0.0006333032908576638,0.00022144633655416408,0.012381619368400876,0.004346121727639374,14.0,0.0,236,CT,2015-11-01,Relative lifetime-PD deterioration,0.00010391044115677574,5.679053729272537,6.32693393423836,5.502652759452071,0.024860422346896418
RM001098,2,5.743357345060419,65368.85,0.000665322367638246,0.0002291782938160599,0.012729997318312924,0.004402468363533529,17.0,0.0,231,KS,2015-06-01,Relative lifetime-PD deterioration,8.786076770603153e-05,5.679407837444504,6.312327363982791,5.507070772294905,0.02219607091112817
RM001757,2,5.693816088654735,65443.1,0.0013907871914319945,0.00045002271473325084,0.006128065292543616,0.001986072832385055,11.0,0.0,53,IN,2015-08-01,Relative lifetime-PD deterioration,8.700407053844844e-05,5.596714159572519,6.550076915866811,5.340214111218571,0.029722264268505577
RM000952,2,5.688627831965276,44716.46,0.00339699683202937,0.0005975007468891192,0.014078210833233573,0.0024872322060994767,6.0,0.0,50,NV,2015-05-01,Relative lifetime-PD deterioration,0.000127215522694893,5.591844515257728,6.542492494156935,5.3359070160862165,0.020115612145993403
RM001087,2,5.682781615525715,135191.39,0.0011194285564289726,0.0004160978478957322,0.004656025220325488,0.0017325991500852789,11.0,0.0,50,NM,2015-05-01,Relative lifetime-PD deterioration,4.203508533735554e-05,5.586091355795105,6.535620041492678,5.3305384966751195,0.020056404356227304
RM001289,2,5.677688800924528,133635.32,0.0004163698135492574,0.00017321303095051783,0.007984739255852746,0.003329085919791086,22.0,0.0,231,VA,2015-06-01,Relative lifetime-PD deterioration,4.248643847243773e-05,5.62236057375572,6.1712871148112605,5.47235683087419,0.020059165324208348
RM000228,2,5.669975294319525,2959.32,0.011692043670232483,0.0005848201979280529,0.20025130276513547,0.011053292617062116,2.0,0.0,228,TN,2015-03-01,Absolute lifetime-PD deterioration,0.0019159723498369642,5.6156421463800825,6.157141860246996,5.466685247427352,0.02197888956270186
RM002748,2,5.657472863497327,42065.62,0.00281123616299799,0.0006689702948045531,0.013051655884864455,0.0031180348589119333,13.0,0.0,56,TX,2015-11-01,Relative lifetime-PD deterioration,0.00013449160771901916,5.562563981409684,6.495005878930785,5.311444626128912,0.02193064089591623
RM001698,2,5.6022086043372,52130.26,0.0010037849500083198,0.0003116694101301362,0.007254652865048672,0.0022574036446364465,33.04686125,0.0,87,SC,2015-06-01,Relative lifetime-PD deterioration,0.00010746557957580108,5.517766383917028,6.349586688089051,5.2928494045020695,0.02981905726545588
RM000036,2,5.5734883063708835,20402.85,0.004197398132822119,0.0004183484691682469,0.036810945426303254,0.003724102610139224,10.0,0.0,107,TX,2015-02-01,Absolute lifetime-PD deterioration,0.0002731720473547021,5.50230414802118,6.206843687008623,5.31045872773216,0.02
RM003090,2,5.549295388352776,7052.92,0.002674679485032291,0.0005801536955545772,0.05173272374385174,0.011443737213076899,3.0,0.0,238,MO,2016-01-01,Absolute lifetime-PD deterioration,0.0007868082139529125,5.486337642033,6.109840349731387,5.316404036617091,0.039693719984376444
RM003268,2,5.548735587214103,19993.2,0.0012696806491719133,0.0005875796178720961,0.02488317986200228,0.011589406887252518,73.05207692307692,0.0,238,OH,2016-01-01,Relative lifetime-PD deterioration,0.0002775311399482876,5.481563420372298,6.145499791061608,5.301134605357802,0.027608148260774675
RM001874,2,5.5465566305140275,18985.99,0.004202726338830473,0.0010248373550098523,0.018429222745802165,0.004518446928481135,7.0,0.0,53,IN,2015-08-01,Relative lifetime-PD deterioration,0.00029213944758814403,5.451998286028331,6.3806570431253125,5.202035435297692,0.033221900904278984
RM002599,2,5.535885143830498,30068.59,0.002971369581533361,0.0005473085366884551,0.013791053325876601,0.0025515449631777765,4.0,0.0,56,IN,2015-11-01,Relative lifetime-PD deterioration,0.00018410857123099213,5.443223446980735,6.3537430876600505,5.19794498348871,0.02850170814298117
RM000507,2,5.535161308085297,98005.47,0.0015398978095104965,0.00041224095701534265,0.006273004441910923,0.0016822477350638687,11.0,0.0,49,TX,2015-04-01,Relative lifetime-PD deterioration,5.6478085438346424e-05,5.440568736420293,6.36941161019439,5.1906180374837225,0.02
RM001553,2,5.523789741420926,25417.03,0.005039592244991957,0.0009721906067080612,0.02165552451061359,0.004206005005904401,5.0,0.0,52,MI,2015-07-01,Relative lifetime-PD deterioration,0.00021732632575170767,5.4297366198275165,6.353574349348218,5.181014282293574,0.021511343997475823
RM002480,2,5.52099780099729,54800.03,0.0019952973312578432,0.00045223446227049714,0.009112475961795541,0.0020710624936082223,20.0,0.0,55,FL,2015-10-01,Relative lifetime-PD deterioration,0.00010074807990063674,5.427361522963032,6.346847548136694,5.179915188530375,0.022840055121784195
RM002784,2,5.5014567869105395,50106.9,0.0018228800129618014,0.0006085242131871197,0.008629134970973729,0.0028871938521428664,8.0,0.0,57,CA,2015-12-01,Relative lifetime-PD deterioration,0.00010979439532101446,5.409552302183352,6.312557671575924,5.166327952165419,0.027103829001490824
RM000702,2,5.495731955475617,57718.59,0.0007916150011009728,0.0002516564171552894,0.0032284852134076836,0.0010271984292454794,13.0,0.0,49,MO,2015-04-01,Relative lifetime-PD deterioration,9.521597730428996e-05,5.39974237069163,6.341301226629152,5.14677654113748,0.06080277062402836
RM003190,2,5.493934541535422,23834.97,0.0027877555296879773,0.000663933323235575,0.013402345977228225,0.003204930030824893,24.47915837837838,0.0,58,OH,2016-01-01,Relative lifetime-PD deterioration,0.00023049890734225476,5.401351451363631,6.31073666831066,5.156525447106528,0.03371935235657096
RM001566,2,5.476548652673886,35111.15,0.0024868359317901873,0.0006135407550943922,0.010731710585695109,0.002655959225071891,25.907256310679614,0.0,52,MI,2015-07-01,Relative lifetime-PD deterioration,0.00015597747874033992,5.381403628332634,6.314928622068396,5.130494466744324,0.028330679548813607
RM003191,2,5.411318194728495,22790.22,0.0033080045262476425,0.0007374582000904411,0.015887631024534166,0.0035593466923216077,24.663388767123287,0.0,58,IL,2016-01-01,Relative lifetime-PD deterioration,0.00023744036673312038,5.320139349048971,6.215783120902072,5.078991910186782,0.029268642649959348
RM002892,2,5.39731081423607,20483.24,0.0033773647896882908,0.0013725083639743504,0.015663738508020275,0.006388941905548062,7.0,0.0,56,CT,2015-11-01,Relative lifetime-PD deterioration,0.00026349888075500113,5.306643134345453,6.197466883947067,5.066711839124998,0.03544318123557068
RM001392,2,5.382641173224685,104957.7,0.0005123464060425787,0.00015926917578184247,0.009816694310592733,0.0030614798975957536,21.0,0.0,231,CO,2015-06-01,Relative lifetime-PD deterioration,5.128390935800503e-05,5.3306051972919075,5.8470762748439675,5.189386953943198,0.020001794329038487
RM001054,2,5.38125311511904,55128.71,0.0015343181734816982,0.0003440937797091937,0.006377478858058949,0.0014329431616162402,13.0,0.0,50,DE,2015-05-01,Relative lifetime-PD deterioration,9.761253465062106e-05,5.287755632207503,6.205109765435481,5.0411951841374165,0.031528861532127424
RM002358,2,5.371925394705869,29087.7,0.002098771777194799,0.00034414843043359687,0.009583264249445,0.001576374670015035,13.0,0.0,55,WI,2015-10-01,Relative lifetime-PD deterioration,0.00018468030798948933,5.280774547888476,6.175885318810658,5.039875308177172,0.03965890461020392
RM000652,2,5.368633996684975,58396.18,0.0022256785659983615,0.0003503807407305458,0.009057051763120993,0.0014299487128135446,11.0,0.0,49,HI,2015-04-01,Relative lifetime-PD deterioration,9.193467786223304e-05,5.275384384595945,6.190391369517651,5.029420314935815,0.021465216509599445
RM000179,2,5.365455697967351,62165.96,0.0021717320603234815,0.000433898374418245,0.008658670669401736,0.0017344642175978198,11.0,0.0,48,VA,2015-03-01,Relative lifetime-PD deterioration,8.630857945356834e-05,5.271853804420286,6.190167749329323,5.025061638389004,0.02117769294326249
RM002169,2,5.363566507422582,27423.4,0.003082689493437252,0.0005552397038862229,0.013797458820606012,0.0024961519979542768,18.0,0.0,54,AR,2015-09-01,Relative lifetime-PD deterioration,0.00019558357123560834,5.271810450073779,6.1726707433229,5.029442488485215,0.028508388365503432
RM001694,2,5.363473921717436,67076.52,0.0019704349290243237,0.0004240850356406276,0.008510553205829496,0.001836403346413551,9.0,0.0,52,IL,2015-07-01,Relative lifetime-PD deterioration,7.996052749482882e-05,5.272503105848176,6.165926651090037,5.032025187064784,0.020575308013323832
RM000332,2,5.33331059237692,62324.37,0.0022345262194794725,0.0005469301690423592,0.007799021322812294,0.001912947244341212,9.0,0.0,42,MA,2015-03-01,Relative lifetime-PD deterioration,8.557343768379721e-05,5.236813908878512,6.182190412897309,4.9832923980942,0.02277852405293939
RM000593,2,5.322108323310262,45256.43,0.0028618872471587553,0.0005802109303317134,0.01163458228716474,0.002367076260649026,10.0,0.0,49,AZ,2015-04-01,Relative lifetime-PD deterioration,0.00011759894280901658,5.2296242149177745,6.137158445179221,4.985653178284559,0.02147326460471236
RM002506,2,5.296100880354823,60646.25,0.001699309496729023,0.0004817844071971052,0.0077648236925168534,0.0022062732303927968,15.0,0.0,55,IL,2015-10-01,Relative lifetime-PD deterioration,8.732775530811588e-05,5.206379870025642,6.08747197400115,4.9692443201575305,0.023459660663395533
RM002306,2,5.277222542762609,34035.44,0.0028831823952623686,0.0005463933897478237,0.01314649265281076,0.002501852590049203,19.0,0.0,55,OK,2015-10-01,Relative lifetime-PD deterioration,0.00015505081006041377,5.187493751646222,6.068611151622539,4.950372142630543,0.02401104222221065
RM002744,2,5.264705929262146,13838.36,0.003914668088786076,0.0010143956021621315,0.07423935364152201,0.01976202533795779,4.0,0.0,236,TX,2015-11-01,Absolute lifetime-PD deterioration,0.00038044290864395385,5.213816024457646,5.7191987949865,5.075514473010903,0.02
RM001915,2,5.22797273981632,39538.76,0.0013157371243625558,0.0005847246929573218,0.025240057032291263,0.011292480886480827,6.0,0.0,233,FL,2015-08-01,Relative lifetime-PD deterioration,0.0001322239933628753,5.175691913785035,5.694128861454687,5.03412264066234,0.02013001779888902
RM000563,2,5.211396941230116,103276.88,0.00046864144113609353,0.00017362556458546075,0.00886673108862912,0.0032937358573621456,19.0,0.0,228,SC,2015-03-01,Relative lifetime-PD deterioration,5.0460441303320893e-05,5.157085883483182,5.695030278587378,5.0104410225204035,0.020499586160323265
RM000313,2,5.197645347602981,27976.85,0.0032811209178314803,0.0005238688594372224,0.01306003032352876,0.0020938293812615694,14.0,0.0,48,OH,2015-03-01,Relative lifetime-PD deterioration,0.0001857837943729541,5.106232028786153,6.002863351260307,4.865352630042359,0.02874279439835156
RM000354,2,5.191718013960083,83139.15,0.0017341790615089787,0.0005427643147328882,0.006918692836208273,0.0021692903398151664,13.0,0.0,48,VA,2015-03-01,Relative lifetime-PD deterioration,6.244612813530188e-05,5.102465758373824,5.978696148209635,4.866743565487111,0.02
RM002763,2,5.171879204596627,39116.71,0.0017147130371650645,0.0004430445614511253,0.007976877094123314,0.002065862590985068,25.61625256637168,0.0,56,PR,2015-11-01,Relative lifetime-PD deterioration,0.00013221662058482493,5.083897749145201,5.947721574619594,4.851484945435388,0.032339914504207846
RM000536,2,5.165907832527699,75663.88,0.000535828441189913,0.00026504060311615367,0.010176003785305587,0.005045755754149006,13.0,0.0,229,NJ,2015-04-01,Relative lifetime-PD deterioration,6.827442410470753e-05,5.10867968649588,5.675126129213868,4.954422611868386,0.021946489359203934
RM000455,2,5.130422101193765,48753.32,0.001991225100155486,0.00033134152386156206,0.007941142101154042,0.0013247075177099665,14.0,0.0,48,OH,2015-03-01,Relative lifetime-PD deterioration,0.00010523226112998592,5.04027016559891,5.924460888046707,4.802760672360486,0.02695570609959802
RM002800,2,5.124563921247098,60156.56,0.0011508831275966812,0.0004702896496794324,0.005359467409170038,0.00219279357034341,10.0,0.0,56,PA,2015-11-01,Relative lifetime-PD deterioration,8.518711710322363e-05,5.038469718689333,5.884163918878106,4.810772346410989,0.03359629248959251
RM001711,2,5.116332106368839,32017.22,0.0007659306832772032,0.00033604569816836816,0.01464156937521055,0.006449081683754465,58.21312727272727,0.0,231,FL,2015-06-01,Relative lifetime-PD deterioration,0.00015979938627928467,5.054928098701705,5.661973324183859,4.889910634663237,0.027405409886683166
RM001106,2,5.080072577290704,56117.6,0.0015971648582469306,0.00028613269187129325,0.0067703543415550405,0.0012154986338533957,15.0,0.0,51,OH,2015-06-01,Relative lifetime-PD deterioration,9.05254782330446e-05,4.992164787776487,5.854797462742623,4.760262433874449,0.027354966120206922
RM000044,2,5.070907779225121,48328.52,0.0008202712188268453,0.0003074526434404743,0.015403301395809699,0.0057999881715722346,21.0,0.0,227,VA,2015-02-01,Relative lifetime-PD deterioration,0.00010492578252396559,5.013722037251593,5.5795549279795305,4.859710114423806,0.022082943767866434
RM001863,2,5.063522423260191,23038.81,0.0019879579402120166,0.00030757705247489396,0.03790101125260448,0.005955236596380753,8.0,0.0,233,MI,2015-08-01,Absolute lifetime-PD deterioration,0.0002197822901122146,5.00951543756979,5.544397416242931,4.863725771256545,0.020806819593075416
RM001581,2,5.0486039915684415,52852.44,0.0018203202959440614,0.0005997107567283894,0.0077135081675305806,0.00254628797960732,7.0,0.0,51,NJ,2015-06-01,Relative lifetime-PD deterioration,9.552262850245781e-05,4.961714690669864,5.814579431951817,4.73234627821682,0.026185468224830918
RM000943,2,5.0444003120674985,22608.2,0.004365856684426461,0.000678868324872602,0.018423683364252597,0.002882009171320421,13.0,0.0,51,MI,2015-06-01,Relative lifetime-PD deterioration,0.00022312259764454924,4.957264323047701,5.812614732478448,4.727201306469202,0.024599178212514724
RM000658,2,5.03647402306648,32793.85,0.003860064155197528,0.0010443636524457216,0.015668381637004458,0.004257623813115341,8.0,0.0,49,NV,2015-04-01,Relative lifetime-PD deterioration,0.00015357983350739485,4.9492358751109125,5.805480877331447,4.718976191844078,0.021052366581969562
RM002370,2,5.018494396623904,26105.57,0.001309343010919048,0.0002255680443506807,0.005987093183471237,0.0010334357933505789,9.0,0.0,55,MO,2015-10-01,Relative lifetime-PD deterioration,0.00019223845319691943,4.933551773208764,5.767722002702311,4.709043240239523,0.06720575188491189
RM001428,2,5.012863407186131,61937.91,0.001655688359835245,0.00029171756013257225,0.007017766896048383,0.001239212043236626,16.0,0.0,51,IL,2015-06-01,Relative lifetime-PD deterioration,8.093368677093125e-05,4.926154307512958,5.777040438384755,4.697403243080339,0.02365405681166203
RM002736,2,5.004228120909916,29594.98,0.0019759350791579587,0.0006111553876680476,0.009187685368941434,0.002848864618023139,21.84391380952381,0.0,56,TN,2015-11-01,Relative lifetime-PD deterioration,0.000169090437665777,4.9191524041294,5.754487830781929,4.694387844495804,0.03661670543403053
RM001922,2,4.991404281771032,68774.67,0.0012112377541427576,0.0005188143153543034,0.005338574760321957,0.002289399829284222,15.790102806122448,0.0,53,NJ,2015-08-01,Relative lifetime-PD deterioration,7.257620111839187e-05,4.905947831639695,5.744813780201093,4.680317676296396,0.027998454108636498
RM000649,2,4.971721705260921,130101.53,0.0010520624072245033,0.00027430256896538227,0.0042016132736601985,0.0010967589070162154,7.0,0.0,48,ID,2015-03-01,Relative lifetime-PD deterioration,3.821416785229906e-05,4.885869636341514,5.728478890205228,4.659289580637941,0.02011364976221033
RM002314,2,4.968159834724165,47252.98,0.002040297439315305,0.0005468028319563809,0.009317239057881177,0.0025037255271563863,14.0,0.0,55,MI,2015-10-01,Relative lifetime-PD deterioration,0.00010513960886115892,4.883965191593761,5.710796031423897,4.661429516272892,0.023500767689109088
RM003134,2,4.954587579960814,58639.76,0.0019188456342225295,0.0003701944103441962,0.009240372977786127,0.0017880038676528764,16.0,0.0,58,TX,2016-01-01,Relative lifetime-PD deterioration,8.449194846569654e-05,4.87381551345346,5.668152419010381,4.659571776380335,0.020367914502079427
RM000491,2,4.91795320587325,42627.93,0.002658264529437514,0.0005821972397811088,0.010810178438040219,0.0023751724981713185,9.0,0.0,49,GA,2015-04-01,Relative lifetime-PD deterioration,0.00011536927094215575,4.832349592010461,5.6723025794425475,4.606572262935127,0.022339183777598522
RM001571,2,4.89956546629866,65393.2,0.0018867412512088562,0.00037727855002757605,0.008150206846627261,0.0016338460137624855,18.0,0.0,52,TX,2015-07-01,Relative lifetime-PD deterioration,7.492469348951666e-05,4.817102474820789,5.627254105733672,4.5989233864199,0.020237279311380307
RM003391,2,4.895273091197785,19354.95,0.0027089654753720376,0.0005718914190574369,0.02632168963961945,0.005609415755767233,5.0,0.0,118,OH,2016-01-01,Absolute lifetime-PD deterioration,0.00025292098874953354,4.829918233462161,5.475583528005664,4.654579164879363,0.02356704182869227
RM000321,2,4.894781717866765,48010.51,0.0023013227834284885,0.0003871762272956713,0.009363781680079897,0.0015800261729841392,13.0,0.0,49,IL,2015-04-01,Relative lifetime-PD deterioration,0.00010195229581745258,4.809383273127875,5.647205293602394,4.584226611271977,0.022560100280679393
RM001045,2,4.879091824599362,34708.86,0.003302103594703871,0.0005042243820062165,0.01368700099477238,0.0020992582432700635,12.0,0.0,50,OR,2015-05-01,Relative lifetime-PD deterioration,0.00014057194112971044,4.794685906793214,5.623098497473805,4.571924664377671,0.021655066595041517
RM000485,2,4.875998655229758,48696.42,0.002742069320816283,0.0005480561723105981,0.011149540327095586,0.0022360059135044796,11.0,0.0,49,CO,2015-04-01,Relative lifetime-PD deterioration,0.00010013053639733183,4.7927648463755,5.61020886736685,4.572735666725662,0.02
RM000819,2,4.868247474467324,59454.12,0.0008363030718469356,0.0002845576888438808,0.007570793864837055,0.0025817616688156297,42.38858555555556,0.0,109,MN,2015-04-01,Relative lifetime-PD deterioration,8.188242420318935e-05,4.799950754029403,5.473553291217443,4.617479517479432,0.024082886766378743
RM000522,2,4.84253795486845,50870.84,0.0014333248697732056,0.0003851531910231822,0.012944200781575876,0.003493033829382264,11.0,0.0,109,TX,2015-04-01,Relative lifetime-PD deterioration,9.519280505036777e-05,4.780821451698043,5.391399383226905,4.614664892712867,0.02
RM000403,2,4.828724052612287,20442.89,0.0027166899455569973,0.0005479446648256889,0.011046777528906926,0.0022355513601787225,17.62318103448276,0.0,49,WI,2015-04-01,Relative lifetime-PD deterioration,0.0002362055488540166,4.743929508285262,5.575621917523148,4.520503378658204,0.042659630111642824
RM000331,2,4.823837555860135,55511.85,0.0017182375688357169,0.0002874174798461953,0.0068552565158571666,0.0011491743615044125,14.0,0.0,48,NC,2015-03-01,Relative lifetime-PD deterioration,8.68974382201302e-05,4.739094414657958,5.570226477240113,4.515841645292067,0.025876840600133028
RM001894,2,4.809490025725946,70887.89,0.0010837257481452506,0.0003047473888162207,0.004777601645636009,0.0013452670815664591,18.0,0.0,53,MI,2015-08-01,Prior default history,6.78464266001703e-05,4.732879691397284,5.486874579589876,4.529279334373769,0.023843707344825167
RM000858,2,4.793357161067435,34910.04,0.0016593248340012658,0.00032369372668563957,0.007033138811824768,0.0013749748935715234,13.0,0.0,51,IN,2015-06-01,Relative lifetime-PD deterioration,0.00013730597733681873,4.710370980025264,5.5246962883397455,4.4914600096047455,0.039915964495475124
RM002486,2,4.776318992388736,31201.51,0.002997526009835186,0.0010255975538389912,0.013418285442975186,0.004606912747568193,11.0,0.0,54,VA,2015-09-01,Relative lifetime-PD deterioration,0.00015307973852511422,4.69502398416309,5.493345631373619,4.480174922425824,0.023818418986962773
RM000781,2,4.765306973717384,50028.76,0.0018297354000995063,0.0003695083470516635,0.007450370622329339,0.001507966455274956,12.0,0.0,49,OH,2015-04-01,Relative lifetime-PD deterioration,9.525135089731155e-05,4.682083517886552,5.49850198154446,4.462705392531376,0.026356627677348327
RM000177,2,4.751010324465531,34488.11,0.0014137771564106645,0.0003387694745413633,0.02640792188888541,0.006388978085451136,5.0,0.0,227,OR,2015-02-01,Absolute lifetime-PD deterioration,0.00013775792075777798,4.7043076295403345,5.1677902508649725,4.577599745641799,0.020009961537680077
RM001558,2,4.704182133197737,34934.64,0.003079952298638064,0.00043265680549988637,0.013278113144388315,0.0018734946704614952,8.0,0.0,52,AZ,2015-07-01,Relative lifetime-PD deterioration,0.0001346566655101566,4.623762198219716,5.413393919908339,4.411291058029982,0.02165028965911948
RM002371,2,4.70126374910996,39519.66,0.0015065973777058479,0.00026726348009269304,0.006886622699509681,0.001224371184707751,9.0,0.0,55,WA,2015-10-01,Relative lifetime-PD deterioration,0.00011896012640569174,4.621787894977205,5.402327961812524,4.41169077952448,0.03624698049256627
RM001889,2,4.687884205629591,41750.62,0.0019836618878994084,0.0006060532821455484,0.008731531270882886,0.0026739653482815706,10.0,0.0,53,KS,2015-08-01,Relative lifetime-PD deterioration,0.00011228298419591352,4.607805050060676,5.394024357613661,4.3962790474722775,0.026781183271039247
RM002732,2,4.687472852803902,27571.59,0.0018736399534650101,0.00044672262604059055,0.00871366859233036,0.0020829989099145907,29.022726315789473,0.0,56,KY,2015-11-01,Relative lifetime-PD deterioration,0.00017001097335350997,4.607350727817796,5.39385882184714,4.395801067535035,0.03768726628884454
RM001962,2,4.645318143125085,39460.19,0.0014809978494579603,0.0002863815339702063,0.006524544403020083,0.0012642331078670521,19.0,0.0,53,TN,2015-08-01,Relative lifetime-PD deterioration,0.0001177216364930094,4.565269332869482,5.350850595152286,4.354053088060264,0.03652115339264967
RM000629,2,4.645040923791507,39909.4,0.0027401410110911776,0.000454877621931429,0.01114173275431729,0.0018561148174576214,9.0,0.0,49,MI,2015-04-01,Relative lifetime-PD deterioration,0.00011638964564216718,4.564200068217904,5.357424131898022,4.350981802540064,0.021984495588361297
RM002348,2,4.639126631616126,39208.94,0.0008670167096269958,0.00035993302790122473,0.003967658231086579,0.0016486295201696421,9.0,0.0,55,MO,2015-10-01,Relative lifetime-PD deterioration,0.00011831808336609266,4.560633600493802,5.331443196204357,4.353187314653065,0.0628999556747941
RM003248,2,4.576068179748707,42734.17,0.0024618376813575625,0.0005706699370776719,0.011639873048278293,0.0027077832714275107,14.0,0.0,57,TX,2015-12-01,Relative lifetime-PD deterioration,0.00010708218223844542,4.500861298156862,5.240294071644698,4.301496674485619,0.020451766177942154
RM002372,2,4.56344500530717,16812.32,0.003828023930369277,0.0005500654930939364,0.017425171856165766,0.002518650023847435,6.0,0.0,55,KS,2015-10-01,Relative lifetime-PD deterioration,0.00027143457924350535,4.486524744751924,5.242237354000816,4.283000297462721,0.032699512221413894
RM001735,2,4.55843951933201,29624.64,0.0023785326706234266,0.0004781647157443821,0.010462581679095195,0.0021101696937537717,31.002530232558136,0.0,53,OH,2015-08-01,Relative lifetime-PD deterioration,0.00015387324603208715,4.479340169771489,5.255428729961115,4.270747239414323,0.028130027092843863
RM003059,2,4.5575561347973945,51412.28,0.0005314537861541093,0.00019293479974554078,0.002521891200319537,0.0009161088326211653,11.0,0.0,57,MO,2015-12-01,Relative lifetime-PD deterioration,8.864722853756719e-05,4.48127830229539,5.230585590956118,4.279516923706999,0.0739418831194787
RM000357,2,4.526169795207708,162460.24,0.0007751697746568423,0.00025109850858316327,0.00309707563235051,0.0010040157948901784,8.0,0.0,48,WA,2015-03-01,Relative lifetime-PD deterioration,2.7860169326400775e-05,4.448177738934898,5.213708555393194,4.242297916457957,0.02
RM000166,2,4.5253715006910955,36692.37,0.0018975160499228368,0.0002996463813615219,0.0075684881123048164,0.0011980469053332055,13.0,0.0,48,DE,2015-03-01,Relative lifetime-PD deterioration,0.00012333276647682052,4.445774687084888,5.22640149383297,4.236101211260297,0.033196462982901714
RM000886,2,4.5071229602852805,42021.87,0.00204404935120568,0.00026069684136791033,0.008489348860943768,0.0010857885574664383,12.0,0.0,50,KS,2015-05-01,Relative lifetime-PD deterioration,0.00010725660139078247,4.428801724732787,5.197285167796367,4.222240911685742,0.02595544653133761
RM003110,2,4.500979691097514,80135.7,0.001202891117375273,0.0002824345691125208,0.005800584597182135,0.0013643616406674441,16.0,0.0,58,OR,2016-01-01,Relative lifetime-PD deterioration,5.6166972910918784e-05,4.426736959822486,5.156441565844332,4.23009604784301,0.021051870801613307
RM003088,2,4.483232625771755,47027.84,0.0014485746952078743,0.0005332526487923397,0.006982031883056683,0.0025747548643542117,10.0,0.0,58,KY,2016-01-01,Relative lifetime-PD deterioration,9.533145953060476e-05,4.408633540922336,5.141663453030769,4.211168380790081,0.028648781371109655
RM002153,2,4.471634623040739,105174.5,0.0010078395058236522,0.00043108845281526954,0.0045272855355236175,0.0019384350949441798,8.0,0.0,54,CA,2015-09-01,Relative lifetime-PD deterioration,4.2516338304824256e-05,4.396504178246465,5.134534367682451,4.1977816915898405,0.02073189413387098
RM001880,2,4.461547406698839,32609.84,0.0022032484426927888,0.000484012014326751,0.009694452514839802,0.0021359528371972525,24.15543703703704,0.0,53,IL,2015-08-01,Relative lifetime-PD deterioration,0.00013681598580976906,4.384479646846285,5.140776723590755,4.18114863576951,0.027687888219780396
RM003024,2,4.452189046839504,67478.52,0.0011770888877117068,0.0005120313076319458,0.005578845574523039,0.002429814801435115,8.0,0.0,57,CA,2015-12-01,Relative lifetime-PD deterioration,6.597935234559832e-05,4.377901301029428,5.107802197737601,4.1813073254431234,0.02540935612089942
RM002792,2,4.436305491699615,72510.23,0.0010654620950808756,0.000256906652011234,0.004962453290233371,0.0011983331628617755,14.0,0.0,56,TN,2015-11-01,Relative lifetime-PD deterioration,6.11817876139631e-05,4.3616776794389835,5.094691593569272,4.164337838659659,0.02566637799518637
RM000890,2,4.428204789098828,91412.25,0.0004861102153117844,0.00021461325657726302,0.009276086950625317,0.004105411872206144,14.0,0.0,230,TX,2015-05-01,Relative lifetime-PD deterioration,4.844213755923115e-05,4.385261578655624,4.8114673914707025,4.268731364496819,0.02
RM002319,2,4.426350583971366,60789.9,0.000723363084438327,0.00025509296741753595,0.014011595249057485,0.004962592873959726,16.0,0.0,234,OR,2015-09-01,Relative lifetime-PD deterioration,7.281391454783386e-05,4.38260184893475,4.816516050872881,4.264079071487175,0.020084777173411148
RM000127,2,4.42354301047094,59948.89,0.0014893135108513434,0.0002435179220727899,0.005820487537423813,0.0009534398651553921,13.0,0.0,47,OH,2015-02-01,Relative lifetime-PD deterioration,7.378857240677751e-05,4.34546916178603,5.1110437620057585,4.139885841070266,0.02600007047905328
RM001574,2,4.391975187724292,34166.7,0.0017462642861285507,0.00044204516545080135,0.007545151409426687,0.0019141182848280147,26.147984693877547,0.0,52,NC,2015-07-01,Relative lifetime-PD deterioration,0.00012854548984023308,4.315532614014732,5.065442763725298,4.114020988163847,0.03332920900841961
RM001197,2,4.391313821060653,92311.0,0.0004444431182651225,0.0001946056102198285,0.008484191032783639,0.003723354903203635,16.0,0.0,230,CA,2015-05-01,Relative lifetime-PD deterioration,4.75708617722769e-05,4.345953473364862,4.7953224045298475,4.223422195904987,0.020431224527068907
RM000874,2,4.388672398394108,124378.01,0.0009077303706229767,0.0002443751469320949,0.003776777497971784,0.0010178358674983734,12.0,0.0,50,MA,2015-05-01,Relative lifetime-PD deterioration,3.5284954296938085e-05,4.313535933220252,5.051155899609798,4.115114376728904,0.020411430048464733
RM000540,2,4.385430696183019,6142.5,0.004489659979998361,0.0005795491361657793,0.08228701282920481,0.011001966185570144,2.0,0.0,229,WA,2015-04-01,Absolute lifetime-PD deterioration,0.0007139488312874268,4.335604778729419,4.8291256146105885,4.20106939459848,0.02531643274855424
RM002152,2,4.382018654569519,34957.83,0.002890695282112043,0.0004652039225953397,0.012942482676059908,0.002091714046575599,9.0,0.0,54,TX,2015-09-01,Relative lifetime-PD deterioration,0.0001253515637146104,4.308158415373687,5.033722273190813,4.11278803521282,0.021039048562223352
RM002384,2,4.380892664001333,6385.04,0.006330699633090834,0.0008499634144150118,0.11694720822160076,0.016514313355245447,5.0,0.0,235,MI,2015-10-01,Absolute lifetime-PD deterioration,0.0006861182802302466,4.334225836429506,4.796762275672464,4.208013711897121,0.020853463741432293
RM001360,2,4.376725958713212,38533.05,0.0022648457838831937,0.0004883184163858763,0.009777350360447135,0.0021143249508832618,24.0,0.0,52,TX,2015-07-01,Relative lifetime-PD deterioration,0.000113583688774006,4.301038352575094,5.043757875648587,4.101371304241937,0.023397345730104956
RM001333,2,4.349067097229697,39690.88,0.0027582968008162583,0.0008105415700204654,0.011897789124269642,0.003507604955373278,10.0,0.0,52,MN,2015-07-01,Relative lifetime-PD deterioration,0.00010957346113842014,4.275611120377359,4.997213273997458,4.081303618867679,0.020344113055391428
RM000091,2,4.332022627893037,28841.95,0.0018691502863289772,0.00045895393832503937,0.007455664917524252,0.0018345523076447323,19.3241065,0.0,48,CT,2015-03-01,Relative lifetime-PD deterioration,0.00015019867338696022,4.255433207263647,5.0063881192681094,4.053801684500975,0.04004023405655476
RM001298,2,4.329857065340915,39229.28,0.0028786117280568844,0.0004924956633837538,0.012176995298129212,0.0020914320634281003,16.0,0.0,51,MN,2015-06-01,Relative lifetime-PD deterioration,0.00011037309543639127,4.256715323716156,4.975298035317556,4.063193491323514,0.020127508176410826
RM002340,2,4.327297769873372,13935.64,0.00714113874745377,0.0007147941925705988,0.03231401901475173,0.003271946967184025,5.0,0.0,55,TN,2015-10-01,Absolute lifetime-PD deterioration,0.00031052020358400274,4.255221231570203,4.963895071437985,4.064142259579947,0.020984500422302516
RM003160,2,4.324876521676345,113003.35,0.0006451076654186385,0.0002965273966218539,0.0031141674349429715,0.0014324014186026801,15.0,0.0,58,IN,2016-01-01,Relative lifetime-PD deterioration,3.827210893903893e-05,4.25315289726523,4.957965639214668,4.0632735839120535,0.02600422938149043
RM002216,2,4.321904288068992,40144.46,0.0022247769962027465,0.0005259423427251085,0.010156326943903338,0.0024082985879143592,11.0,0.0,55,FL,2015-10-01,Relative lifetime-PD deterioration,0.00010765879745471708,4.248912255145422,4.965835390945568,4.055913955241415,0.02239635426998476
RM001404,2,4.316180986085836,70999.64,0.0012439207730626438,0.00042141702956455,0.005379158932104056,0.0018248582706391625,16.0,0.0,52,MD,2015-07-01,Relative lifetime-PD deterioration,6.079158973321324e-05,4.241949561372652,4.970520394929839,4.046028955567982,0.02336626047376448
RM000510,2,4.295610316427993,14480.71,0.002020551855883218,0.0006913068546371484,0.018204178163070628,0.00626185444210281,41.77127884615385,0.0,109,MD,2015-04-01,Relative lifetime-PD deterioration,0.0002966436256528853,4.233972338087021,4.841809946652818,4.069352663421256,0.0327973639426064
RM002132,2,4.294445722413717,52455.36,0.0012928849249820374,0.00021918494676043487,0.005804832870412557,0.0009859539984480303,14.0,0.0,54,UT,2015-09-01,Relative lifetime-PD deterioration,8.186857782338577e-05,4.221269140888269,4.939714387939722,4.027978993576706,0.029095145218744616
RM000349,2,4.29210095448403,52700.7,0.0022648947384104386,0.0003689247937474444,0.009028846911629418,0.0014748827428011646,12.0,0.0,48,OR,2015-03-01,Relative lifetime-PD deterioration,8.144295909701447e-05,4.218355264244621,4.942411360529842,4.023546092440021,0.02
RM000347,2,4.279980129471292,33457.16,0.0023011494252872158,0.0004316970832507832,0.009172874682045862,0.001725670480546504,21.172109062500002,0.0,48,PA,2015-03-01,Relative lifetime-PD deterioration,0.000127924191099044,4.204309250647479,4.946282582661771,4.005079253444688,0.027435072598774573
RM002844,2,4.227238156246722,67222.55,0.0012461221961398178,0.00023089390611992248,0.005801966380974188,0.0010770488750873053,19.0,0.0,56,IL,2015-11-01,Relative lifetime-PD deterioration,6.288422793016215e-05,4.15596975469414,4.855903000475358,3.9675697462725896,0.0226270061497391
RM000429,2,4.208077894841685,66112.27,0.0009882248109354473,0.00024199452903951233,0.004029107770355256,0.0009877757370149176,22.037423333333336,0.0,49,WI,2015-04-01,Relative lifetime-PD deterioration,6.365048265385055e-05,4.134214062679533,4.858599739672785,3.939653363357651,0.03137180014351997
RM002818,2,4.150949796816155,48742.27,0.0011309612913132112,0.0003972650082835905,0.0108792014149659,0.0038336242376044716,7.0,0.0,116,CA,2015-11-01,Relative lifetime-PD deterioration,8.516119164774549e-05,4.097058958628852,4.629612405360591,3.9523782079251886,0.020748553737971378
RM002143,2,4.124762640155691,17024.52,0.0033374748219640194,0.0006201479822795588,0.014656696155612603,0.0027360866349461777,22.969590476190476,0.0,53,SC,2015-08-01,Relative lifetime-PD deterioration,0.00024228363796193318,4.053497800241118,4.752917578502729,3.8654302215590723,0.032531965712961436
RM003082,2,4.118954382548767,41415.37,0.0014587310806891815,0.0002953502866742773,0.007030848100866738,0.001426718505349145,14.0,0.0,58,OH,2016-01-01,Relative lifetime-PD deterioration,9.94547285838269e-05,4.050104905185519,4.72651016739755,3.8679451471480575,0.029193376837017827
RM000444,2,4.11564681422468,72440.46,0.0011428521630054255,0.0002939929424367812,0.004658430705172578,0.001199927192191197,12.0,0.0,49,CA,2015-04-01,Relative lifetime-PD deterioration,5.6814200437499696e-05,4.04394600872237,4.747361912804145,3.8549186967665734,0.02526262049360155
RM002015,2,4.088195968716378,95535.09,0.0006976111366282093,0.00017454243994114422,0.0031354198844939507,0.0007852011022549954,13.0,0.0,54,NM,2015-09-01,Relative lifetime-PD deterioration,4.2792611266879825e-05,4.018915506044283,4.699229748520512,3.8358349908346354,0.028782458507596843
RM000116,2,4.058353457297568,20900.0,0.005128493299094771,0.0007808493866619472,0.01993686167507458,0.003054845866507949,7.0,0.0,47,TX,2015-02-01,Relative lifetime-PD deterioration,0.00019417959125825684,3.9874167751798284,4.683517324456251,3.800281742403415,0.02089335956708116
RM002341,2,4.053196590711319,17289.34,0.0018669007455648216,0.0004198829706403965,0.008528053637215094,0.0019230163834536018,27.120533333333334,0.0,55,MS,2015-10-01,Relative lifetime-PD deterioration,0.00023443327453282305,3.9836158330397327,4.666547109380755,3.799965731872774,0.053433111883166184
RM002747,2,4.023083260032333,32487.24,0.002392449182586489,0.00043281516209564086,0.011115896488904986,0.002018202002904368,12.0,0.0,56,FL,2015-11-01,Relative lifetime-PD deterioration,0.00012383579707086022,3.9553099832316945,4.621036584195817,3.776068909885035,0.02328068462767935
RM001914,2,4.0148129149655025,22899.61,0.0023140733855935513,0.0005307156380584216,0.01018016230874852,0.0023418698195276644,26.940717647058822,0.0,53,SC,2015-08-01,Relative lifetime-PD deterioration,0.00017532232710362763,3.94523705758433,4.62792294233056,3.7617330789744776,0.03339627872330122
RM003258,2,4.01343948361186,57607.44,0.0015029373087989697,0.000360737373392869,0.007118862293910233,0.001712343923553905,10.0,0.0,57,FL,2015-12-01,Relative lifetime-PD deterioration,6.966876992992328e-05,3.9467295585697326,4.602261446720894,3.7701316902573496,0.02127799745217573
RM000774,2,3.9898844343867674,62270.39,0.00111762051475802,0.00025690229754272656,0.00455576009835712,0.001048602317530234,12.0,0.0,49,TN,2015-04-01,Relative lifetime-PD deterioration,6.40735417649828e-05,3.9202458977882624,4.603370536657766,3.7366955939732094,0.02913615514176415
RM002110,2,3.9861035247334495,18688.14,0.001347133695509382,0.00031241698346420296,0.0059361626549740976,0.0013791054237456413,6.0,0.0,53,MO,2015-08-01,Relative lifetime-PD deterioration,0.00021329589379860434,3.9180130070981316,4.586487100185223,3.7381818322121387,0.07579779838497894
RM002477,2,3.9788507053458013,23137.35,0.0020070425736388167,0.0005277565388166923,0.009000022366355442,0.002372711989291343,23.137349999999998,0.0,54,TN,2015-09-01,Relative lifetime-PD deterioration,0.00017196656943624925,3.9104421767023854,4.581859733255714,3.7298916755998843,0.03756675408455446
RM002702,2,3.9748347661848222,54899.64,0.000929287933816046,0.00018184444201488134,0.004329294752166035,0.0008483245318081645,17.0,0.0,56,PA,2015-11-01,Relative lifetime-PD deterioration,7.240183662743184e-05,3.90764650697935,4.567442834755998,3.7300766730336106,0.03420167431385912
RM002037,2,3.950205551629101,54498.74,0.0014892555058672833,0.0004602218065474637,0.00668420561974159,0.0020693308116693787,15.8046346,0.0,54,MI,2015-09-01,Relative lifetime-PD deterioration,7.248251155217719e-05,3.882959345086382,4.543200379821816,3.7053203040725227,0.02262722704067284
RM002185,2,3.9094685087859418,38532.89,0.0009882145582131953,0.0003236283914908957,0.019095046725926768,0.006291897614559505,9.0,0.0,234,TX,2015-09-01,Relative lifetime-PD deterioration,0.00010145796250387505,3.8699740090744585,4.26146247743479,3.76313251521937,0.02021492095353091
RM001773,2,3.9047766425202934,33134.89,0.0019645258221784104,0.0005077954150308229,0.00864758234496199,0.002240818318037907,12.0,0.0,53,OH,2015-08-01,Relative lifetime-PD deterioration,0.00011784486511107457,3.8379129716740383,4.49431103844572,3.6613432652773517,0.028025791343508275
RM002751,2,3.904714931053013,10241.65,0.001921640991295731,0.00042041227544236434,0.00893611874614364,0.0019604123527202644,14.722371874999999,0.0,56,MO,2015-11-01,Relative lifetime-PD deterioration,0.00038125838424990245,3.838622758754776,4.48768380947938,3.663930553945301,0.08730226590532338
RM001055,2,3.8957064885080603,24766.65,0.0039935861234967505,0.0004379069339231712,0.017190711898780853,0.0018962122340403509,11.0,0.0,52,NC,2015-07-01,Relative lifetime-PD deterioration,0.00015729646474222636,3.830162353349546,4.474238151480266,3.6566508499572197,0.020256525744147984
RM001890,2,3.864916590801844,41862.5,0.0016613752775144343,0.0006209151826892563,0.007316942814981631,0.0027394679247472187,7.0,0.0,53,NJ,2015-08-01,Relative lifetime-PD deterioration,9.232407502661915e-05,3.799003013486102,4.446171893305009,3.6248762069038896,0.026647388399445665
RM002305,2,3.863375974903697,32397.73,0.001207738810581039,0.0003178661859651112,0.023289650256495875,0.006180199481220838,12.750074387096774,0.0,234,CO,2015-09-01,Relative lifetime-PD deterioration,0.00011924835397121023,3.8258857603711425,4.198002460706031,3.7241316947025833,0.02
RM002058,2,3.8549974431218574,23226.38,0.0028127101147270867,0.0007068107697435051,0.012595039604769598,0.0031767165764825522,17.620012413793102,0.0,54,IL,2015-09-01,Relative lifetime-PD deterioration,0.00016597495791948022,3.7890315636205285,4.4366592724586456,3.614803512601259,0.026460228177943555
RM003398,2,3.852985917350934,36407.82,0.0023832786993995504,0.0003853798109990773,0.011663223625359542,0.0018933546088567565,13.0,0.0,59,MN,2016-02-01,Relative lifetime-PD deterioration,0.00010582852577690546,3.790362650306125,4.406287227475767,3.6242114590782837,0.020408127968389443
RM000118,2,3.847699948815266,90423.04,0.001212501781542125,0.00049776541355259,0.004740574542898779,0.0019481664367054785,6.0,0.0,47,CA,2015-02-01,Relative lifetime-PD deterioration,4.25522073667869e-05,3.780937191257835,4.436101342356902,3.6047981848524904,0.02
RM000028,2,3.8355968725966636,14905.07,0.004521849842868746,0.0008958477767904501,0.017965086032715294,0.0035785787229087873,24.334808163265308,0.0,48,MI,2015-03-01,Relative lifetime-PD deterioration,0.00025733504590026506,3.767736541821591,4.4332362556589215,3.5889956675779096,0.027585330853302642
RM001471,2,3.8180933707575004,128443.76,0.0006575859601883762,0.0002869216175567424,0.002846417729515105,0.001242732579755268,16.22447494736842,0.0,52,KY,2015-07-01,Relative lifetime-PD deterioration,2.9725798830223443e-05,3.7528632184027035,4.393230392802931,3.5806036381851043,0.022067101690867372
RM001061,2,3.8033525842061007,25541.08,0.003795368849951284,0.0008029811910846104,0.016031117137776052,0.003408219739654328,8.0,0.0,51,MN,2015-06-01,Relative lifetime-PD deterioration,0.0001489111887283584,3.7387231560554937,4.373541708314468,3.567814559864172,0.02041179125155853
RM000497,2,3.798751832858695,35823.24,0.002904394888429992,0.000666319861505607,0.011567064424759077,0.002662616736214596,11.0,0.0,48,TX,2015-03-01,Relative lifetime-PD deterioration,0.00010604154824797242,3.7331780926669844,4.376877722797768,3.5600385481634977,0.020207330415253143
RM001388,2,3.790484555783067,65871.83,0.0014970334358792015,0.000668554358382177,0.006470977937476308,0.002893842484456788,14.289656243386245,0.0,52,CO,2015-07-01,Relative lifetime-PD deterioration,5.754333158473154e-05,3.726888729504147,4.35177047967459,3.558567825418532,0.02
RM000898,2,3.785375820256433,42881.12,0.0018007775390052102,0.0004482241546547601,0.007481874084227735,0.0018662756591748542,7.0,0.0,50,CA,2015-05-01,Relative lifetime-PD deterioration,8.827604829949481e-05,3.7197607926076897,4.363629844750163,3.5466714651054336,0.02486533353404589
RM000688,2,3.7686107139102347,27313.03,0.0020675671368489638,0.00035019180694607183,0.008244654879953517,0.0014000315937414687,12.0,0.0,48,TN,2015-03-01,Relative lifetime-PD deterioration,0.00013797849282596016,3.702275602732598,4.352830909188388,3.527543123243613,0.03423506251630634
RM002620,2,3.757431025168584,31141.49,0.0014407005562154104,0.0002412092124195331,0.006705533924168061,0.00112514531966601,14.0,0.0,56,KS,2015-11-01,Relative lifetime-PD deterioration,0.0001206567516573094,3.693844430466481,4.318274573063673,3.525791593393733,0.03713565437183096
RM003388,2,3.7423437149973,38911.41,0.0010484636850929892,0.0003812677393636332,0.005057400985398308,0.0018414479123812777,11.0,0.0,58,PA,2016-01-01,Relative lifetime-PD deterioration,9.617599863375035e-05,3.6798856542889826,4.293512406999474,3.514627079725144,0.03980010035757797
RM000856,2,3.735434113440024,65817.69,0.0006671871357344047,0.0002611711833823951,0.0061545235402810095,0.0024132324357369894,20.828382911392406,0.0,111,IL,2015-06-01,Relative lifetime-PD deterioration,5.6754257304381603e-05,3.684750939072399,4.185081117544719,3.5490361402694917,0.02227027789331108
RM000613,2,3.7066368882950487,34080.1,0.0028993251265521792,0.0005782191492167372,0.011786099914812942,0.0023589576706882776,13.0,0.0,49,TX,2015-04-01,Relative lifetime-PD deterioration,0.00010876250035343349,3.6430365321000573,4.267496645466233,3.4750183216815844,0.020260321644390077
RM001018,2,3.702226614746787,50267.8,0.0011395884027726594,0.0003303064996228447,0.004739724500610443,0.0013755574807802207,10.0,0.0,50,CT,2015-05-01,Relative lifetime-PD deterioration,7.36500625598651e-05,3.637986938927184,4.268291104938396,3.4685721649938785,0.032284827644320634
RM001740,2,3.663245814664078,47777.32,0.0015904386049508756,0.00030320520294864364,0.007005376219280213,0.001338462832193743,12.0,0.0,53,MI,2015-08-01,Relative lifetime-PD deterioration,7.667332145595604e-05,3.6006369320657314,4.21528681957571,3.4352889066266026,0.02286591422111599
RM002313,2,3.6487372072659503,51949.04,0.0011240451030161396,0.00047799214851204446,0.005048262395268788,0.0021491661324757327,7.0,0.0,54,NY,2015-09-01,Relative lifetime-PD deterioration,7.023685533488107e-05,3.5868500925923246,4.1945674442289675,3.4233047623978505,0.029620463843623573
RM002994,2,3.628868508873648,70858.2,0.0009841724540557816,0.00034494035262064656,0.004584525160221342,0.001608703984730564,12.0,0.0,56,MA,2015-11-01,Relative lifetime-PD deterioration,5.1213106018409274e-05,3.5678784655159745,4.166955307227977,3.4065900041856967,0.02354361351486654
RM000008,2,3.6241891103112116,32222.02,0.0014697262816987212,0.0003713409576804496,0.005987798090023144,0.0015154410718035694,11.0,0.0,49,IN,2015-04-01,Relative lifetime-PD deterioration,0.00011247554033891146,3.5608227269800037,4.182391395643185,3.3938237377478893,0.03854016176235061
RM002749,2,3.5947808928756793,36657.77,0.0021301232767533826,0.000641840634139723,0.009901828536958979,0.0029917337614233652,9.0,0.0,56,NV,2015-11-01,Relative lifetime-PD deterioration,9.806327261248242e-05,3.5345995504320538,4.125866497566757,3.3753595138050385,0.021444124298062254
RM001132,2,3.584843925109648,76590.09,0.0011761862119814349,0.00023871741008768316,0.004989245622991079,0.001014155503753833,14.0,0.0,51,OR,2015-06-01,Relative lifetime-PD deterioration,4.680558444453647e-05,3.523764392548934,4.123488346860566,3.3623958247736074,0.020465705936497533
RM002147,2,3.5787337882139902,19176.31,0.0033853794439845436,0.0007991514056556113,0.015144208041537932,0.003591155360383236,13.697364285714286,0.0,54,GA,2015-09-01,Relative lifetime-PD deterioration,0.00018662264993703117,3.5176444063186927,4.117493576897941,3.356230572047612,0.025227346307323012
RM001886,2,3.568933226534641,50087.72,0.001635389140543137,0.0003542668963612696,0.007202815816861885,0.0015637321095598455,10.0,0.0,53,AZ,2015-08-01,Relative lifetime-PD deterioration,7.125365711465088e-05,3.508173091617754,4.104757260644626,3.347650853854128,0.021375395703591944
RM001877,2,3.5680639954851365,63959.95,0.001329737952037053,0.0004875320286004719,0.005859682235000552,0.0021514737788136395,18.274271428571428,0.0,53,MI,2015-08-01,Relative lifetime-PD deterioration,5.5785909705763324e-05,3.5077848040449764,4.09980518488368,3.3484262121490693,0.02068147093996106
RM002051,2,3.5549916575469243,19159.94,0.0027652443233240117,0.0008380354628978413,0.012155596340763575,0.003696027893684173,12.03066,0.0,53,WV,2015-08-01,Relative lifetime-PD deterioration,0.0001855429431170935,3.4940134277183352,4.092636213905133,3.3329843931979557,0.03140989731354944
RM002398,2,3.549274914597218,47350.72,0.0007366014370176265,0.00035159684121110633,0.007036823049766383,0.003364389928720679,10.0,0.0,115,RI,2015-10-01,Relative lifetime-PD deterioration,7.49571477391942e-05,3.5010527798636883,3.977167751596232,3.371874267185662,0.025333239560314653
RM000132,2,3.546156661558973,168228.31,0.0005971163143491173,0.0002623167910122754,0.0023366698091110694,0.0010270144674243697,7.0,0.0,47,CA,2015-02-01,Relative lifetime-PD deterioration,2.107942867380034e-05,3.4846405104481026,4.088287441857138,3.322364193091154,0.02
RM000619,2,3.528230242430645,34105.94,0.0022549536197513345,0.0004086244591738463,0.009175767753331177,0.0016674990490038732,10.0,0.0,49,GA,2015-04-01,Relative lifetime-PD deterioration,0.00010344914236143748,3.466604703826986,4.071168220993539,3.3041456889997476,0.023393821845396276
RM003269,2,3.5085924217697384,51155.97,0.00153111504700579,0.0005286245806630272,0.007378703318612456,0.0025524313609909255,12.0,0.0,58,IA,2016-01-01,Prior default history,6.858617717090964e-05,3.450953252862995,4.017580775859666,3.2982124460744693,0.020634347691056525
RM001036,2,3.5073357125815514,38818.85,0.002412899676224107,0.00045743998926622907,0.010015405950754785,0.0019046199336730796,15.0,0.0,50,MN,2015-05-01,Relative lifetime-PD deterioration,9.035135540031587e-05,3.4477633318568994,4.032902485644414,3.2902324237504104,0.020059493269722076
RM000124,2,3.4895044391901147,48027.74,0.001370676948752092,0.0006200870093001983,0.005357763025367168,0.002426478755355954,4.0,0.0,47,WA,2015-02-01,Relative lifetime-PD deterioration,7.265602002488802e-05,3.4281533318608455,4.029850405764465,3.26653537617353,0.02884010769111732
RM003353,2,3.4856332119336386,37350.65,0.0019653077250158376,0.0006694818378807201,0.009300873806055154,0.003176049344896237,11.0,0.0,57,TX,2015-12-01,Relative lifetime-PD deterioration,9.33218889613337e-05,3.4275199744010147,3.998527273002813,3.2737123375748567,0.021598157026826766
RM002849,2,3.48525105618696,127866.85,0.0006322089528636363,0.00023149109602653648,0.002999434865803896,0.0010991055381313064,11.0,0.0,57,MA,2015-12-01,Relative lifetime-PD deterioration,2.7256877417305266e-05,3.4280509352597606,3.9903864714196833,3.2764573017422833,0.020321180410515297
RM002174,2,3.4803335659216836,75868.24,0.0011661740684795101,0.0005101787584095354,0.005237084011000093,0.0022937555604854998,4.0,0.0,54,CA,2015-09-01,Relative lifetime-PD deterioration,4.5873392686078966e-05,3.4224550512933694,3.9912990012144665,3.2691721278959753,0.02
RM001240,2,3.4726688133822816,30973.23,0.0028568042640276345,0.0004933859227358665,0.011849619985547122,0.0020541692906218545,7.0,0.0,50,TX,2015-05-01,Relative lifetime-PD deterioration,0.00011211839428378253,3.4130942411783676,3.9979880209990304,3.2557377145080526,0.020586277969479646
RM002432,2,3.4249253745655004,27426.06,0.0017824078713383018,0.00031643504627773084,0.008143320700254697,0.0014495052620255855,10.0,0.0,55,NJ,2015-10-01,Relative lifetime-PD deterioration,0.00012487850513582703,3.366926552379163,3.9365122028920982,3.213622523697147,0.031813028755638975
RM002402,2,3.4032306357095217,54000.84,0.0005103226494162931,0.0002356109613094548,0.009946571823776673,0.0046039607685131045,18.0,0.0,235,GA,2015-10-01,Relative lifetime-PD deterioration,6.302180921092194e-05,3.365928176389712,3.735128800872133,3.265394202737581,0.02150904655530713
RM001512,2,3.3437239361558935,32623.08,0.001503817342876342,0.00036136975123391476,0.006500228098659799,0.001564992717474345,10.0,0.0,52,KS,2015-07-01,Relative lifetime-PD deterioration,0.00010249565449233774,3.286195778822395,3.8508301496573,3.134357955873398,0.03272537439313396
RM002625,2,3.331365307113528,15464.4,0.0023332736392427627,0.0006469457902229013,0.010842128962443298,0.0030155015805923835,9.0,0.0,56,IN,2015-11-01,Relative lifetime-PD deterioration,0.00021542156870706447,3.2752559817530296,3.826419005468624,3.126856236579018,0.041271067206121115
RM001206,2,3.329654174276555,12027.16,0.0028114325958018046,0.0005150411955703178,0.011894115475711842,0.0021870937855177353,19.390727346938775,0.0,51,PA,2015-06-01,Relative lifetime-PD deterioration,0.00027684458960191394,3.2716802665702387,3.840481935980271,3.1188061625581893,0.04611310925804704
RM001687,2,3.3172187168450025,37914.11,0.00149463880751431,0.0005439952632211806,0.006460652863919059,0.0023551764330908,7.108895625000001,0.0,52,NY,2015-07-01,Relative lifetime-PD deterioration,8.749298656476448e-05,3.260244529961446,3.8194835666100833,3.1098405906636435,0.02864561014471188
RM000620,2,3.302379132174658,31285.82,0.0016018416313483446,0.0003407142725298745,0.0065247186127394,0.0013905193402056204,11.0,0.0,49,NM,2015-04-01,Relative lifetime-PD deterioration,0.00010555514070510724,3.244592233323641,3.811417035621353,3.0923071624007226,0.033317416536238056
RM001390,2,3.2975720909534827,11690.7,0.0025545220159425425,0.0003449450910227704,0.04824783970451563,0.006647893233276525,4.0,0.0,232,GA,2015-07-01,Absolute lifetime-PD deterioration,0.0002820679763361888,3.2625381759046985,3.609582947185483,3.1679176424799413,0.02080388454259961
RM001902,2,3.282784722012317,92496.94,0.0008328916106834983,0.00040883731409421044,0.0037425530846716404,0.001838452071710961,7.0,0.0,54,HI,2015-09-01,Relative lifetime-PD deterioration,3.549073863429771e-05,3.227551042067202,3.7700882233923276,3.0814836767637446,0.020858842502429465
RM000408,2,3.272789704238515,86872.61,0.0010230350519315069,0.0001982044378990639,0.004170809311283885,0.0008090875175993384,16.0,0.0,49,VA,2015-04-01,Relative lifetime-PD deterioration,3.7673435899284194e-05,3.216895460117648,3.765740786293069,3.0692029250242148,0.02
RM002293,2,3.269005945948651,47694.7,0.0015251050782564234,0.00039580916158994857,0.00697098979871269,0.0018128392607372756,12.0,0.0,55,TX,2015-10-01,Relative lifetime-PD deterioration,6.854023499358736e-05,3.2140097526999902,3.754205954127918,3.068575997179288,0.02125403720592912
RM001293,2,3.246705391719251,29898.59,0.00134085548731914,0.0003210482254146492,0.005686231601070846,0.001363743288651853,11.0,0.0,51,IN,2015-06-01,Relative lifetime-PD deterioration,0.0001085905854329335,3.1904881605414483,3.7421154199468805,3.0422051805168007,0.03939482083590596
RM000336,2,3.2248383586695164,36851.48,0.0022447495977759467,0.0005322128000031146,0.008948810205454905,0.0021271523001435977,13.0,0.0,48,TX,2015-03-01,Relative lifetime-PD deterioration,8.750905957289954e-05,3.168649726207898,3.7199296621640516,3.020487208256169,0.020875078317885945
RM001120,2,3.2202883558442434,36582.07,0.0018739050843861824,0.0003906681105314848,0.007784802907630728,0.0016267771995083224,10.0,0.0,50,IL,2015-05-01,Relative lifetime-PD deterioration,8.802914531201332e-05,3.164366695687218,3.713073683921842,3.0168768406281252,0.02343362783994004
RM003251,2,3.2160300850075756,25627.15,0.002708368181058,0.00043355600287539733,0.01302266679304942,0.002093780052772609,10.0,0.0,58,MN,2016-01-01,Relative lifetime-PD deterioration,0.00012549308389764666,3.162963831713113,3.684606054531104,3.022361808394897,0.021066067183417775
RM000963,2,3.213877625752679,28736.54,0.00220914183239371,0.00035297136221230544,0.00917261249708723,0.001469892278843754,8.0,0.0,50,MA,2015-05-01,Relative lifetime-PD deterioration,0.0001118394081456111,3.1580913872689624,3.7054989660404627,3.0109388803272665,0.025372112503058326
RM002242,2,3.2130558277471377,31040.11,0.001224634630959752,0.00044714844872872656,0.005600606215219184,0.0020477891394407033,8.0,0.0,55,PA,2015-10-01,Relative lifetime-PD deterioration,0.00010351302968150363,3.1586709035558616,3.6927468606532465,3.014931982398115,0.03893414884130092
RM002739,2,3.2052165526721343,33737.37,0.0011612809012456794,0.00037027807789913314,0.005407784982543018,0.0017267917327926652,11.0,0.0,56,NY,2015-11-01,Relative lifetime-PD deterioration,9.500493229531923e-05,3.151129727483934,3.6823206135901794,3.0081500910082366,0.03663248875792867
RM000084,2,3.181756123986281,123893.11,0.000691874757571251,0.00020329095926715953,0.00282214328335062,0.0008298446265142534,22.237224871794872,0.0,49,VA,2015-04-01,Relative lifetime-PD deterioration,2.5681461414490932e-05,3.1274769543866947,3.660467764077865,2.984049004347164,0.0200101474200097
RM000906,2,3.164700785695107,52313.0,0.0012444641350046381,0.00024229819739236507,0.005175059350167044,0.0010091885777708809,8.0,0.0,50,MT,2015-05-01,Relative lifetime-PD deterioration,6.049549415432315e-05,3.1098715354013,3.6478858474162417,2.965245209062937,0.02451871239913975
RM000881,2,3.147246261336355,70787.89,0.0010090432267411819,0.0003234208431290516,0.004197634589648946,0.0013468969312279144,13.0,0.0,50,MD,2015-05-01,Relative lifetime-PD deterioration,4.446023551961155e-05,3.092686923277611,3.628016514646909,2.9487969948861528,0.022182136417698742
RM003020,2,3.140123665554198,72090.13,0.0008719270179116419,0.00023665292529916857,0.004062493371004616,0.0011039012683190519,16.0,0.0,56,NC,2015-11-01,Relative lifetime-PD deterioration,4.355830216361377e-05,3.0873015526218777,3.6061086133271982,2.9476402237188064,0.0225087601728232
RM000255,2,3.131919038303381,29876.11,0.0012714092707595808,0.0002822158641018253,0.0113846624104057,0.002537077415628808,14.0,0.0,108,MI,2015-03-01,Relative lifetime-PD deterioration,0.00010483021512182747,3.0890062984095685,3.512606248668383,2.9741137626030043,0.022291391930977303
RM002368,2,3.1289708681452812,11700.96,0.0016563402121809326,0.00046685251240634855,0.007569062633540846,0.0021379516278032806,4.0,0.0,55,MO,2015-10-01,Relative lifetime-PD deterioration,0.00026741146608015765,3.076132770884154,3.595093597552083,2.936431359033867,0.07516446881203544
RM002876,2,3.12596725389892,18526.94,0.00408320699080375,0.0004686169363032964,0.019247297844125932,0.0022239754585999805,9.0,0.0,57,MN,2015-12-01,Relative lifetime-PD deterioration,0.00016872550210120615,3.075267245881909,3.5741609710042685,2.940589263597479,0.02
RM001934,2,3.1014902239271183,34458.5,0.0022482124053419396,0.00042796677592287397,0.009891537207627255,0.0018888051358618707,9.0,0.0,53,NV,2015-08-01,Relative lifetime-PD deterioration,9.000653609202717e-05,3.0492945950110952,3.5620724094645975,2.9112060169172223,0.020335978649651674
RM001202,2,3.098515179512284,9577.74,0.0033633129772314813,0.00044123975927277026,0.06279468043222891,0.00845975301896107,3.0,0.0,231,CO,2015-06-01,Absolute lifetime-PD deterioration,0.00032351214164430065,3.0682552469468205,3.3686973619904053,2.98606379279912,0.02
RM001181,2,3.0984053587046394,28768.92,0.0014832720051240892,0.00037032335896772884,0.006165801042159469,0.0015421094986176609,9.125625161290321,0.0,50,IN,2015-05-01,Relative lifetime-PD deterioration,0.0001076997453746835,3.0445531656312803,3.572915635111638,2.9025475737526922,0.036171155077571945
RM000631,2,3.0891339468491394,68161.49,0.0012469613989996913,0.00024850589117586693,0.004978523872862128,0.0009936530950180877,10.0,0.0,48,OR,2015-03-01,Relative lifetime-PD deterioration,4.532081013559327e-05,3.0358239862675274,3.5590674844096295,2.8951125054562006,0.020105915257603676
RM000383,2,3.083818764466568,19992.59,0.0032748390796364262,0.000533548108126679,0.013304900311941315,0.002176863379000471,12.116721212121213,0.0,49,MI,2015-04-01,Relative lifetime-PD deterioration,0.00015424808713961364,3.0299282188858103,3.5586450054376533,2.8878363264482063,0.023636705958271883
RM001803,2,3.079187705430937,55861.07,0.0012908010090432838,0.0003919764644269131,0.005688479392648271,0.0017300704735488948,10.0,0.0,53,FL,2015-08-01,Relative lifetime-PD deterioration,5.5122247129010186e-05,3.0268979701714027,3.5403467303692833,2.888731602391539,0.021045923332086117
RM002162,2,3.0772980094869946,29552.06,0.002023469157697667,0.00046781612201639267,0.009073421922332514,0.0021034497619392134,10.0,0.0,54,GA,2015-09-01,Relative lifetime-PD deterioration,0.00010413142127780582,3.0249185906279217,3.539238366480652,2.8865217404992,0.02391300306839124
RM001605,2,3.075299629455142,120202.11,0.0006666012430513545,0.00028460573050156365,0.0028853978035079386,0.0012327066252776353,9.0,0.0,52,CO,2015-07-01,Relative lifetime-PD deterioration,2.558440637568793e-05,3.0235845029320947,3.531633654278282,2.8867726316156803,0.02
RM001551,2,3.0482585656949057,44115.73,0.0018296926340955308,0.0002600963029637281,0.007753104832393665,0.0011049421703158702,9.0,0.0,51,FL,2015-06-01,Relative lifetime-PD deterioration,6.909686331145161e-05,2.996777956625377,3.502514895257788,2.86059211180249,0.02
RM000453,2,3.0313017365465513,59804.44,0.0008375277851204701,0.00029986373032294674,0.0034154919475192225,0.0012238776354340786,8.0,0.0,49,WI,2015-04-01,Relative lifetime-PD deterioration,5.068690111547824e-05,2.9785169321538376,3.4963550451340573,2.8393609859072995,0.031196991634605105
RM001165,2,3.0253854767303707,43443.85,0.0006296298366277577,0.00028423857116045544,0.01205098975728891,0.00545742411893857,7.0,0.0,231,MA,2015-06-01,Relative lifetime-PD deterioration,6.96389817368942e-05,2.9933186564190435,3.3108776282223094,2.9067750939597623,0.02073150697814567
RM001142,2,3.025315876308933,40444.85,0.002018060391218099,0.0002639194291019123,0.008381756465204449,0.0010992048561184742,9.0,0.0,50,MN,2015-05-01,Relative lifetime-PD deterioration,7.480101610733957e-05,2.9738999682460645,3.4788954947102173,2.8379567051222407,0.02
RM001259,2,3.017927822285074,24151.58,0.002777080225275255,0.00043000625199751615,0.011749439590546418,0.0018262499800152376,6.0,0.0,51,IL,2015-06-01,Relative lifetime-PD deterioration,0.00012495778008250698,2.965951430620305,3.476153838814017,2.828727467127943,0.022443684441948813
RM002820,2,3.01607826511043,72091.61,0.0010096290696322398,0.00027405435983353333,0.004702889035505753,0.0012782779306276248,13.0,0.0,56,FL,2015-11-01,Relative lifetime-PD deterioration,4.183674445764812e-05,2.9665905012867335,3.453174662375193,2.835389854533894,0.020074199809414023
RM003174,2,3.007833474988259,45777.61,0.0010959263188242683,0.00031406984719985686,0.005285862282786602,0.0015170907436905523,7.0,0.0,58,NH,2016-01-01,Relative lifetime-PD deterioration,6.570534099504669e-05,2.9578589125294212,3.448934727359937,2.8255666570335776,0.026435664141793973
RM002251,2,2.994314123309433,43566.57,0.000575843532767197,0.0002363163032954431,0.011216801243893126,0.004617713271581669,19.0,0.0,235,OK,2015-10-01,Relative lifetime-PD deterioration,6.872962740260326e-05,2.961928436051667,3.2825044933854755,2.8746192592573774,0.021181285787772394
RM002508,2,2.988257213561173,37880.2,0.001797610076317817,0.00031769650758707335,0.007915098410525956,0.0014023982311005545,7.0,0.0,53,VA,2015-08-01,Relative lifetime-PD deterioration,7.888704952880854e-05,2.9374831375806436,3.436072019278471,2.8033062128651136,0.021395920338979166
RM002260,2,2.9803439428894203,41823.59,0.001202787182527236,0.00034436780769343404,0.005500906890718027,0.0015773789093233015,10.0,0.0,55,OH,2015-10-01,Relative lifetime-PD deterioration,7.125987852523947e-05,2.9299191569049805,3.425113432479384,2.7966414213048467,0.02703236515450851
RM000272,2,2.972102808659102,61184.01,0.0011740491317750244,0.00022603795279077396,0.004687932650213833,0.0009038452984196921,11.0,0.0,48,IL,2015-03-01,Relative lifetime-PD deterioration,4.8576463174922695e-05,2.920049852776662,3.4306039850214805,2.7828936671650553,0.021797008833469265
RM001813,2,2.9673605536272074,9636.95,0.005127659011003396,0.00026281960260650134,0.02244959510635236,0.0011602655145029894,19.711943181818185,0.0,53,MI,2015-08-01,Absolute lifetime-PD deterioration,0.00030791490602599447,2.919413222362897,3.391583631429943,2.7918020941239563,0.022800424456589283
RM000121,2,2.955907780889972,21868.49,0.0027011026617505345,0.0006210409801440153,0.010537717549756964,0.0024302083824050413,8.0,0.0,47,NC,2015-02-01,Relative lifetime-PD deterioration,0.00013516743867043274,2.9037381844561128,3.415358074540722,2.7663275131120506,0.026528179120152682
RM000596,2,2.939524700143766,19765.83,0.0034372850781696786,0.0006403287583427129,0.013961381490658398,0.002612095772164924,5.0,0.0,49,OH,2015-04-01,Relative lifetime-PD deterioration,0.00014871749378314827,2.8884114460565575,3.39000394486505,2.753558968003906,0.022388723609151864
RM003262,2,2.922622317691654,57254.85,0.0006748674688307827,0.00028259114900182906,0.003257642918994108,0.0013651176242024388,9.0,0.0,58,WI,2016-01-01,Relative lifetime-PD deterioration,5.1045847080057916e-05,2.874019073856165,3.351580094284519,2.7453836344242775,0.03328444829485954
RM001739,2,2.908212343579659,38337.87,0.0014915017616222673,0.0004423540675038807,0.006570701523599731,0.0019522545797764357,12.0,0.0,53,IL,2015-08-01,Relative lifetime-PD deterioration,7.585743140084879e-05,2.8583968948832097,3.3474019837283007,2.726868235626394,0.02392267794675376
RM001832,2,2.9073989400974414,42838.49,0.0008135510636759341,0.0003970012962847475,0.007634763155448865,0.0037321891549224606,6.0,0.0,113,NJ,2015-08-01,Relative lifetime-PD deterioration,6.786884738695135e-05,2.868336554982696,3.2540927778318025,2.7636421531578894,0.02221401631145865
RM002835,2,2.897923738681264,15919.91,0.0037958636693079233,0.0010683569780023702,0.017902471780757767,0.005064540121489602,10.0,0.0,57,IA,2015-12-01,Relative lifetime-PD deterioration,0.00018203141466762465,2.849615206055106,3.3243752876097976,2.7216957611777484,0.021796422322220833
RM001837,2,2.8717831579426654,12169.13,0.00368043039353192,0.0009895188903815582,0.01615333366337035,0.004362993181138419,24.33826,0.0,53,MI,2015-08-01,Relative lifetime-PD deterioration,0.00023598919215610858,2.8221352170340843,3.30940055809819,2.6911132575322907,0.028453541009802148
RM000645,2,2.8599520821549564,26728.58,0.0017587533770791314,0.0004598559239345928,0.007162127852693434,0.0018764142306977316,12.0,0.0,49,KY,2015-04-01,Relative lifetime-PD deterioration,0.00010699977635007008,2.809861994548239,3.301176613960484,2.677869060457731,0.030551416160314915
RM002134,2,2.8590168122244632,37175.89,0.0013032230658161427,0.00020695066894548523,0.005851143490311461,0.0009309407933536518,11.0,0.0,54,SC,2015-09-01,Relative lifetime-PD deterioration,7.690513427451133e-05,2.810310304245969,3.2885143296075308,2.681652444051947,0.027288017376323696
RM000069,2,2.843371322962623,52563.27,0.0011374965673678309,0.0002163294700219896,0.004447809762079258,0.0008470231576079845,15.0,0.0,47,AR,2015-02-01,Relative lifetime-PD deterioration,5.409426245670453e-05,2.7930430139572326,3.2864694997663206,2.660574067195865,0.024716135609870304
RM000521,2,2.8409046525944133,53956.56,0.0006918039802713648,0.00025974701026117457,0.0062663448193873705,0.0023568933041996365,12.0,0.0,109,IL,2015-04-01,Relative lifetime-PD deterioration,5.26517007866034e-05,2.802657168798527,3.1803192364625,2.7001783708421403,0.021274168222974055
RM000910,2,2.8319292890968604,29358.83,0.002275405287907553,0.00045578147141625737,0.009446754545718083,0.001897719429803213,8.0,0.0,50,FL,2015-05-01,Relative lifetime-PD deterioration,9.645920117037567e-05,2.7828929632959634,3.2641073981378197,2.653517650387869,0.021681463572684648
RM002576,2,2.8243273949219567,35056.15,0.0011919165821690412,0.00038006967516349073,0.005550135675090662,0.0017724230262506913,6.0,0.0,56,UT,2015-11-01,Relative lifetime-PD deterioration,8.056581783572801e-05,2.776880083595377,3.242953466656805,2.6513916014823677,0.030841148036556746
RM002850,2,2.824026679802274,16409.43,0.0022069725449899223,0.0009481339660197147,0.010439827344497443,0.004495636949360726,6.0,0.0,57,NY,2015-12-01,Relative lifetime-PD deterioration,0.00017209779253772215,2.776785676292534,3.2409423588008828,2.6517686766797515,0.03479041873330735
RM002177,2,2.8212935899195957,32883.31,0.002161417978192744,0.0003948993468150598,0.00968965725792903,0.0017758193939785283,9.0,0.0,54,TX,2015-09-01,Relative lifetime-PD deterioration,8.57971289970382e-05,2.7744588482877997,3.234837538651731,2.65037273734055,0.020044439364226226
RM003257,2,2.812993225662476,92512.87,0.0007174510998775073,0.00022047968850540467,0.0034629150882258264,0.001065201591921472,15.0,0.0,58,MN,2016-01-01,Relative lifetime-PD deterioration,3.0406506961274426e-05,2.7674952023546138,3.2150629668673085,2.6467286763550777,0.02
RM000646,2,2.782550148106938,11992.0,0.003918829956724123,0.0008544148219746807,0.01558341695113774,0.0034132816342133943,23.66842105263158,0.0,48,IL,2015-03-01,Relative lifetime-PD deterioration,0.00023203386825441444,2.7332546921011502,3.2166411195099682,2.6034461282866475,0.028852078483864674
RM001070,2,2.7816932726071983,68607.7,0.000874985058038994,0.00030253903963021794,0.0037134025484548694,0.001285158933679087,9.0,0.0,51,CA,2015-06-01,Relative lifetime-PD deterioration,4.054491365556925e-05,2.7337847415482286,3.2039760722002137,2.6073549612558744,0.02305539861012342
RM001301,2,2.763452911351701,22895.69,0.0027162533258374305,0.0003913448176954627,0.011493225816378239,0.0016621580881308606,9.0,0.0,51,NV,2015-06-01,Relative lifetime-PD deterioration,0.00012069751605440591,2.7157681110738157,3.183793180547128,2.5899088295885413,0.022163548691873095
RM003029,2,2.7332591854900463,55220.72,0.0008947942755562689,0.0002766654545963031,0.004243147805940484,0.0013134793642166631,10.0,0.0,57,MA,2015-12-01,Relative lifetime-PD deterioration,4.949698565122016e-05,2.6875210458416343,3.136844549914483,2.5665264727284134,0.024616537915593987
RM001701,2,2.731584443199182,51684.86,0.0010385629693705509,0.00033420039069075855,0.004492655841208393,0.0014473952533592405,8.0,0.0,52,CA,2015-07-01,Relative lifetime-PD deterioration,5.285076603088761e-05,2.684750740843601,3.144470756325333,2.561105140364602,0.024746849608755107
RM000040,2,2.714744209562188,21399.83,0.0008557872706145029,0.00020500528391923723,0.0034187573578244868,0.000819769007139648,11.0,0.0,48,MO,2015-03-01,Relative lifetime-PD deterioration,0.0001268582138064736,2.6669397786959057,3.1357017653719357,2.5410599223757346,0.07620809628310452
RM001205,2,2.693224250998416,19617.34,0.0030344676084037552,0.0003744423516133479,0.012583000867848138,0.0015592517379415805,7.0,0.0,50,MI,2015-05-01,Relative lifetime-PD deterioration,0.00013728794275872345,2.646526067315184,3.1048115989565668,2.5233086133051748,0.022841666552193458
RM001570,2,2.676378869138267,37131.66,0.001718439527633818,0.00036089813545951715,0.007282999869334228,0.001532917797602562,15.0,0.0,51,MN,2015-06-01,Relative lifetime-PD deterioration,7.207808293887929e-05,2.6303747737417598,3.0819144363955506,2.5089443439382735,0.02113588203958459
RM003397,2,2.670117245550121,36063.95,0.0016898018735683694,0.0004551942172894236,0.008140965515868293,0.0021981867143695544,12.0,0.0,58,TX,2016-01-01,Relative lifetime-PD deterioration,7.403840249196555e-05,2.6264390610236976,3.055910419688131,2.510634281948193,0.020399648122923785
RM002928,2,2.6590107673055483,20395.22,0.0018694950490548534,0.0005707700077456359,0.009003572454366116,0.00275570535563352,24.549801851851853,0.0,58,MI,2016-01-01,Relative lifetime-PD deterioration,0.00013037421353167793,2.614081525432225,3.0553021468633226,2.495332380508185,0.028465882709711496
RM000311,2,2.6539833767887124,23608.25,0.0008339501443374508,0.0003314102867155522,0.01572668702614255,0.006278049267144481,6.0,0.0,228,WA,2015-03-01,Relative lifetime-PD deterioration,0.00011241762421139697,2.6240733668299665,2.9201132477380565,2.543458802153355,0.022756279515072458
RM000005,2,2.6533952441408273,22265.34,0.0007911107626903847,0.00023978387617405286,0.014859591506566572,0.004526181391253492,5.0,0.0,227,WA,2015-02-01,Relative lifetime-PD deterioration,0.00011917155741348783,2.623212643043745,2.9219540387497758,2.5418610223818736,0.024181739726703354
RM001621,2,2.6516539569192124,20418.32,0.0024746616255905407,0.0003654897847915618,0.01067939024001896,0.0015828245771077887,13.0,0.0,52,IL,2015-07-01,Relative lifetime-PD deterioration,0.00012986641197313062,2.605940042511547,3.0546206116284913,2.4852829252565627,0.024788636056387054
RM000025,2,2.647565638172271,26214.22,0.002871827086116535,0.0003670324218069541,0.011200968302886083,0.001436774379181438,5.0,0.0,47,FL,2015-02-01,Relative lifetime-PD deterioration,0.00010099730749845966,2.6016892764508763,3.051983961607241,2.48059009682537,0.020033623726888394
RM000786,2,2.64322105184553,14015.25,0.0012430375951768093,0.0002782849720484473,0.005066018354185853,0.0011358428852821234,6.0,0.0,49,MO,2015-04-01,Relative lifetime-PD deterioration,0.00018859606869984697,2.597082771038514,3.0496840930142737,2.4754705634940986,0.07765352469073977
RM002872,2,2.6256683092884794,44025.52,0.0010146742992513873,0.0002299928830924842,0.004810541892643294,0.0010919951825336671,9.0,0.0,57,OH,2015-12-01,Relative lifetime-PD deterioration,5.963968873708884e-05,2.581731657113722,3.0133635594148047,2.4654987147632843,0.026084283594960334
RM001927,2,2.6244905957860976,55843.48,0.001208269495705845,0.000396347950178203,0.005325519060156769,0.001749351879659855,8.0,0.0,53,FL,2015-08-01,Relative lifetime-PD deterioration,4.699726084022875e-05,2.58063452764968,3.0115954276253825,2.4645333187821596,0.02
RM001804,2,2.6228646312032735,43484.1,0.001278060363000908,0.00028797937758796567,0.00563245476742702,0.0012712833284470593,15.0,0.0,53,NV,2015-08-01,Relative lifetime-PD deterioration,6.031778583903711e-05,2.5779886615261076,3.0185030105418447,2.459503936461314,0.022341492930431264
RM001750,2,2.6174025317185987,45044.09,0.0013465334380667931,0.00030073302700514586,0.006045137910998255,0.0013525865822086036,11.0,0.0,54,GA,2015-09-01,Relative lifetime-PD deterioration,5.810756820081389e-05,2.5732451716939924,3.006937243478734,2.4565012994718307,0.02092624979021367
RM001096,2,2.6163702710148513,2880.95,0.008174703227863766,0.0007084372413533517,0.14615855338767103,0.013549616038638912,4.990216964285715,0.0,231,KS,2015-06-01,Absolute lifetime-PD deterioration,0.0009081623322219585,2.588426034842213,2.865484096624457,2.5127891771012836,0.021061642026815597
RM003260,2,2.6135335639338364,34143.5,0.0015617151350028288,0.000424873013191523,0.007525728920350194,0.0020518812778527185,14.0,0.0,58,IA,2016-01-01,Relative lifetime-PD deterioration,7.654556691416628e-05,2.570032677860919,2.997449191340418,2.454908282495215,0.021816085908864018
RM002257,2,2.610357447940157,28465.7,0.0014305129584720566,0.0003982797970121275,0.006539734044186063,0.0018241469039060876,22.437669411764706,0.0,55,IL,2015-10-01,Relative lifetime-PD deterioration,9.170185338636172e-05,2.5657097294583195,3.003974767654991,2.4478335474752626,0.027692701855593745
RM002758,2,2.6064722632732273,36273.85,0.0013762705075560408,0.00024294309486449868,0.006406410262031925,0.0011332295913196733,15.0,0.0,56,AR,2015-11-01,Relative lifetime-PD deterioration,7.185540722237169e-05,2.56244499198604,2.994821201037036,2.4460708343631934,0.023279401162528503
RM003417,2,2.60439146318512,38726.0,0.0005934798523858244,0.00028972383836553805,0.011656240089361614,0.005706530419933742,18.0,0.0,237,GA,2015-12-01,Relative lifetime-PD deterioration,6.725175497560089e-05,2.5770983848378184,2.847383631350469,2.50343788089466,0.02070670496997313
RM001191,2,2.579903340932935,11084.33,0.0022165493529447194,0.0004587078744128683,0.041639259532221806,0.008755364597886062,3.0,0.0,230,OH,2015-05-01,Absolute lifetime-PD deterioration,0.0002327523035612378,2.5530865992898684,2.818814781378957,2.480603566718576,0.02045418169765228
RM000639,2,2.573397711586367,15533.58,0.0036298368258359014,0.0005178235392168691,0.014739099617654627,0.002112758739175602,8.0,0.0,49,IL,2015-04-01,Relative lifetime-PD deterioration,0.00016566674981468324,2.52851561528076,2.9689073246501003,2.4101381042186683,0.023304255969228922
RM000636,2,2.5678788043384304,21022.63,0.0033865371018193613,0.0012634376856791188,0.013756332825004547,0.0051489972586905575,4.0,0.0,49,TX,2015-04-01,Relative lifetime-PD deterioration,0.00012214831371424177,2.523955109791553,2.955318098134982,2.4078520493654025,0.02
RM003272,2,2.5559838798201913,39131.36,0.0010069437471831567,0.00041576027509209867,0.004857510718926261,0.0020079073005435655,7.0,0.0,58,NJ,2016-01-01,Relative lifetime-PD deterioration,6.531804363099548e-05,2.513439699287015,2.9314652939407657,2.400841026263101,0.028632065249607985
RM002146,2,2.555682878455052,20940.95,0.0029424121747797303,0.0005071239334500814,0.01317284168879962,0.0022800333056046673,30.283835384615386,0.0,54,IA,2015-09-01,Relative lifetime-PD deterioration,0.00012204235617080656,2.5132896414784995,2.9300344079786753,2.400953896075499,0.020302625957855095
RM002173,2,2.5550960506674727,46500.0,0.001093163897017734,0.00040579448899501506,0.004909835423381859,0.0018247788692367095,6.0,0.0,54,CA,2015-09-01,Relative lifetime-PD deterioration,5.4948302164891886e-05,2.5117676079557794,2.9372458216789212,2.3972642740990904,0.02382723004313741
RM002585,2,2.5466475848729804,29110.28,0.00196502115645721,0.0005576025227735011,0.009137120749413086,0.0025994863261996626,7.0,0.0,56,TX,2015-11-01,Relative lifetime-PD deterioration,8.748275814842662e-05,2.504151928748058,2.9217062092073696,2.391677988373422,0.02099088101818354
RM002229,2,2.5324679798849603,70679.19,0.000787430136735946,0.00018310214990263987,0.0036039665458033054,0.0008389429182040775,12.0,0.0,55,GA,2015-10-01,Relative lifetime-PD deterioration,3.58304612699291e-05,2.4898757579788997,2.9082175008595907,2.377255175038986,0.021381047738489627
RM002282,2,2.4895966559099554,49910.9,0.0009810306290655183,0.0003856743375990961,0.004488493842177754,0.0017664529904150017,6.0,0.0,55,CA,2015-10-01,Relative lifetime-PD deterioration,4.988082074075914e-05,2.4475970563850318,2.860094044891492,2.336559665547921,0.023774786601832795
RM001014,2,2.48884526546669,43610.01,0.0015415805663626613,0.00040004993292321647,0.006407591702496274,0.0016658192064232802,9.0,0.0,50,TX,2015-05-01,Relative lifetime-PD deterioration,5.707050435133333e-05,2.446503000606787,2.8623401585103365,2.3345767607167094,0.02
RM001056,2,2.4883869032141406,14631.9,0.0036888031566847824,0.0005007049926719902,0.015280481879853092,0.0020846174409900886,7.0,0.0,50,MI,2015-05-01,Relative lifetime-PD deterioration,0.00017006587683172662,2.4452239674043823,2.8688350376363116,2.3313213110481104,0.023264309214175657
RM002010,2,2.4713316311084297,45866.9,0.0010001112512114643,0.0002591116505430769,0.0044926304403762884,0.0011654738231732242,10.0,0.0,54,MA,2015-09-01,Relative lifetime-PD deterioration,5.3880502739632055e-05,2.4293015125138653,2.8419747274627105,2.318266817867176,0.025052425347047012
RM002552,2,2.455031428397127,32693.41,0.0007639948620970039,0.0003076136099097166,0.007360881295212618,0.0029696375599830294,11.0,0.0,116,NC,2015-11-01,Relative lifetime-PD deterioration,7.509254704226715e-05,2.4217966822295427,2.749942225943955,2.3327622577130933,0.02433192043474786
RM002716,2,2.4320135971847736,14825.71,0.001858507141891589,0.00048363382063764174,0.008643530803608579,0.002254957531007351,6.0,0.0,56,PA,2015-11-01,Relative lifetime-PD deterioration,0.00016404027848816507,2.3911185296111532,2.792840895837694,2.2829516633006848,0.039892565160175364
RM001742,2,2.408187756686268,10875.15,0.0022505450293963643,0.00029204100508523507,0.042983920401900466,0.00567944196132486,13.785401408450705,0.0,234,MN,2015-09-01,Absolute lifetime-PD deterioration,0.00022143949800106373,2.384894527341568,2.6161509385189157,2.3216362445358305,0.02
RM000648,2,2.407825341253311,51639.85,0.0009110282022063906,0.00021152366565958282,0.0037904789320000187,0.0008810534773656675,23.47265909090909,0.0,50,VA,2015-05-01,Relative lifetime-PD deterioration,4.6627272179398485e-05,2.36567087993549,2.7791005495414254,2.2546212058040753,0.02447047141583985
RM002741,2,2.4029213072417845,20071.98,0.002330946667731722,0.0005901056244738444,0.010831362331481742,0.00275084855457175,19.498494857142855,0.0,56,MN,2015-11-01,Relative lifetime-PD deterioration,0.00011971521032014701,2.362209679131747,2.7619945183349053,2.2546195175865056,0.022951823160666015
RM001138,2,2.395797901672413,29008.88,0.0008323668666901508,0.00023892206557035332,0.015901941964317046,0.0045892364060799995,6.0,0.0,231,AZ,2015-06-01,Relative lifetime-PD deterioration,8.258843159999328e-05,2.3717544907125885,2.6101641348099385,2.306657795031817,0.020106330545951172
RM003019,2,2.3927926021793633,29259.08,0.0015698150285129292,0.0005819105261836234,0.007434705103546935,0.0027610607745298665,9.0,0.0,57,MI,2015-12-01,Relative lifetime-PD deterioration,8.177948869818747e-05,2.3526926156614425,2.746626849283115,2.2466137776284345,0.02325381689583851
RM000637,2,2.3768711724948135,27542.03,0.0019881337953408787,0.0002893811976121607,0.007928850543605814,0.0011570224385091255,9.0,0.0,48,SC,2015-03-01,Relative lifetime-PD deterioration,8.629978155186142e-05,2.3351309074180846,2.744518875030141,2.2251585155726574,0.022674714731004648
RM001157,2,2.36994040822717,51795.5,0.0012111338720936253,0.00036417741753502205,0.005137197754818024,0.001546838331941247,5.0,0.0,51,FL,2015-06-01,Relative lifetime-PD deterioration,4.575572025035321e-05,2.329813464677719,2.723942484185849,2.2237105940769277,0.020022688223884297
RM001869,2,2.3654543718096224,39607.92,0.0011194968726359318,0.00040092951362604806,0.004934996924396806,0.0017695595707825085,7.0,0.0,53,CA,2015-08-01,Relative lifetime-PD deterioration,5.972175190743726e-05,2.3250404237654028,2.7217893114310505,2.2183130723070623,0.025629366540375186
RM000108,2,2.3640210827188324,43405.83,0.0012981807765069144,0.0002070958946323592,0.005074923402417664,0.0008108806477516994,11.0,0.0,47,NC,2015-02-01,Relative lifetime-PD deterioration,5.44632157182303e-05,2.3222846161106183,2.7315252500015292,2.212396542950274,0.022323049688006334
RM002123,2,2.345245062930219,13471.84,0.004050203731183336,0.0006298675808665419,0.018097169458523243,0.002831281479702019,27.23031489361702,0.0,54,TX,2015-09-01,Relative lifetime-PD deterioration,0.00017408498489665994,2.305969467632861,2.6919240338527506,2.2019911151431395,0.0207555011472524
RM003103,2,2.3359197487394,45762.47,0.0006188255449163068,0.0002761564818638489,0.002987444646092574,0.001334050026824296,15.254156666666667,0.0,58,VT,2016-01-01,Relative lifetime-PD deterioration,5.1044442066597366e-05,2.296821627052593,2.68088235952782,2.1934142655880122,0.03515550389770257
RM000941,2,2.3280346136740535,29150.73,0.0009763946478962899,0.0003297283686752257,0.004062026028015642,0.001373151118343241,11.0,0.0,50,AL,2015-05-01,Relative lifetime-PD deterioration,7.986196619000806e-05,2.2874799274756077,2.6853157979360676,2.180579825084852,0.04053141800852123
RM000181,2,2.320083320640131,26603.25,0.002039469034700771,0.0004269559793211073,0.007964193449910839,0.0016712033232539891,4.0,0.0,47,NC,2015-02-01,Relative lifetime-PD deterioration,8.721052204674733e-05,2.2792481920676564,2.679740503977246,2.1716727598113956,0.0230070592004507
RM002731,2,2.3052360173561417,39559.42,0.0009474580287029037,0.00014873561757458345,0.00449243764383267,0.0007062971837489274,15.0,0.0,57,OH,2015-12-01,Relative lifetime-PD deterioration,5.827274559020688e-05,2.2664563916772735,2.6473380863144387,2.1639254528534915,0.026535789784969184
RM000873,2,2.3039882720046974,22293.06,0.0012593872851764496,0.00025723785343361084,0.0115889982515055,0.002376926864052109,4.0,0.0,111,AK,2015-06-01,Relative lifetime-PD deterioration,0.00010335002337071256,2.272859555870947,2.5802575277987985,2.1894357293412963,0.02219120825215956
RM000416,2,2.2859145535272205,42231.42,0.001394891953680886,0.00023217214885875846,0.005683572071228826,0.0009476969966345505,9.0,0.0,49,OR,2015-04-01,Relative lifetime-PD deterioration,5.4128290110235945e-05,2.246345100008009,2.6346393723570642,2.141958718251477,0.020658555234217207
RM000852,2,2.2774501205784334,5710.91,0.005447889371522388,0.0013569537986424967,0.049708003517731414,0.012593532102130212,2.0,0.0,112,GA,2015-07-01,Absolute lifetime-PD deterioration,0.0003987893559132316,2.247492015862687,2.5436618073853348,2.1669814780178323,0.020917855642008105
RM003136,2,2.2696923312981747,3737.3,0.006267493145006968,0.0006244424609660201,0.11677254894350553,0.012260806972872684,1.0,0.0,237,AR,2015-12-01,Absolute lifetime-PD deterioration,0.0006073080382356713,2.2479691324956628,2.463822259823926,2.188850384152165,0.02
RM002750,2,2.2609686082486595,32599.31,0.0015285918646657543,0.0004337909571138261,0.007113464995032404,0.0020227484823344133,9.0,0.0,56,TX,2015-11-01,Relative lifetime-PD deterioration,6.935633325517194e-05,2.2231256287800183,2.594899651374281,2.1230091650462724,0.021226779162755425
RM000783,2,2.2374858905575143,28752.22,0.0018003963589709822,0.0006123093736775514,0.0073312387320428885,0.0024979040883675863,7.0,0.0,49,VA,2015-04-01,Relative lifetime-PD deterioration,7.781958716779137e-05,2.198443504543181,2.581458482518342,2.095519917587019,0.022383931534583453
RM001315,2,2.224363481627865,34811.84,0.0014679297194577711,0.0003589532325973083,0.006223835974684788,0.0015246616255566448,8.0,0.0,51,IL,2015-06-01,Relative lifetime-PD deterioration,6.38967512670363e-05,2.1860285063324247,2.562261533732145,2.0848631924566288,0.021801609521514966
RM002168,2,2.2226935915973374,56738.92,0.0008182729954844738,0.00040399901840795565,0.0036769592048911948,0.0018167106957392987,6.0,0.0,54,CA,2015-09-01,Relative lifetime-PD deterioration,3.917405533269469e-05,2.1850386723265145,2.5548089757195642,2.085525177701412,0.022821650880565453
RM000123,2,2.2104507972197935,13060.01,0.003433923973804281,0.0005655962010289268,0.013382330550365862,0.0022134252462995274,6.0,0.0,47,NC,2015-02-01,Relative lifetime-PD deterioration,0.00016925337708162503,2.1714796331933472,2.553708756485591,2.06880263449043,0.026306860947159106
RM003389,2,2.202147367548405,19244.53,0.0023050951155625743,0.0010118294079241984,0.01109217677086527,0.004881033506303534,6.0,0.0,58,FL,2016-01-01,Relative lifetime-PD deterioration,0.0001144297817378967,2.1654946963235004,2.5256721099357815,2.0684617175264193,0.022329608657557568
RM003026,2,2.18693505221412,73643.51,0.0005607270606193754,0.00020757817220881823,0.0026140376297334456,0.0009683295572434636,11.0,0.0,56,CA,2015-11-01,Relative lifetime-PD deterioration,2.9696235991659284e-05,2.1502029904057363,2.5110005586758994,2.053067846386749,0.024004888818364663
RM001870,2,2.180728414429513,32382.52,0.0016573724244153382,0.0004643221593879435,0.007299363579401752,0.002049130117578457,13.0,0.0,53,TX,2015-08-01,Relative lifetime-PD deterioration,6.734276438120051e-05,2.144004235488703,2.504751667321466,2.046871512783684,0.020407329938864547
RM002498,2,2.177282078844848,36507.04,0.0012281812656180552,0.0003009843714816306,0.00551494896741378,0.0013537164417984915,12.966981420765027,0.0,54,VA,2015-09-01,Relative lifetime-PD deterioration,5.9640060625151964e-05,2.140209001218746,2.504191172953602,2.04228345079762,0.022603048987806688
RM002046,2,2.158831631501414,47268.22,0.0009251857081768456,0.0003784571116093786,0.004156600129350596,0.0017019294233611149,5.0,0.0,54,CA,2015-09-01,Relative lifetime-PD deterioration,4.567194684930835e-05,2.122251515736957,2.4814686310170377,2.025577571563321,0.023487777508912937
RM001697,2,2.1490894223024197,100297.58,0.0005303721053432007,0.00025506053658429706,0.0022962483891575403,0.001104792570396529,5.0,0.0,52,TN,2015-07-01,Relative lifetime-PD deterioration,2.1427131365506723e-05,2.112615169426429,2.4707793500467132,2.016230018707326,0.02058262524116787
RM000438,2,2.147864763622091,15726.59,0.0032541619576992105,0.000519527829781149,0.012953248139080276,0.0020764924249575545,5.0,0.0,48,MI,2015-03-01,Relative lifetime-PD deterioration,0.00013657536462908303,2.1102755669676716,2.4790508692570294,2.011171772453869,0.02219301184669312
RM000784,2,2.1422988533875733,27218.96,0.001385232283634321,0.0003460321234568392,0.005644297230345874,0.0014122109164381724,13.0,0.0,49,NE,2015-04-01,Relative lifetime-PD deterioration,7.870612445837656e-05,2.1047291125331307,2.4732021164859237,2.0057518323785377,0.028429901032482194
RM001336,2,2.1095401845935853,61627.47,0.0009054685888985108,0.0003036989869875836,0.0038425830965427288,0.0012900838550999882,8.0,0.0,51,NV,2015-06-01,Relative lifetime-PD deterioration,3.4230517407149524e-05,2.0738595599237377,2.424323929938326,1.9795086053775879,0.02
RM000459,2,2.10389579337627,36904.18,0.001551892634573055,0.0002797905301612324,0.006321750228365897,0.0011419852931761065,5.0,0.0,49,AR,2015-04-01,Relative lifetime-PD deterioration,5.700968815392376e-05,2.0678083681724218,2.4221021053984058,1.9724939903630436,0.02007474558937374
RM000183,2,2.091910083337395,44958.54,0.0010392263806866457,0.00020420338420462026,0.004150430062180854,0.0008165633767441838,14.0,0.0,48,SC,2015-03-01,Relative lifetime-PD deterioration,4.6529760159858285e-05,2.055105195296841,2.4160239033206277,1.9581785891495298,0.02299446697429671
RM002481,2,2.0831129479927757,23265.94,0.0014766173403158627,0.0003359501068976893,0.006627628508133143,0.001510886937847733,10.0,0.0,54,NC,2015-09-01,Relative lifetime-PD deterioration,8.95348714899452e-05,2.0475972885869815,2.396286943624375,1.9537867747671838,0.02800703686351784
RM002780,2,2.077247685569295,81266.34,0.000585294490799034,0.00016643855359330356,0.0027770994569396024,0.0007903364481210984,14.0,0.0,57,IL,2015-12-01,Relative lifetime-PD deterioration,2.556098485017653e-05,2.0430520199755704,2.3791770379390185,1.9524614992070417,0.02044337886090998
RM000627,2,2.069033794687412,37216.17,0.0011020084525938808,0.00023420795554100854,0.004492228737784765,0.0009560038983911223,10.0,0.0,49,NC,2015-04-01,Relative lifetime-PD deterioration,5.559502212848372e-05,2.032864553168061,2.3876438274563596,1.9375485567954858,0.025568955453960717
RM003000,2,2.0573988485108714,41137.7,0.0009096146260534544,0.00024929655340235756,0.004313306595419952,0.0011836052426404953,8.0,0.0,57,MA,2015-12-01,Relative lifetime-PD deterioration,5.001249093923266e-05,2.022959003845504,2.36128582923009,1.9318555034643083,0.024539915557549932
RM002893,2,2.046511310938084,30103.76,0.0004912701957636981,0.00019057247548656152,0.00965802919449299,0.003757089486703169,12.0,0.0,237,NC,2015-12-01,Relative lifetime-PD deterioration,6.798191690799037e-05,2.023691458479439,2.249550668857446,1.9621895992960594,0.02259045645051951
RM000115,2,2.0455754355238667,36380.93,0.0014393684673134842,0.00035300171000110156,0.0056257037619728,0.0013818784420704944,9.0,0.0,47,MI,2015-02-01,Relative lifetime-PD deterioration,5.622658451897372e-05,2.0095826597748996,2.3625556183889596,1.9147825910385945,0.02123890256868472
RM002512,2,2.045364756256335,26419.73,0.001464341329702657,0.00040976069603072,0.006693978080663299,0.0018766915496475356,11.0,0.0,55,MI,2015-10-01,Relative lifetime-PD deterioration,7.74180794526036e-05,2.0106433048745145,2.35158233031306,1.9188989823469245,0.02409713425885919
RM000338,2,2.041385717643066,11496.56,0.002533647765134424,0.0005556476000881788,0.009886846865672982,0.0021745235724781597,23.951166666666662,0.0,47,OH,2015-02-01,Relative lifetime-PD deterioration,0.0001775649166048858,2.0049546956227537,2.3620388498139504,1.9091263049209208,0.03480044057039604
RM000657,2,2.0317690690754753,19650.72,0.001494341977133871,0.0004939328851167244,0.0060878535787187715,0.0020153573178423034,4.0,0.0,49,WA,2015-04-01,Relative lifetime-PD deterioration,0.00010339412851414478,1.996320186827782,2.344077625605983,1.9028727849348546,0.03591380181347318
RM002846,2,2.024708983286202,16864.03,0.001898911364165189,0.0003247158919265729,0.008987770104926907,0.0015414616874785958,15.0,0.0,57,IL,2015-12-01,Relative lifetime-PD deterioration,0.00012006080298043838,1.9905792270558595,2.325794778053442,1.9003399201813598,0.02712592606069007
RM002390,2,2.0213227552217266,36411.88,0.0010198737812290826,0.00028076974749731854,0.004665887547378622,0.001286214149000653,6.0,0.0,55,NJ,2015-10-01,Relative lifetime-PD deterioration,5.551272703364195e-05,1.9872006301916263,2.322322601776985,1.896994075051278,0.0251813750140803
RM000653,2,1.9895568647629365,16643.39,0.0027106782678249664,0.0005607902298621182,0.011022434660003744,0.0022879144784221372,4.0,0.0,49,FL,2015-04-01,Relative lifetime-PD deterioration,0.00011954036195528294,1.9571739022441446,2.275973889486447,1.8710528400051456,0.02
RM001763,2,1.9828436618838101,39681.29,0.0011656202725991282,0.0002352057988102799,0.005137914467212346,0.0010384082800714012,10.0,0.0,53,TX,2015-08-01,Relative lifetime-PD deterioration,4.9969233910586323e-05,1.9491630136045415,2.2798728063005176,1.8601750880093857,0.021039293758832765
RM001049,2,1.9746552073797667,36992.36,0.0013908900064325104,0.00029162231435840824,0.005897935800023069,0.0012388076322864539,11.0,0.0,51,FL,2015-06-01,Relative lifetime-PD deterioration,5.338008192447756e-05,1.9411834252498235,2.2699339683409083,1.8526855072698734,0.0201451249595975
RM002459,2,1.9654866996923865,39155.65,0.0008250095794241066,0.0003319194823680611,0.003844225712721472,0.001548015292242244,6.0,0.0,56,NJ,2015-11-01,Relative lifetime-PD deterioration,5.0196758314378296e-05,1.9324585001102674,2.256877314012784,1.8451165076819038,0.027816897107192224
RM002256,2,1.939709063376066,32651.05,0.0009421587602156657,0.00020023392779171942,0.004310944245612736,0.000917409651416845,13.0,0.0,55,NC,2015-10-01,Relative lifetime-PD deterioration,5.940724918114627e-05,1.9067415784117596,2.230425304168013,1.8196537899315923,0.028398289743263763
RM000571,2,1.9396089397853147,28761.58,0.0006838671495495849,0.00029525626810675314,0.012970083230652185,0.005619457202639233,5.0,0.0,229,OR,2015-04-01,Relative lifetime-PD deterioration,6.743749612452843e-05,1.920464519960937,2.11039512814235,1.8685652592275999,0.02003429778771016
RM000142,2,1.9221263529710089,29823.94,0.0014328157566628672,0.00029558489577376955,0.005718957022540994,0.001181815463805247,11.0,0.0,48,MI,2015-03-01,Relative lifetime-PD deterioration,6.444910876869417e-05,1.8883392917844595,2.2196920384247822,1.7993415321482351,0.023137778729738503
RM000122,2,1.9169304068035316,31550.19,0.0012753152137127525,0.0003764264713882845,0.004985702308459183,0.0014735278624895543,8.0,0.0,47,NC,2015-02-01,Relative lifetime-PD deterioration,6.075812560252511e-05,1.8830708010611212,2.2150721062125402,1.7939244103879088,0.025307918403423776
RM000900,2,1.904075337820109,47514.43,0.0010049219213185473,0.00024183937791557512,0.004263949019155389,0.0010274135084947789,13.0,0.0,51,WY,2015-06-01,Relative lifetime-PD deterioration,4.007362264095579e-05,1.8715958503210428,2.1904799143953175,1.7858028193079167,0.020488991475539512
RM001670,2,1.9040463588821162,33732.79,0.0010324510969121584,0.0003073880566002709,0.004466262367420981,0.0013313326659425417,9.0,0.0,52,OH,2015-07-01,Relative lifetime-PD deterioration,5.644497116550739e-05,1.8712828628633809,2.192837429522792,1.784819225852762,0.02637045228005026
RM001565,2,1.9000789124838486,32257.62,0.0008908761491110225,0.00018545974139080933,0.0038547352922028155,0.0008034105045772177,13.0,0.0,52,NE,2015-07-01,Relative lifetime-PD deterioration,5.890325797389419e-05,1.867277827307286,2.1891514348651704,1.780748660687872,0.03137963737640375
RM001871,2,1.8838636339670245,20847.14,0.002066254438340105,0.0005343420580670498,0.008922984143545531,0.0023134210092253804,9.0,0.0,52,OR,2015-07-01,Relative lifetime-PD deterioration,9.036556736161528e-05,1.8515652893536256,2.168624397005945,1.7662821248871419,0.02161777673824318
RM001414,2,1.8692145518010972,13532.5,0.002687836733498535,0.0008181674990132625,0.011595224790482472,0.00354056102983924,4.0,0.0,52,MA,2015-07-01,Relative lifetime-PD deterioration,0.00013812780726407515,1.837153472407793,2.151909480079511,1.7524792289227926,0.025188003319239833
RM000205,2,1.8595914373395026,18489.83,0.0020892943432585086,0.0002713455280060953,0.008331022929202958,0.0010849404215605984,4.0,0.0,48,NJ,2015-03-01,Relative lifetime-PD deterioration,0.00010057374444975981,1.8270156670266977,2.1465608022904816,1.7411601886969534,0.025307286127262626
RM000995,2,1.8531306099359781,6797.41,0.0024095031973051452,0.0003246728200053611,0.044993218935874824,0.006177684827762153,5.0,0.0,229,ND,2015-04-01,Absolute lifetime-PD deterioration,0.0002726230446502386,1.8330402162507673,2.031997656594003,1.7788182371696073,0.021084264853835376
RM002127,2,1.8501597797924918,33687.94,0.0008722563651244275,0.0002504682143483783,0.0039191664513357205,0.0011266130348538406,23.40425305263158,0.0,54,MD,2015-09-01,Relative lifetime-PD deterioration,5.492053772930288e-05,1.8183198753664618,2.130776002489973,1.7343165220328236,0.027647516925937483
RM003292,2,1.832474542241299,22655.61,0.0007343706024242298,0.0003506645602902704,0.0036054665311898715,0.0017229171871472326,6.0,0.0,59,LA,2016-02-01,Relative lifetime-PD deterioration,8.08839197991711e-05,1.802082385247451,2.1007283998311874,1.7216305317987928,0.047816057753500237
RM003013,2,1.8226643776740465,76450.46,0.0005444384763013358,0.0002412594290374257,0.002583444149076519,0.0011454640043757625,9.0,0.0,57,IL,2015-12-01,Relative lifetime-PD deterioration,2.384111721072766e-05,1.792544022465359,2.08856444816954,1.7127811161778665,0.02057510178091286
RM000262,2,1.8191201007008309,42426.62,0.0006493457016290418,0.00010781999682116114,0.002594854002482938,0.0004312102413880359,10.0,0.0,48,UT,2015-03-01,Relative lifetime-PD deterioration,4.2876856574971815e-05,1.7871567069672059,2.1006105988912402,1.7029720701738702,0.03416604115427543
RM001047,2,1.8161296624004046,40201.2,0.0008368973450972834,0.0001750408460936605,0.0034824543876634806,0.0007291347500194556,9.0,0.0,50,MT,2015-05-01,Relative lifetime-PD deterioration,4.517600624857976e-05,1.78457850628609,2.0941250987104048,1.7013882282089898,0.026974482623721697
RM002225,2,1.8042977934104896,21044.27,0.002179835614805974,0.00029824554591281657,0.009771908678670727,0.0013414046462407736,5.0,0.0,54,NV,2015-09-01,Relative lifetime-PD deterioration,8.573819825589053e-05,1.7743437704402762,2.0687901066517562,1.694980418747149,0.02
RM001933,2,1.792435001686331,7308.91,0.004609645383785589,0.0009734269605075436,0.020199536102622706,0.004292158541067015,4.0,0.0,53,ND,2015-08-01,Relative lifetime-PD deterioration,0.00024523971449728226,1.7619125088527583,2.061701640451698,1.681208541784981,0.02562570604764521
RM001578,2,1.7878573100170732,26186.01,0.0014138559505605566,0.00045284447111847994,0.005995096907315478,0.001923173231522468,8.0,0.0,51,VA,2015-06-01,Relative lifetime-PD deterioration,6.827528554434498e-05,1.7569412716890696,2.0603237531025087,1.675380370102591,0.02378020676589459
RM003156,2,1.77318460387415,39251.29,0.0006831570757033529,0.00023737790592910188,0.0032976051643561766,0.0011468046582252533,11.0,0.0,58,PA,2016-01-01,Relative lifetime-PD deterioration,4.5175193066881364e-05,1.743595512459137,2.0342941343118945,1.6653073697881218,0.02855294515134367
RM000686,2,1.7635514644842265,50460.17,0.0005382824356773132,0.00021873158252654065,0.0022409326931822626,0.0009110660094832079,8.0,0.0,50,IN,2015-05-01,Relative lifetime-PD deterioration,3.494937620075847e-05,1.732950192851043,2.0331850428923883,1.6522593788681215,0.0328010972400488
RM003079,2,1.7507122666367212,65979.92,0.0006404859518778069,0.0002792619553843119,0.003038656873902812,0.001325799892003987,8.0,0.0,57,TX,2015-12-01,Relative lifetime-PD deterioration,2.6534016207305514e-05,1.7221425606477454,2.003093963334713,1.6463708005551758,0.02
RM000029,2,1.740743552227495,31024.34,0.0011394871130301896,0.00025919454111852187,0.004550163783331063,0.001036375143261492,12.0,0.0,48,ND,2015-03-01,Relative lifetime-PD deterioration,5.610896322782354e-05,1.7100986895560866,2.0106080159690727,1.6293963562835834,0.02510800053251034
RM000779,2,1.7367167293899437,31040.68,0.0013932770263422453,0.0002534575627545714,0.005677006088515735,0.001034547381399964,9.0,0.0,49,OR,2015-04-01,Relative lifetime-PD deterioration,5.594969985805542e-05,1.7065316101681023,2.0026841512545994,1.6269376930057027,0.021088037294358077
RM002726,2,1.7254950474170068,44358.12,0.0009505858902934018,0.00020985939079978916,0.004428343102006016,0.0009789670991006139,8.0,0.0,56,MN,2015-11-01,Relative lifetime-PD deterioration,3.889919246841405e-05,1.6971311477170505,1.9759949631868836,1.6219482303550867,0.020042724545051998
RM001321,2,1.7048352295813218,11866.62,0.0015108768851860386,0.000688481783827075,0.0064054793830833345,0.0029227756592733467,11.507025454545456,0.0,51,PA,2015-06-01,Prior default history,0.0001436664551136989,1.6756361648383862,1.962262234888087,1.5985424803950046,0.044475741687587174
RM003273,2,1.7006808262849888,61475.41,0.00042979575518865685,0.0001507935961456247,0.0020756355783407843,0.0007286250958314922,14.166072739130435,0.0,58,CA,2016-01-01,Relative lifetime-PD deterioration,2.7664408033797395e-05,1.6722604018734903,1.9514475543584733,1.5970845397994948,0.027831652665405375
RM001302,2,1.6743706594492176,41619.71,0.0010625461113100234,0.00033825844849223345,0.004508029999133356,0.0014368084018554494,9.0,0.0,51,FL,2015-06-01,Relative lifetime-PD deterioration,4.023023369094156e-05,1.6460358320617714,1.9243444854434186,1.5711117950188782,0.020024350830544754
RM001016,2,1.6700684484576054,39519.11,0.0011382168906639589,0.0002869577894495819,0.0047340304513767695,0.001195114321850932,10.0,0.0,50,CO,2015-05-01,Relative lifetime-PD deterioration,4.225976871588468e-05,1.6416545256807187,1.9206919100486979,1.5665538497281393,0.02
RM002734,2,1.6700248312998407,14615.92,0.001359042225136804,0.00041100649020775763,0.006326414054411811,0.001916585556911432,8.304499999999999,0.0,56,WI,2015-11-01,Relative lifetime-PD deterioration,0.00011426067132960776,1.641843953871376,1.9186158383259553,1.5673436383045498,0.037765765337202065
RM000740,2,1.6658252267540181,44374.88,0.0009687825164760674,0.00032138114234537825,0.003949957679183491,0.0013116562776436247,7.0,0.0,49,NV,2015-04-01,Relative lifetime-PD deterioration,3.7539824935955166e-05,1.6369322263586432,1.9204241255943517,1.560734233882346,0.02071913221169618
RM000041,2,1.6007253361769052,27873.81,0.0015468130930990202,0.0003660268488005637,0.006044698540485061,0.0014328400938546926,8.0,0.0,47,VA,2015-02-01,Relative lifetime-PD deterioration,5.7427575784469546e-05,1.5727102357697869,1.8475158218321026,1.4988764576649218,0.020571280683906467
RM000484,2,1.5939505451336233,37913.11,0.0011543300600733392,0.0002557340998861235,0.004705133000574957,0.0010438359460035462,6.0,0.0,49,TX,2015-04-01,Relative lifetime-PD deterioration,4.204219978613264e-05,1.5666390531138343,1.8347792359607602,1.49450002783728,0.02
RM001297,2,1.59314948124615,38298.63,0.0010232137881661405,0.0004988445507860344,0.004256488816371418,0.0020768778613776684,6.0,0.0,50,CA,2015-05-01,Relative lifetime-PD deterioration,4.159808017274117e-05,1.5656108447169967,1.8358463196103558,1.4929628385182006,0.02110533931511802
RM001028,2,1.5831497878097978,45266.66,0.0005728279648833952,0.00021412958600927043,0.002432253663392614,0.0009097341296101513,7.0,0.0,51,CT,2015-06-01,Relative lifetime-PD deterioration,3.497385907884076e-05,1.5558406153202837,1.8238352826331263,1.483790576990666,0.030275457648128296
RM001515,2,1.5513236409742581,27768.99,0.0006910821173000503,0.00031872652559488063,0.006374316772184141,0.0029443471822688805,9.0,0.0,111,IL,2015-06-01,Relative lifetime-PD deterioration,5.586532462917298e-05,1.5303564319587053,1.7373719015335454,1.474190051968243,0.021877245288860692
RM002158,2,1.5467182403814619,51328.3,0.0008174181262308253,0.00027934036217890757,0.0020422926630374594,0.0006982046040630019,7.0,0.0,30,NY,2015-09-01,Relative lifetime-PD deterioration,3.0133829493309964e-05,1.516689789358902,1.8099003048723779,1.4384574080837729,0.030257144421467434
RM001462,2,1.5410109215176049,68916.94,0.0004928775651706689,0.00023329772693919825,0.0021340489727500467,0.0010105637981798754,9.92403936,0.0,52,ID,2015-07-01,Relative lifetime-PD deterioration,2.2360408362843807e-05,1.514602697307246,1.7738144042895607,1.4448902370210035,0.022203914636294175
RM000143,2,1.5279771772061954,45223.21,0.0009604527314274404,0.0002751444723983726,0.0037565074644102525,0.0010772168502940493,12.0,0.0,47,TX,2015-02-01,Relative lifetime-PD deterioration,3.378745509675663e-05,1.5014791857621397,1.761512076271279,1.431570216839451,0.02
RM001296,2,1.5251826136473399,96666.31,0.0003738160221430709,0.0001617817645576429,0.001587753296192651,0.0006873917616766478,13.5332834,0.0,51,SC,2015-06-01,Relative lifetime-PD deterioration,1.5777809390338164e-05,1.498996046030849,1.756012444672141,1.4298819620826806,0.021226999655717043
RM002781,2,1.5192091310483635,36855.7,0.0005038028067969091,0.00016322969662337753,0.002390803815981224,0.000775103796928911,12.0,0.0,57,VT,2015-12-01,Relative lifetime-PD deterioration,4.122046606219292e-05,1.4936840165745489,1.7443858305691093,1.4261959059510414,0.03579059033944551
RM001738,2,1.5111533726019328,18701.81,0.0012337276552763644,0.0004482790872081974,0.005437490884731888,0.0019783836223830065,16.698044642857145,0.0,53,NC,2015-08-01,Relative lifetime-PD deterioration,8.080251978829497e-05,1.485107827961991,1.7407046245019822,1.416389901752803,0.02988040048315353
RM000615,2,1.4970516011496469,24314.18,0.0013456504315106236,0.0003345919394101939,0.005483350829677103,0.0013655458310811719,10.0,0.0,49,NC,2015-04-01,Relative lifetime-PD deterioration,6.157113261272421e-05,1.4708541305465168,1.7278140195101561,1.401821658635917,0.023229285592694354
RM002939,2,1.486715203912748,36534.58,0.0006320494139269776,0.00013073839530762472,0.002998678850670844,0.0006208551656264882,16.0,0.0,57,KY,2015-12-01,Relative lifetime-PD deterioration,4.0693370607045376e-05,1.4616639070266744,1.7076852291170332,1.3954466325619534,0.027624516988337216
RM002208,2,1.4481850579723528,13058.46,0.0013153425459686823,0.00034563787642537513,0.005905431641475389,0.0015544299237163495,6.0,0.0,54,WI,2015-09-01,Relative lifetime-PD deterioration,0.00011090014120902104,1.4235474282231424,1.6654580194870423,1.3584561447600774,0.03940522752755626
RM000175,2,1.4436799525490183,22123.26,0.000931461560391085,0.00028003051191022353,0.0037980097779012345,0.0011429643731659667,17.04088945945946,0.0,49,TN,2015-04-01,Relative lifetime-PD deterioration,6.52562033149282e-05,1.4182810510131263,1.6673391960233312,1.3513993986226447,0.03432046161505496
RM001868,2,1.442145100996971,47978.77,0.0005831935671608826,0.0002905212136105414,0.0025732065807111404,0.001282498679980315,4.0,0.0,53,WA,2015-08-01,Relative lifetime-PD deterioration,3.005798399994354e-05,1.4175795420240886,1.6587616417715207,1.3526927388760128,0.0250968041293937
RM001891,2,1.430125777039996,50845.9,0.0005265267009817566,0.00023721337818937116,0.0023234020747534556,0.0010472679350846947,7.0,0.0,53,CA,2015-08-01,Relative lifetime-PD deterioration,2.812666856206687e-05,1.4057061626233731,1.6454291180203067,1.3412225916205158,0.025770042642950096
RM001393,2,1.4260029845090179,37609.13,0.0009404544429055673,0.00021129121543380288,0.004068919529483961,0.0009152728911354657,9.0,0.0,52,GA,2015-07-01,Relative lifetime-PD deterioration,3.79164044610715e-05,1.4017932152797388,1.6395215799055096,1.3378196068925423,0.02048325268443936
RM001622,2,1.4242757446473224,15245.0,0.002189373662924629,0.00031244862128918877,0.009452726090257935,0.0013532391336699146,8.0,0.0,52,IA,2015-07-01,Relative lifetime-PD deterioration,9.342576219398639e-05,1.399900693391733,1.6391973715534454,1.3355272430133822,0.021280029900211758
RM000128,2,1.4153370606759652,20395.51,0.0007245951523159374,0.0001560127208363739,0.002835000152243916,0.0006109108119622952,22.495047794117646,0.0,47,PA,2015-02-01,Relative lifetime-PD deterioration,6.939454128266296e-05,1.3900777811824883,1.6376202283109773,1.3236627428864276,0.04792349781772001
RM002003,2,1.409478970005838,29251.48,0.0005714052888429317,0.00022514553637810773,0.005415186458883947,0.0021368371176999634,10.0,0.0,114,VA,2015-09-01,Relative lifetime-PD deterioration,4.818487714145876e-05,1.3905162407249532,1.5777494642249446,1.3397136158834815,0.022173421862081936
RM002021,2,1.4029193930655508,55779.84,0.0006323141445226993,0.00021975622671357398,0.0028422667172696148,0.0009885227840571442,8.0,0.0,54,VA,2015-09-01,Relative lifetime-PD deterioration,2.51510114239401e-05,1.3796180274139216,1.608627646716044,1.3179089273110294,0.02000673234781439
RM001305,2,1.401747197567675,22717.43,0.0013092915540060216,0.00040171680479917407,0.005552661725092944,0.0017061822504389479,9.0,0.0,51,IL,2015-06-01,Relative lifetime-PD deterioration,6.170359928775724e-05,1.3774907466755004,1.6155104420509334,1.3135065615984247,0.02315355549137159
RM000006,2,1.398629355271982,5736.16,0.00586604740156733,0.0007739698991169803,0.023737288963425196,0.003156608141153927,2.0,0.0,49,MI,2015-04-01,Absolute lifetime-PD deterioration,0.00024382676830353092,1.374416663707785,1.6121240831574222,1.3104688444952743,0.021798246005407022
RM000643,2,1.3984264735405931,11149.34,0.0033916101400528575,0.0003861335776662093,0.013776832030979569,0.0015757737606683087,15.673709855072463,0.0,49,GA,2015-04-01,Relative lifetime-PD deterioration,0.0001254268390362652,1.3745658640816514,1.608918912685492,1.3114789417227544,0.02007855833392393
RM001309,2,1.3960789002393237,25452.73,0.0012579782078156881,0.00023472845912331995,0.005335488486724049,0.0009972155014970063,8.0,0.0,51,FL,2015-06-01,Relative lifetime-PD deterioration,5.4849868766113644e-05,1.3720012656569696,1.608293628761264,1.3084703184337754,0.02178136169064309
RM003246,2,1.3853761603062311,10310.4,0.0023618767663462375,0.00038459778774624836,0.011364174605108301,0.0018575195327071858,3.0,0.0,58,NJ,2016-01-01,Relative lifetime-PD deterioration,0.00013436686843441877,1.3623593472486362,1.5885649217188127,1.301408834964904,0.0252095455521129
RM000638,2,1.3716436633699354,31706.64,0.0010682784242885184,0.0001717627299165363,0.004354958096458361,0.0007011787807162939,11.0,0.0,49,GA,2015-04-01,Relative lifetime-PD deterioration,4.326045469876138e-05,1.3477778011602215,1.5819107357883668,1.2848604114228157,0.0211603954894614
RM002724,2,1.3681016672552173,25742.16,0.001078845837033795,0.00023185672807185415,0.005024665568751585,0.001081538233474122,6.0,0.0,56,MI,2015-11-01,Relative lifetime-PD deterioration,5.3146343090681485e-05,1.345091422318447,1.5711036669143634,1.2842452384691438,0.022606111703705384
RM000341,2,1.3611345943775537,27917.7,0.001269433392100632,0.00022023655009083701,0.005068072981554095,0.0008806552182626382,13.0,0.0,48,TX,2015-03-01,Relative lifetime-PD deterioration,4.8755255424965294e-05,1.3374156864965934,1.5701054386153066,1.274886728122318,0.020708287176570164
RM001104,2,1.352103161297046,14765.94,0.001100925335353444,0.00016557940051454336,0.004670568956724019,0.0007035231302346956,7.0,0.0,51,PA,2015-06-01,Relative lifetime-PD deterioration,9.156905427606004e-05,1.3287159078954092,1.5582075703476874,1.2670237783260025,0.04079033521122737
RM001193,2,1.3405511180391463,23537.28,0.0009685487180327209,0.00029781373416780003,0.004109858095674879,0.0012650959708455645,7.0,0.0,51,NJ,2015-06-01,Relative lifetime-PD deterioration,5.695437697300395e-05,1.3173645005700088,1.5448847499123315,1.2562033989753414,0.02900380517222165
RM002581,2,1.2883793046506367,7911.19,0.0012574592262264393,0.00026224684517067574,0.02444193073670986,0.005144917021374318,4.9840497,0.0,236,OH,2015-11-01,Relative lifetime-PD deterioration,0.00016285531059810683,1.2741155846748522,1.4153237446180411,1.2356509966826252,0.022111313093574718
RM001337,2,1.2806210202586068,44587.32,0.0007541592110929119,0.00014568616437624692,0.0032012508964345265,0.0006190196331981035,16.0,0.0,51,CO,2015-06-01,Relative lifetime-PD deterioration,2.872164149490498e-05,1.2590136221579984,1.4712731754382262,1.2018591673669812,0.02
RM000224,2,1.2751423630651966,37983.8,0.00046478716383836587,0.0001365402849671859,0.001857852894287193,0.0005460492905543513,14.874774825174825,0.0,48,WI,2015-03-01,Relative lifetime-PD deterioration,3.357068969047848e-05,1.252655290255846,1.4731367711171204,1.1934571899328426,0.03651729035606797
RM000801,2,1.2702986795416173,46535.74,0.000746738184896744,0.0003251694441776062,0.0030456724593813655,0.0013271097631187834,5.0,0.0,49,TX,2015-04-01,Relative lifetime-PD deterioration,2.7297270432180027e-05,1.248529952095259,1.4622423610109658,1.1910378407462776,0.02
RM000907,2,1.2431354660615335,16413.68,0.0020521763104366514,0.0004292802207237814,0.008522992057379608,0.0017874522171673624,3.0,0.0,50,GA,2015-05-01,Relative lifetime-PD deterioration,7.573776667155285e-05,1.2219762620068164,1.4297837774050797,1.1660405665147653,0.02
RM000621,2,1.2368848071441036,34464.47,0.0009114641184903757,0.00031404900821004387,0.003716585333970235,0.0012817460496425959,5.0,0.0,49,MA,2015-04-01,Relative lifetime-PD deterioration,3.588869369365331e-05,1.2154059754645619,1.42614092271865,1.158768220774039,0.020908994504191522
RM000173,2,1.2265847102612546,26976.31,0.0009384465138417998,0.00027383281008161627,0.003748505269326796,0.0010948814160064435,5.0,0.0,48,CA,2015-03-01,Relative lifetime-PD deterioration,4.54689581436918e-05,1.2050637329851366,1.4161313500361783,1.1483694120708001,0.025471519570542406
RM001511,2,1.2244389773138655,25991.93,0.0012962235502749658,0.000294052011811014,0.005282345283962098,0.0012001681735382963,4.0,0.0,49,GA,2015-04-01,Relative lifetime-PD deterioration,4.710842855124131e-05,1.2034503080349461,1.4095129669704733,1.1480126941816302,0.02
RM002151,2,1.2068019709968965,25318.89,0.0011237643882651908,0.0005338817104379179,0.005047004140984801,0.0024002240866644042,3.0,0.0,54,CA,2015-09-01,Relative lifetime-PD deterioration,4.766409471335025e-05,1.1864447523909465,1.3863844357888415,1.13262336424887,0.0208237340571106
RM002035,2,1.20100650048957,8530.27,0.0009801983906109271,0.00018596583052682693,0.018861374670372633,0.0036046598892101045,3.0,0.0,233,NM,2015-08-01,Relative lifetime-PD deterioration,0.00014079349193982956,1.187489353826285,1.321295380845523,1.1510455885311457,0.023391984270619292
RM001059,2,1.1739478152056904,25290.19,0.0012231638438008838,0.00024719551137104194,0.005188123165066338,0.0010501589908664677,6.0,0.0,51,MN,2015-06-01,Relative lifetime-PD deterioration,4.641909828299789e-05,1.1540498556403846,1.3494783260142253,1.1014430645959745,0.02006717386502145
RM000616,2,1.1726457626561881,7589.88,0.004274000930992343,0.00044713846789372867,0.017337517550709336,0.0018245571965274099,3.0,0.0,49,MN,2015-04-01,Relative lifetime-PD deterioration,0.0001545012256657797,1.1526226903901893,1.3492969115514084,1.0996736788334929,0.02
RM001594,2,1.1515982253583736,20347.28,0.0011663361237097658,0.0004369471935520745,0.004850766940923568,0.001819354143430929,10.0,0.0,50,IL,2015-05-01,Relative lifetime-PD deterioration,5.6597158212713134e-05,1.1315342501762549,1.3283611452734847,1.0786452288482589,0.02405155833923175
RM000875,2,1.1265786631307089,26121.05,0.0011365642260096117,0.000274183626072866,0.004821484219130867,0.0011647613287517622,6.0,0.0,51,MN,2015-06-01,Relative lifetime-PD deterioration,4.312914921608086e-05,1.1074950917774267,1.294929072426745,1.05703866862521,0.020049943368840736
RM000655,2,1.1090750627142796,35173.47,0.0006730031453948852,0.00022338946721088093,0.002689296201274005,0.000893258496307836,10.0,0.0,48,ND,2015-03-01,Relative lifetime-PD deterioration,3.153157941807503e-05,1.0895573364635467,1.2809467669645231,1.0381614211015995,0.024235872874755038
RM000214,2,1.1089497531083823,44708.5,0.0005817066568012666,0.0002797170187330399,0.0023247971186407534,0.0011183987128048356,5.0,0.0,48,CA,2015-03-01,Relative lifetime-PD deterioration,2.4804002664110457e-05,1.0895198947147806,1.2800844690322495,1.0383305390142419,0.02261355609013506
RM001865,2,1.1010456440404965,60547.77,0.00036514646592533857,0.00015677792311580337,0.0016117245123608015,0.0006922503961535043,8.0,0.0,53,NH,2015-08-01,Relative lifetime-PD deterioration,1.818474312167891e-05,1.082269973394137,1.266594610388279,1.032685161569321,0.02386928939297034
RM000209,2,1.0863712701094643,36808.25,0.0007068949397946119,0.0001535579204191558,0.0027658189445108894,0.0006013005169468455,9.0,0.0,47,VA,2015-02-01,Relative lifetime-PD deterioration,2.951434176059618e-05,1.0671875919887719,1.2552787144136595,1.0166866180492213,0.022267977835860032
RM003252,2,1.083387104258081,7753.8,0.002658155365876827,0.00045197667526484023,0.013001406714416963,0.0022202525851389154,3.0,0.0,59,MI,2016-02-01,Relative lifetime-PD deterioration,0.00013972337489464274,1.0654776281654348,1.2415220608131794,1.0180295405009774,0.02309124019888391
RM000378,2,1.078198643125726,9713.03,0.0024390472766736802,0.0005473701224033615,0.009922056959120962,0.0022332092712560314,5.0,0.0,49,IL,2015-04-01,Relative lifetime-PD deterioration,0.00011100538587091009,1.0593944066320289,1.2438854249372084,1.0098111508111662,0.0233286524060328
RM002972,2,1.0642244059730026,51990.77,0.0004945962367804043,0.00020078268503259412,0.002306023785059619,0.0009366410190512209,7.0,0.0,56,OR,2015-11-01,Relative lifetime-PD deterioration,2.0469487295014148e-05,1.0466905013302108,1.219049882696453,1.000232905453362,0.02011701004530373
RM000775,2,1.062795450913832,35238.55,0.0006059378087027561,0.00019216829190933047,0.0024215491608141626,0.0007684516241077688,5.0,0.0,48,NJ,2015-03-01,Relative lifetime-PD deterioration,3.0160022217538233e-05,1.0441597829139826,1.2269291300505862,0.9950667953992441,0.026230141185330562
RM003270,2,1.0454593867850517,15324.08,0.0007522717100798455,0.00022325165655831384,0.003630741102878754,0.0010785880464241338,25.667834,0.0,58,OH,2016-01-01,Relative lifetime-PD deterioration,6.822330520233853e-05,1.0277421519059116,1.2016910847090296,0.9809423246724444,0.036774454702056314
RM002674,2,1.0265053319071173,14524.53,0.0012063753763326933,0.00046643204961294176,0.005617313845937999,0.0021748223328788008,3.0,0.0,56,NY,2015-11-01,Relative lifetime-PD deterioration,7.067391040585253e-05,1.0092608237313012,1.1786535627320711,0.9636522711203102,0.026775516709451757
RM000402,2,1.0144783490007965,6705.28,0.003245226684143907,0.0007262070587659743,0.01265044194747944,0.0028413001044050867,2.0,0.0,47,NC,2015-02-01,Relative lifetime-PD deterioration,0.00015129544910888083,0.9966186383418582,1.171795665632775,0.9495577264250377,0.02525460008442776
RM000130,2,1.0114654784763493,43306.2,0.0005919647361961581,0.00025720947433108114,0.0023165277632340997,0.0010070259622703137,6.0,0.0,47,NJ,2015-02-01,Relative lifetime-PD deterioration,2.3356135575884037e-05,0.993657582718396,1.1682808203188644,0.9467639631211713,0.02145241108744167
RM001294,2,1.0108572331099623,2587.64,0.010508543214151397,0.000604201592003533,0.04390464611573808,0.002565336715668609,3.8814599999999997,0.0,51,TX,2015-06-01,Absolute lifetime-PD deterioration,0.00039064832554372414,0.9939789370969222,1.1600166084137726,0.949175423398636,0.02
RM001704,2,0.9763125700638089,26271.58,0.0009756019974956461,0.0004138458140545216,0.0042207397644519196,0.0017920953208542256,4.0,0.0,52,CO,2015-07-01,Relative lifetime-PD deterioration,3.716230885480846e-05,0.9598660418491423,1.1214291480568255,0.9163619769041687,0.02
RM002121,2,0.9743794945106315,36697.55,0.0005206857453942013,0.0001778087187436965,0.0023409517605305075,0.0007998902957049303,14.853770238095239,0.0,54,SC,2015-09-01,Relative lifetime-PD deterioration,2.655162250642431e-05,0.9577250503183364,1.1212017813978645,0.9137579899875714,0.023450411561075725
RM001040,2,0.9588725891089683,33502.13,0.0007726713298397942,0.0002481636362081045,0.0032155273916774085,0.0010336089324947118,6.0,0.0,50,FL,2015-05-01,Relative lifetime-PD deterioration,2.8621242563054003e-05,0.9425334707179684,1.1029738717441402,0.8993591326702417,0.02
RM000511,2,0.9582912235430053,23873.32,0.001083878505477447,0.00015806122782134857,0.004418447312921736,0.000645259423863842,6.0,0.0,49,SC,2015-04-01,Relative lifetime-PD deterioration,4.0140676853617566e-05,0.9418203004538516,1.1035041746535965,0.8983319565677208,0.02015045578638532
RM001239,2,0.9480324049348037,2731.21,0.0026002835305694375,0.00035499673869005097,0.048678946461371275,0.006782208463712247,2.0,0.0,230,NJ,2015-05-01,Absolute lifetime-PD deterioration,0.0003471107695617707,0.9374041296885186,1.0426428960523344,0.908729085918408,0.022747004171852044
RM001989,2,0.9448866042125823,16567.93,0.0014410508606471071,0.0003833572462491442,0.006468395058536469,0.001723950645915684,5.0,0.0,54,TX,2015-09-01,Relative lifetime-PD deterioration,5.703105965637121e-05,0.9291225587704393,1.0840342341034135,0.8873880299008541,0.0200976796698723
RM001137,2,0.9345694468191201,23090.45,0.0010690048635243678,0.00040768668737425353,0.004535384730547931,0.001731520895271732,6.0,0.0,51,FL,2015-06-01,Relative lifetime-PD deterioration,4.0474284685621986e-05,0.9187166536429272,1.074407466346338,0.8768099361963501,0.020068206469711823
RM000884,2,0.9333212342777482,22927.36,0.0006093879081483508,0.00023498696138536608,0.002536667459623554,0.000978748109756733,8.0,0.0,50,NY,2015-05-01,Relative lifetime-PD deterioration,4.0707749792289564e-05,0.9170789964774143,1.076414989174938,0.8742640075752759,0.03332634737636376
RM001677,2,0.9308346033889507,33634.9,0.0006374490476818768,0.0002906408061968934,0.0027593459742291104,0.0012588335552961016,6.0,0.0,52,VA,2015-07-01,Relative lifetime-PD deterioration,2.76746654037607e-05,0.9148863503688743,1.0714281073770295,0.8727857267363214,0.021529362348013704
RM001310,2,0.9218795344446524,25637.62,0.000484602346129886,0.0001420020633291866,0.002057938700590456,0.0006033695223077729,6.0,0.0,51,PA,2015-06-01,Relative lifetime-PD deterioration,3.595807779523421e-05,0.9059475025878916,1.0622799673466812,0.8639235020633228,0.036701919507335555
RM001559,2,0.9208952829883579,7589.06,0.0017643648994736085,0.0003866105734389284,0.0076231294068975775,0.0016742333202586224,3.0,0.0,52,VT,2015-07-01,Relative lifetime-PD deterioration,0.00012134510505759051,0.9050876941312069,1.0602577782473785,0.8633523029168856,0.03368343645108992
RM002573,2,0.9181119517773847,25275.11,0.0008525917905165996,0.0002598018351448545,0.003972547258125569,0.0012118312230757766,6.0,0.0,56,IL,2015-11-01,Relative lifetime-PD deterioration,3.632474603581882e-05,0.9028546538714876,1.052778684114181,0.8624670392685023,0.020476396439287232
RM001317,2,0.8909602454398472,22695.6,0.00076175752448748,0.0002974909589282912,0.0032334642471502084,0.0012637255026665128,6.0,0.0,51,NC,2015-06-01,Relative lifetime-PD deterioration,3.925695929783074e-05,0.8755507836986979,1.0267543463251612,0.8349059807579658,0.02552762807107795
RM000640,2,0.8610284462649973,2750.0,0.0047464131954631245,0.0005236076959802687,0.04191561339611782,0.004702611372274679,1.0,0.0,108,NJ,2015-03-01,Absolute lifetime-PD deterioration,0.00031310125318727175,0.8499931385580856,0.9591967223401584,0.8202641573389627,0.020077834851010997
RM001775,2,0.8380576243988179,17586.82,0.000946042407205931,0.00035225519504211966,0.004250148291593092,0.0015841715051786442,7.0,0.0,54,OH,2015-09-01,Relative lifetime-PD deterioration,4.765259577335857e-05,0.8237820601513848,0.9639360945213002,0.7860762998560296,0.02355907752782245
RM001042,2,0.8128599467106274,5027.96,0.003111251423805873,0.0005933672269596259,0.012899830608945506,0.002470041660121214,2.0,0.0,50,CA,2015-05-01,Relative lifetime-PD deterioration,0.00016166794220929113,0.7987874283782559,0.9369036033119302,0.7616479449565388,0.02647835134808774
RM000662,2,0.7945096866154223,17402.0,0.0011073312368984336,0.00025412596875638117,0.0045138894956963105,0.0010372745707086795,5.0,0.0,49,IL,2015-04-01,Relative lifetime-PD deterioration,4.5656228399920834e-05,0.7806581591801982,0.9165397808969269,0.7441461989900214,0.021578611300351113
RM003021,2,0.792326806557462,21814.42,0.0005567405259919664,0.00021024407711055912,0.0026417583256006516,0.0009982657629830083,5.0,0.0,57,NJ,2015-12-01,Relative lifetime-PD deterioration,3.632124102118975e-05,0.779056625679775,0.9094114380281803,0.7439581717639687,0.029238185323482435
RM000813,2,0.7849778835812096,57964.78,0.0002958095984442532,9.384754903827686e-05,0.0012073384612513172,0.0003831553852829961,9.0,0.0,49,NC,2015-04-01,Relative lifetime-PD deterioration,1.3542324901107354e-05,0.7712857703335264,0.9055932256079772,0.7352009949474543,0.023449552922536886
RM002207,2,0.7840477247550754,22375.06,0.0008451986151061973,0.0004209286990839684,0.0037977721385022978,0.0018927843350988738,6.536534382022473,0.0,54,TX,2015-09-01,Relative lifetime-PD deterioration,3.504114513011699e-05,0.7708547247978729,0.9004384712162948,0.7359691208375243,0.02052590254678123
RM000414,2,0.7658097523088359,34559.81,0.0006060464545901965,0.00017776447732812057,0.0024723785064502124,0.0007256727126052631,8.0,0.0,49,OR,2015-04-01,Relative lifetime-PD deterioration,2.215896882271158e-05,0.7526880153661523,0.8815084626888157,0.7180336094474866,0.02
RM001713,2,0.7419260327261469,4434.45,0.0031587212949805345,0.0003188877088916943,0.013355821337635465,0.0013545706385194034,1.0,0.0,51,NH,2015-06-01,Relative lifetime-PD deterioration,0.00016730959481472266,0.729165834643224,0.8544341819122432,0.6954681085729769,0.02655195394023822
RM000529,2,0.7220567982589362,19727.14,0.0011068798533854108,0.00040270656724738195,0.003408946071169927,0.0012411577912997407,5.0,0.0,37,NC,2015-04-01,Relative lifetime-PD deterioration,3.660220377910514e-05,0.7085710567903438,0.8404960868570513,0.6732719069450345,0.022169477655870455
RM001992,2,0.7160488464239484,14849.16,0.0005797526859150757,0.0002843374801739418,0.0025580395263266054,0.0012552140025766656,8.443639999999998,0.0,53,WA,2015-08-01,Relative lifetime-PD deterioration,4.8221505218069465e-05,0.7037504544152575,0.824451270446833,0.671295190785522,0.03947790859204013
RM001568,2,0.711832398522745,18043.2,0.0009660537434851365,0.00020736915830799535,0.004179497741309324,0.0008982891663211756,8.0,0.0,52,MN,2015-07-01,Relative lifetime-PD deterioration,3.9451560616894174e-05,0.6997018171570427,0.8187979190044331,0.6676608884734858,0.020674124338747654
RM001100,2,0.6964624246101597,13950.92,0.0010699811464947326,0.0002489570273067481,0.004539519528501068,0.0010576393993489974,5.0,0.0,51,IL,2015-06-01,Relative lifetime-PD deterioration,4.992232946717204e-05,0.6844310966497078,0.8024965983723513,0.652690232167164,0.023082049836011483
RM000237,2,0.6951798693609182,19102.37,0.0005363405447414388,0.00018491090149429405,0.002143636828940587,0.0007394384790170294,4.0,0.0,48,PA,2015-03-01,Relative lifetime-PD deterioration,3.63923361007518e-05,0.6829779213609276,0.802642367282914,0.6508378165289769,0.035663283974656845
RM001340,2,0.6909582800689292,1970.6,0.006539274839196473,0.0009445247248723946,0.027498037660773744,0.004008073192221295,1.0,0.0,51,WV,2015-06-01,Prior default history,0.00035063345177556546,0.679123376741702,0.7953668647049683,0.647829472815873,0.027011895667266878
RM002076,2,0.6891989096841993,7298.59,0.0011533059183600493,0.00031430655226829586,0.010902857401040689,0.0029819267889681367,2.0,0.0,114,MA,2015-09-01,Relative lifetime-PD deterioration,9.442904858119161e-05,0.6799764430820158,0.77106117055752,0.6552522601644822,0.021947167747355698
RM001676,2,0.6884091761699609,23250.11,0.0005657797799050683,0.00017387176230891893,0.0024494015145916093,0.0007532259950486786,10.0,0.0,52,AZ,2015-07-01,Relative lifetime-PD deterioration,2.9608856739600838e-05,0.676530813080861,0.7930905024386258,0.6451966991169389,0.025022879730950406
RM001319,2,0.677124121643123,14396.02,0.0008353484028074963,0.00034348663855048327,0.003545414501168853,0.0014590036031436604,5.0,0.0,51,ID,2015-06-01,Relative lifetime-PD deterioration,4.7035508539382614e-05,0.6654044465126056,0.7803994582927921,0.6344940067331843,0.028012611974405743
RM001364,2,0.673381797848821,5863.13,0.0013912604103892498,0.00030024181025240524,0.006014830858363629,0.0013003969481790723,26.058355555555558,0.0,52,OH,2015-07-01,Relative lifetime-PD deterioration,0.00011485022468354292,0.661622955355525,0.7769579850987107,0.6306391163120614,0.03695228264378434
RM000346,2,0.6683933433518907,28833.73,0.0003626898284206795,0.0001349859741078768,0.0014499702410342152,0.000539834578990428,5.0,0.0,48,WA,2015-03-01,Relative lifetime-PD deterioration,2.3180953118167187e-05,0.6566620667921925,0.7717089799344587,0.6257628379981501,0.03360282840839459
RM001094,2,0.667853099697187,12540.63,0.0008856516362143671,0.00014822223610720897,0.003758605934942816,0.0006297927911749213,9.0,0.0,51,OH,2015-06-01,Relative lifetime-PD deterioration,5.325514744452129e-05,0.6562769132942111,0.7698573086812525,0.6257494360166652,0.02916240747670574
RM000176,2,0.6312946085371861,24994.5,0.0006022373434507265,0.00016195985058403315,0.002456853591031538,0.0006611709473772764,6.0,0.0,49,GA,2015-04-01,Relative lifetime-PD deterioration,2.5257340956497874e-05,0.6202772304630157,0.7283464291392092,0.591242566647506,0.021817865149319236
RM003065,2,0.625659548360345,10981.05,0.0008380702839194502,0.0002038098367857401,0.003974583242667751,0.000967726842025951,30.29255172413793,0.0,57,IA,2015-12-01,Relative lifetime-PD deterioration,5.6976295377977975e-05,0.6149621330025102,0.7199548978060797,0.5867287797701305,0.027734973041799338
RM001555,2,0.6148647121603582,12114.84,0.001336642411273305,0.00036846069733971845,0.005779227208321136,0.001595682790149544,4.0,0.0,52,MN,2015-07-01,Relative lifetime-PD deterioration,5.0753019615641495e-05,0.6045072532438593,0.7062582242347066,0.5771071371790489,0.02
RM000100,2,0.6039483707272915,19141.64,0.0008767046228359066,0.00032018536145320993,0.0034293720747253786,0.0012534738854504957,7.0,0.0,47,MN,2015-02-01,Relative lifetime-PD deterioration,3.155154786775279e-05,0.5934126227219878,0.6967708328117654,0.5656382387058022,0.02024436486784398
RM001320,2,0.5923290577867935,13903.5,0.0009129448571200894,0.0004180967627197173,0.003874263442384618,0.001775704373707554,5.7753000000000005,0.0,51,CA,2015-06-01,Relative lifetime-PD deterioration,4.260287393726712e-05,0.5820708523179484,0.6827235184625666,0.5550165058972873,0.023230026595951733
RM000243,2,0.5913694107279872,31005.34,0.0004584959016452266,0.00017458038017001596,0.0018327226811232222,0.0006981386721081062,9.0,0.0,48,IL,2015-03-01,Relative lifetime-PD deterioration,1.907314710072482e-05,0.5809860109550214,0.6828112117067363,0.5536391955754829,0.021853477182092178
RM001753,2,0.5896776552008371,17181.43,0.00045449766496987793,0.0001405967085590422,0.0020058066722806744,0.0006208196649887254,5.0,0.0,53,WI,2015-08-01,Relative lifetime-PD deterioration,3.432063892242014e-05,0.5795951741823019,0.6785664092982839,0.5529754043912798,0.035993722855762106
RM002867,2,0.5841923730568783,12359.11,0.0009107465842149723,0.00021348737482598348,0.004318665067666649,0.0010136591909505333,4.0,0.0,57,IL,2015-12-01,Relative lifetime-PD deterioration,4.726815871505944e-05,0.5744122950931534,0.6704883287774023,0.5485414910065116,0.02331839083351219
RM001897,2,0.5763860621127528,6238.8,0.0007132764814888299,0.00035517642497227554,0.003146467974946221,0.001567744327775955,2.0,0.0,53,MO,2015-08-01,Relative lifetime-PD deterioration,9.238732802986997e-05,0.5665308802783771,0.6632734093343734,0.5405095389750895,0.06296232271241156
RM003035,2,0.5700092291197573,15075.8,0.0007733314013272822,0.0003617002805217844,0.0036680016240575597,0.001716911539945798,2.0,0.0,57,CA,2015-12-01,Relative lifetime-PD deterioration,3.780955101021221e-05,0.5604860541651533,0.6540443009874463,0.5352908158286901,0.02230817584748681
RM002240,2,0.5582401106640946,35652.87,0.0003038957258108021,0.0001318793737432204,0.0013920972267079668,0.0006043043247631052,6.0,0.0,55,MA,2015-10-01,Relative lifetime-PD deterioration,1.565764861746318e-05,0.5488011402111204,0.6414902676861629,0.5238569460686318,0.023862626649772303
RM001978,2,0.5563482546947135,15663.16,0.0008008582984248301,0.00036990745478193975,0.003532288016451779,0.0016327258200247163,3.0,0.0,53,VA,2015-08-01,Relative lifetime-PD deterioration,3.5519541056511805e-05,0.5468571810560001,0.6400332826392562,0.521791949196801,0.021710607708828118
RM000893,2,0.5555233416714443,9591.31,0.0015489282436501027,0.0003402490773482832,0.006438057465035563,0.0014169409199279448,3.0,0.0,50,MN,2015-05-01,Relative lifetime-PD deterioration,5.791944392074121e-05,0.5460313814300936,0.6392304875693299,0.5209541541934719,0.02012575449908835
RM001600,2,0.5551160851455244,6203.94,0.001792563643022005,0.0002461051480982986,0.00774460106864483,0.0010660182917777705,2.0,0.0,52,MA,2015-07-01,Relative lifetime-PD deterioration,8.9477990622979e-05,0.5455955599544889,0.6390546585554074,0.520456690806978,0.02446327370750691
RM003413,2,0.5536226377727131,19094.73,0.00041644588833338926,0.00017402246770253785,0.0020112158152798543,0.000840828094063828,5.0,0.0,58,TN,2016-01-01,Relative lifetime-PD deterioration,2.8993478188626556e-05,0.5443971635831474,0.6350339885828907,0.5199873369287283,0.03059465435364074
RM000785,2,0.5030128741988672,4157.09,0.0015857206614436797,0.00022278125098897648,0.006459214267976687,0.0009093777194425501,2.0,0.0,49,IN,2015-04-01,Relative lifetime-PD deterioration,0.00012100119896342567,0.4942383100129132,0.5803197124529859,0.47110620788486324,0.039612813596350036
RM000324,2,0.4989097749396699,11366.54,0.0009303674000262777,0.0004147938631048668,0.0036389978769181264,0.0016236268188676295,2.0,0.0,47,CA,2015-02-01,Relative lifetime-PD deterioration,4.389284469501448e-05,0.4901059169819234,0.5764310498177807,0.4669260564121671,0.02550617372697702
RM003297,2,0.4897414181860002,20021.27,0.0004913008619678127,0.0001719283712940117,0.0023315303025205347,0.0008163965420405761,7.0,0.0,57,FL,2015-12-01,Relative lifetime-PD deterioration,2.4461056575631826e-05,0.48152106828369384,0.5622609835753589,0.45978552711539133,0.022540713098823245
RM001991,2,0.4726965652036384,14870.7,0.0005346841489535385,0.00016483534092096448,0.0024038283120082493,0.000741545094353091,6.0,0.0,54,OH,2015-09-01,Relative lifetime-PD deterioration,3.178710922845854e-05,0.4646424255593978,0.543712097596515,0.4433718360346598,0.027788885957676684
RM001853,2,0.4491169049962108,4775.15,0.0009434547128721931,0.0004037122902666027,0.01816046723258924,0.00780967447770653,1.0,0.0,233,FL,2015-08-01,Relative lifetime-PD deterioration,9.405294179161091e-05,0.44457908419787834,0.4895666075635869,0.432298897213022,0.02014380896872396
RM000144,2,0.43935634584071104,6060.5,0.0013148267058592413,0.0002864487015784546,0.005248943296977671,0.0011453025831710262,2.0,0.0,48,NJ,2015-03-01,Relative lifetime-PD deterioration,7.249506572736755e-05,0.4316488151520176,0.5072438105057452,0.4113421559515672,0.029121993032788777
RM001033,2,0.43707328039649734,13323.32,0.0008855911852123304,0.00028671408384651467,0.003684792565130768,0.0011940998038898476,5.0,0.0,50,TX,2015-05-01,Relative lifetime-PD deterioration,3.280513268438327e-05,0.4296061973508557,0.502920124183312,0.4098808998166146,0.020060100511165236
RM001544,2,0.40805567022365813,18595.54,0.0004695790904595065,0.0001957066028423767,0.002033250774211126,0.0008477853688829695,7.0,0.0,52,IL,2015-07-01,Relative lifetime-PD deterioration,2.194373867194274e-05,0.4010329623440069,0.4699518749358036,0.38250315266551604,0.02270507647389728
RM001888,2,0.3896708935188696,3071.54,0.0028716593639933918,0.0007538621509159807,0.012621085537146248,0.0033252724726350325,1.284004426229508,0.0,53,MI,2015-08-01,Relative lifetime-PD deterioration,0.00012686499069485327,0.38303758874475347,0.4481778070445172,0.365506347896045,0.021749174344027906
RM000120,2,0.37650706808297696,9844.5,0.0007306114016849114,0.0001853826065978479,0.0028585138242633867,0.0007258856031198135,4.0,0.0,47,ID,2015-02-01,Relative lifetime-PD deterioration,3.8245423138095076e-05,0.36985193258078247,0.4351017451779053,0.35233373408070673,0.0280453294995765
RM003421,2,0.33642674415897966,3092.29,0.002381792832918024,0.0007408412763693451,0.011459563321959965,0.003575651945601721,1.0,0.0,58,AK,2016-01-01,Relative lifetime-PD deterioration,0.00010879534072127119,0.3308720355966426,0.3854738483155034,0.3161552465945845,0.02103603259050488
RM001035,2,0.3172914618488876,8294.35,0.0010393135701151168,0.00034362994512517075,0.004323352416860549,0.0014310126211802832,2.0,0.0,50,MN,2015-05-01,Relative lifetime-PD deterioration,3.825392729374666e-05,0.3118780915931443,0.365032525104396,0.29757495485917135,0.02
RM002425,2,0.30504755768090663,726.69,0.00719975412354807,0.0010689014067794538,0.03315819259898245,0.004978440696684294,1.0,0.0,56,OH,2015-11-01,Absolute lifetime-PD deterioration,0.000419776737922507,0.2999611281940467,0.34997135235149474,0.2864772379684505,0.027085373066194445
RM000734,2,0.2984606600544247,509.93,0.003952688920780213,0.0008430345501824382,0.035335335954002955,0.007631524352601837,1.0,0.0,109,LA,2015-04-01,Absolute lifetime-PD deterioration,0.0005852973154245185,0.29438277434196936,0.33466480184551434,0.2834456445027104,0.03854791023865521
RM003428,2,0.2708884828590664,4799.21,0.0012694241443892236,0.0002525577778706776,0.006120639738788403,0.001220105166157448,2.0,0.0,58,GA,2016-01-01,Relative lifetime-PD deterioration,5.644439040155909e-05,0.26641725561837565,0.31036314140970883,0.2545747798166988,0.020715248771553025
RM002579,2,0.26029103599866166,683.0,0.007222536702249119,0.0009412585910156355,0.033261727061783763,0.004384966484687114,1.0,0.0,56,MD,2015-11-01,Absolute lifetime-PD deterioration,0.00038109961346802587,0.25595462275409675,0.2985923274339083,0.2444578390276302,0.024403049168753403
RM001041,2,0.25446118257533124,7976.39,0.0007348293770601833,0.00032832193343782916,0.003058228631363291,0.001367297075107743,2.6238125,0.0,50,AZ,2015-05-01,Relative lifetime-PD deterioration,3.190179800327357e-05,0.25004139008239684,0.29340335916994587,0.23838805997669962,0.022228086464788587
RM000714,2,0.2087555233310986,6846.02,0.0007390907274584427,0.00028993813297875583,0.0030145168166556546,0.0011833849542224328,3.0,0.0,49,FL,2015-04-01,Relative lifetime-PD deterioration,3.0492975967218702e-05,0.20511483188828836,0.24082775162917563,0.19551934177218017,0.021590491084233797
RM001322,2,0.20533190761969355,1743.4,0.0023844682178908345,0.0003994359245104495,0.010094793309060157,0.001696501123547245,2.130822222222222,0.0,51,IL,2015-06-01,Relative lifetime-PD deterioration,0.00011777670507037602,0.20178605562708626,0.23658714957148927,0.19242804428306245,0.02483291675296086
RM000340,2,0.19085273827033045,4065.08,0.0007524942343237075,0.0001581991488451518,0.0030065811559299993,0.0006326464493928707,1.0,0.0,48,UT,2015-03-01,Relative lifetime-PD deterioration,4.6949319145091966e-05,0.18750419100347054,0.22034474215037983,0.17868314897490153,0.03303609183520737
RM000701,2,0.1821021597857838,14289.51,0.0002544792507432029,0.00010807759129877031,0.0010387160080036484,0.00044124330461248196,2.0,0.0,49,TN,2015-04-01,Relative lifetime-PD deterioration,1.27437651666001e-05,0.17892393883772256,0.21009853464206463,0.17054854544946801,0.025975162386036862
RM003123,2,0.14764218603924048,1168.37,0.0020259881783350835,0.00033251632860208487,0.009754324067064113,0.0016061382951191305,1.0,0.0,58,NJ,2016-01-01,Relative lifetime-PD deterioration,0.0001263659508881951,0.14518951675004838,0.169293310712781,0.13869507463609837,0.027746742073989594
RM002463,3,12983.663766589627,205696.79,0.5,0.0010199083262069186,0.9999986513008476,0.0197016955494701,48.0,210.0,234,OK,2015-09-01,Current default/credit-impaired,0.06312040050109496,12983.663766589627,12983.663766589627,12983.663766589627,0.06312040050109496
RM002310,3,7924.534807958276,127377.24,0.5,0.0015006885623842922,0.9999987269975146,0.02898227639227291,85.2171676056338,840.0,235,SD,2015-10-01,Current default/credit-impaired,0.06221311443047656,7864.07305661359,8416.468144595987,7732.192180562095,0.06283889068871767
RM002510,3,3665.5929131830217,38699.43,0.5,0.0015330364587268015,0.9999986513008476,0.029474060591151652,76.60907571428571,120.0,234,PA,2015-09-01,Current default/credit-impaired,0.09471955822561266,3276.851479013938,5572.436672167576,3276.851479013938,0.10444718548563851
RM001284,3,2412.8794203614525,53714.86,0.5,0.0004252458606363292,0.999998300745548,0.008119139434785039,18.0,300.0,230,NJ,2015-05-01,Current default/credit-impaired,0.044920147243452786,2412.8794203614525,2412.8794203614525,2412.8794203614525,0.044920147243452786
RM002330,3,1487.4861145703471,398150.45,0.5,0.0019265753900692994,0.9999987269975146,0.037060947570312974,38.0,300.0,235,NY,2015-10-01,Current default/credit-impaired,0.003735990037359865,1487.4861145703471,1487.4861145703471,1487.4861145703471,0.003735990037359865
RM001688,3,1015.740428007499,376058.36,0.5,0.0018351744413048618,0.9999999999653895,0.06183637058522551,54.0,270.0,417,FL,2015-07-01,Current default/credit-impaired,0.0027010180760440984,1015.7404280074988,1015.7404280074988,1015.7404280074988,0.002701018076044099
RM002495,3,964.6216969760135,403589.33,0.5,0.0025969000502987913,0.9999999999845828,0.08916481309817081,54.0,330.0,431,TX,2015-09-01,Current default/credit-impaired,0.002390107035228145,964.6216969760135,964.6216969760135,964.6216969760135,0.002390107035228145
RM000295,3,654.4300809716515,191034.09,0.5,0.0011863342486291848,0.9999980926513672,0.022301297438548806,21.0,90.0,228,IL,2015-03-01,Current default/credit-impaired,0.0034257240734973087,654.4300809716515,654.4300809716515,654.4300809716515,0.0034257240734973087
RM003301,3,631.165727329324,160083.56,0.5,0.002733325862725462,0.9999999999985563,0.10206537734186194,41.0,90.0,472,NM,2015-12-01,Current default/credit-impaired,0.003942726706785657,631.165727329324,631.165727329324,631.165727329324,0.003942726706785657
RM000216,3,627.1985091602328,61237.86,0.5,0.0008434759904221778,0.9999980926513672,0.015904965102049307,16.0,90.0,228,WA,2015-03-01,Current default/credit-impaired,0.010242005667086223,627.1985091602328,627.1985091602328,627.1985091602328,0.010242005667086223
RM001090,3,614.3969475018239,84721.23,0.5,0.0010450617027736018,0.9982599634411321,0.009538954239827868,53.022810612244896,90.0,110,MN,2015-05-01,Current default/credit-impaired,0.00725198332816726,614.3969475018239,614.3969475018239,614.3969475018239,0.00725198332816726
RM002976,3,416.59530120482674,143249.27,0.5,0.0013502855021981874,0.962837277656165,0.006397637716185289,21.0,390.0,57,CA,2015-12-01,Current default/credit-impaired,0.002908184461985927,416.5953012048267,416.5953012048267,416.5953012048267,0.0029081844619859264
RM002714,3,382.83334198236116,105388.55,0.5,0.0013519192346913823,0.999998798445654,0.0262549189909701,32.0,150.0,236,SC,2015-11-01,Current default/credit-impaired,0.0036325895173845847,382.83334198236116,382.83334198236116,382.83334198236116,0.0036325895173845847
RM002942,3,380.9329763387214,101963.06,0.5,0.0020219673944939375,0.9999988658837176,0.039185851929631865,69.12749830508474,1020.0,237,SC,2015-12-01,Current default/credit-impaired,0.0037359900373598186,380.93297633872135,380.93297633872135,380.93297633872135,0.0037359900373598177
RM000052,3,368.91057083549094,101555.81,0.5,0.002247066419240798,0.9999979792345155,0.041662087460804464,35.0,120.0,227,SC,2015-02-01,Current default/credit-impaired,0.0036325895173844897,368.91057083549094,368.91057083549094,368.91057083549094,0.0036325895173844897
RM001924,3,325.72056466681533,92293.88,0.5,0.0014429379700819061,0.9999985711030227,0.02764788168411758,36.0,120.0,233,CA,2015-08-01,Current default/credit-impaired,0.00352916753165882,325.72056466681533,325.72056466681533,325.72056466681533,0.0035291675316588196
RM002079,3,241.72837433821405,70562.71,0.5,0.0014029251595425217,0.9999999999951439,0.05139578701363123,53.95971941176471,270.0,451,LA,2015-08-01,Current default/credit-impaired,0.003425724073497376,241.72837433821405,241.72837433821405,241.72837433821405,0.003425724073497376
RM002352,3,147.36401869158726,47303.85,0.5,0.0014533735559255267,0.9999999999890984,0.05158728586331662,54.06154285714286,240.0,437,TN,2015-10-01,Current default/credit-impaired,0.003115264797507756,147.36401869158726,147.36401869158726,147.36401869158726,0.003115264797507756
